∩╗┐18-09-2026 07:36:11||BIG|info|{"peticionID":"mu704ty0bsy486j66z7","tiempoEjecucion":"457ms","peticion":{"fechaPeticion":"2026-09-18 08:36:08,857","method":"POST","url":"https://sac.redunica.com/seguridad-ru/Bx3Nw8RtY5/01/Jm5Qv8NcK6","headers":{"Content
-Type":"application/json","Ra8Km2QwP5":"eyJhbGciOiJSUzI1NiIsInR5cCI6IkpXVCJ9.eyJpc3MiOiJaVFJtTlRKaVkyWXpaVEZtT1dSaE1XUmtPVFF6TUdRell6VTNZakkwTkdNPSIsImF1ZCI6IllUUXhZMkl5WW1VMU16RXlNMlptWWpOaE1qbGtZMkZqTnpsaFltSTNZelk9IiwianRpIjoiTXpabU56QmlORE13T1RWallqbG
lZVE01TkRCbFlUVTBaVGhtTURJMU56az0iLCJzdWIiOiJNbU0xTldZek5UVTJaVEJrT1dVek9EUTNNV1U1TkRBek56TTNNMkU0TXpBPSIsImlhdCI6MTc4OTczODU2MywiZXhwIjoxNzg5NzQyMTYzfQ.uYAT1oJOTs21BidXDTbc0qAO1uq-BKU7yyN6Z-uKqqwcZ2uaV9_QwLOucgkW9Ibcsuq6niIgxxA5dhm6RRJj3iGbr0OD_vIsEqgtHH
Aj2B2gZ9e0l2Nu8rThckr8vSMH6P6yof6YlP7MZWe_vvd3NHShkn9-z3iWcQ-EjhuvLZNYVx_wcIhDgpqfgG2CBIB-DNLPXtp2t7JqaT0G_vyP_CS_-nrHxB4VN9gIk8_oZNFX1vAXAvJYjjodh1U1ggmZMnT7dxUOpabBG8lEbz60m0fnjChUlSHPMRooQlIvu0v-xsZXGc2oMv0jFqs2i4Z4BFAmU5-rGxosCPgoWGkveA"},"body":{"Tx4
Nv7BdL1":"019f429c-d9f6-775d-b222-08bdf67c7049","Ld9Xp6QrM2":"mu704ty0bsy486j66z7"}},"resultado":{"fechaRespuesta":"2026-09-18 08:36:09,314","ok":true,"status":200,"statusText":"OK","headers":{},"data":{"Na7Xk3PmR8":"3uBYb2QJtyzfq5TzudNiXhhUC3Wm","Ws6Pk9Q
mT4":"https://internal-apigee-prod-alb01-1366664713.us-east-1.elb.amazonaws.com:8081","Qt4Lb9WsC2":1789738027430,"Vh8Jn5DyM1":3599,"Zm7Qx4LpK8":1789738569229,"Kb3Rw7NmQ5":1789741626430,"Py8Tk4VmN7":-943}}}
18-09-2026 07:36:11||BIG|info|{"peticionID":"mu704ty0bsy486j66z7","tiempoEjecucion":"1125ms","peticion":{"fechaPeticion":"2026-09-18 08:36:10,181","method":"POST","url":"https://internal-apigee-prod-alb01-1366664713.us-east-1.elb.amazonaws.com:8081/captac
ion/productos/circulo-azteca/gestion-turnos/v1/turnos/busquedas","headers":{"Authorization":"Bearer 3uBYb2QJtyzfq5TzudNiXhhUC3Wm","Content-Type":"application/json"},"body":{"idSucursal":"10043","numeroEmpleado":"38136","numeroPagina":1,"registrosPagina":2
0}},"resultado":{"fechaRespuesta":"2026-09-18 08:36:11,306","ok":true,"status":200,"statusText":"","headers":{"access-control-allow-headers":"*","access-control-allow-methods":"OPTIONS,POST,GET,PUT,PATCH,DELETE","access-control-allow-origin":"*","cf-cache
-status":"DYNAMIC","cf-ray":"a3d0bcf10b83b754-IAD","content-encoding":"gzip","content-type":"application/json; charset=UTF-8","date":"Fri, 18 Sep 2026 13:36:10 GMT","server":"cloudflare","x-amz-apigw-id":"D5artFqboAMEBQA=","x-amzn-requestid":"d5f7da63-1c9
9-4e38-aa03-f3dbb3853aab","x-amzn-trace-id":"Root=1-6aad3e4a-53cff4995321733d7fe698f4"},"data":{"mensaje":"Operaci├│n exitosa","folio":"1809202607361047471576","resultado":[],"paginacion":{"totalPaginas":0,"totalRegistrosPorPagina":20,"totalRegistros":0,"
pagina":1,"ultimaPagina":true}}}}                                                                   
18-09-2026 07:36:11||BIG|info|{"peticionID":"mu704vy07350g70gjvj","tiempoEjecucion":"160ms","peticion":{"fechaPeticion":"2026-09-18 08:36:11,451","method":"POST","url":"https://internal-apigee-prod-alb01-1366664713.us-east-1.elb.amazonaws.com:8081/captaci
on/productos/circulo-azteca/gestion-turnos/v1/turnos/busquedas","headers":{"Authorization":"Bearer 3uBYb2QJtyzfq5TzudNiXhhUC3Wm","Content-Type":"application/json"},"body":{"idSucursal":"10043","numeroEmpleado":"","numeroPagina":1,"registrosPagina":20}},"r
esultado":{"fechaRespuesta":"2026-09-18 08:36:11,611","ok":true,"status":200,"statusText":"","headers":{"access-control-allow-headers":"*","access-control-allow-methods":"OPTIONS,POST,GET,PUT,PATCH,DELETE","access-control-allow-origin":"*","cf-cache-statu
s":"DYNAMIC","cf-ray":"a3d0bcf81ce13eea-IAD","content-encoding":"gzip","content-type":"application/json; charset=UTF-8","date":"Fri, 18 Sep 2026 13:36:11 GMT","server":"cloudflare","x-amz-apigw-id":"D5ar4EjvoAMEIFQ=","x-amzn-requestid":"16511b23-8534-4187
-b03f-4d4c0b07c00b","x-amzn-trace-id":"Root=1-6aad3e4b-7ac7e2d346243d5f7cf85655"},"data":{"mensaje":"Operaci├│n exitosa","folio":"1809202607361191654835","resultado":[],"paginacion":{"totalPaginas":0,"totalRegistrosPorPagina":20,"totalRegistros":0,"pagina
":1,"ultimaPagina":true}}}}                                                                         
18-09-2026 08:05:18||BIG|info|{"peticionID":"mu716bdy0pj46qdhwayi","tiempoEjecucion":"600ms","peticion":{"fechaPeticion":"2026-09-18 09:05:17,735","method":"POST","url":"https://sac.redunica.com/seguridad-ru/Bx3Nw8RtY5/01/Jm5Qv8NcK6","headers":{"Content-T
ype":"application/json","Ra8Km2QwP5":"eyJhbGciOiJSUzI1NiIsInR5cCI6IkpXVCJ9.eyJpc3MiOiJaVFJtTlRKaVkyWXpaVEZtT1dSaE1XUmtPVFF6TUdRell6VTNZakkwTkdNPSIsImF1ZCI6IllUUXhZMkl5WW1VMU16RXlNMlptWWpOaE1qbGtZMkZqTnpsaFltSTNZelk9IiwianRpIjoiTXpabU56QmlORE13T1RWallqbGlZ
VE01TkRCbFlUVTBaVGhtTURJMU56az0iLCJzdWIiOiJNbU0xTldZek5UVTJaVEJrT1dVek9EUTNNV1U1TkRBek56TTNNMkU0TXpBPSIsImlhdCI6MTc4OTc0MDMxMywiZXhwIjoxNzg5NzQzOTEzfQ.CGMRoYjdE_Ta211I60oaVLhu3CF-bl4OUIGLf8NOtEW1Hger_7L6isksSc1rn3zEhmBF1bifPS_ZBk9haSChbx2YZN7AO7-Cl7E1dTqy
9-KroOmSPNchWF-nSkEVPucWgSzBW6iaCVf9cMaGjoQxK2wNzkhhR6puwINbuOvrYksvIRLpZ9iuoxA3N3c8qLiFwWwlOZU73wJt3iM0K9ud5dLTTUxQayODzIIrfAgsokTY0psMoOz9DQwXae_jNpjXclo8gRbvt1uGi8dczB37O288PMo0_k9YhNy0ykU9RgaeQPduPat_4xzqVg-Fja9PHNzxtQAa4iRKbS2lEWLFAA"},"body":{"Tx4Nv
7BdL1":"019f429c-d9f6-775d-b222-08bdf67c7049","Ld9Xp6QrM2":"mu716bdy0pj46qdhwayi"}},"resultado":{"fechaRespuesta":"2026-09-18 09:05:18,335","ok":true,"status":200,"statusText":"OK","headers":{},"data":{"Na7Xk3PmR8":"D5JnTMdehoUsYqAwATyiXYQgbfGG","Ws6Pk9Qm
T4":"https://internal-apigee-prod-alb01-1366664713.us-east-1.elb.amazonaws.com:8081","Qt4Lb9WsC2":1789738256742,"Vh8Jn5DyM1":3599,"Zm7Qx4LpK8":1789740318112,"Kb3Rw7NmQ5":1789741855742,"Py8Tk4VmN7":-257}}}
18-09-2026 08:05:19||BIG|info|{"peticionID":"mu716bdy0pj46qdhwayi","tiempoEjecucion":"348ms","peticion":{"fechaPeticion":"2026-09-18 09:05:18,373","method":"POST","url":"https://internal-apigee-prod-alb01-1366664713.us-east-1.elb.amazonaws.com:8081/captac
ion/productos/circulo-azteca/gestion-turnos/v1/turnos/busquedas","headers":{"Authorization":"Bearer D5JnTMdehoUsYqAwATyiXYQgbfGG","Content-Type":"application/json"},"body":{"idSucursal":"10043","numeroEmpleado":"38136","numeroPagina":1,"registrosPagina":2
0}},"resultado":{"fechaRespuesta":"2026-09-18 09:05:18,721","ok":true,"status":200,"statusText":"","headers":{"access-control-allow-headers":"*","access-control-allow-methods":"OPTIONS,POST,GET,PUT,PATCH,DELETE","access-control-allow-origin":"*","cf-cache
-status":"DYNAMIC","cf-ray":"a3d0e79f5e66d225-IAD","content-encoding":"gzip","content-type":"application/json; charset=UTF-8","date":"Fri, 18 Sep 2026 14:05:18 GMT","server":"cloudflare","x-amz-apigw-id":"D5e83E6koAMEiQQ=","x-amzn-requestid":"41c15e81-525
4-42be-a0bd-10b978623f52","x-amzn-trace-id":"Root=1-6aad451e-0727f5ed2c91e0a33222ae5d"},"data":{"mensaje":"Operaci├│n exitosa","folio":"1809202608051836656977","resultado":[],"paginacion":{"totalPaginas":0,"totalRegistrosPorPagina":20,"totalRegistros":0,"
pagina":1,"ultimaPagina":true}}}}                                                                   
18-09-2026 08:05:19||BIG|info|{"peticionID":"mu716cmizews4bb0xu","tiempoEjecucion":"133ms","peticion":{"fechaPeticion":"2026-09-18 09:05:19,365","method":"POST","url":"https://internal-apigee-prod-alb01-1366664713.us-east-1.elb.amazonaws.com:8081/captacio
n/productos/circulo-azteca/gestion-turnos/v1/turnos/busquedas","headers":{"Authorization":"Bearer D5JnTMdehoUsYqAwATyiXYQgbfGG","Content-Type":"application/json"},"body":{"idSucursal":"10043","numeroEmpleado":"","numeroPagina":1,"registrosPagina":20}},"re
sultado":{"fechaRespuesta":"2026-09-18 09:05:19,498","ok":true,"status":200,"statusText":"","headers":{"access-control-allow-headers":"*","access-control-allow-methods":"OPTIONS,POST,GET,PUT,PATCH,DELETE","access-control-allow-origin":"*","cf-cache-status
":"DYNAMIC","cf-ray":"a3d0e7a4890cf27a-IAD","content-encoding":"gzip","content-type":"application/json; charset=UTF-8","date":"Fri, 18 Sep 2026 14:05:19 GMT","server":"cloudflare","x-amz-apigw-id":"D5e8_GJqoAMEjTg=","x-amzn-requestid":"3241bc06-74c5-4553-
84ac-ae219d0c700c","x-amzn-trace-id":"Root=1-6aad451f-0ef2427b2da842c0441e2ad8"},"data":{"mensaje":"Operaci├│n exitosa","folio":"1809202608051927980168","resultado":[],"paginacion":{"totalPaginas":0,"totalRegistrosPorPagina":20,"totalRegistros":0,"pagina"
:1,"ultimaPagina":true}}}}                                                                          
18-09-2026 08:23:46||BIG|info|{"peticionID":"mu71u1hnlmrcjm41qz","tiempoEjecucion":"296ms","peticion":{"fechaPeticion":"2026-09-18 09:23:44,654","method":"POST","url":"https://sac.redunica.com/seguridad-ru/Bx3Nw8RtY5/01/Jm5Qv8NcK6","headers":{"Content-Typ
e":"application/json","Ra8Km2QwP5":"eyJhbGciOiJSUzI1NiIsInR5cCI6IkpXVCJ9.eyJpc3MiOiJaVFJtTlRKaVkyWXpaVEZtT1dSaE1XUmtPVFF6TUdRell6VTNZakkwTkdNPSIsImF1ZCI6IllUUXhZMkl5WW1VMU16RXlNMlptWWpOaE1qbGtZMkZqTnpsaFltSTNZelk9IiwianRpIjoiTXpabU56QmlORE13T1RWallqbGlZVE
01TkRCbFlUVTBaVGhtTURJMU56az0iLCJzdWIiOiJNbU0xTldZek5UVTJaVEJrT1dVek9EUTNNV1U1TkRBek56TTNNMkU0TXpBPSIsImlhdCI6MTc4OTc0MTQyMSwiZXhwIjoxNzg5NzQ1MDIxfQ.bcWaZ7SA_2ByoRXUFJ-jvHoDWGb3XB1F6ZuBbeOkMB_IL6jYy2Xs9konXgJ56DQPR8rOQUbuIPFTxvW7J3hLrJKR1ZJ4P2pu3X-_TrbZVb
TvFBgyHcjItI26hMAXle7MpkQjycwXVVEUkYa19gR5eTrZJ_qxoBxwCHAWjXydBcUbUiCpNKkSkCg26-h5p3UKXg-rfJD8mcRvJ-oBYdBJ3K0rb2z2RQPOcqex7vXUjb8QjAsTCSbU4ytLl1Lvw-P9FcfDZiK-L0d2MLD-BIU7u8osHs6Q1cUJzDjzDWy37rJzRJOGZ0XnBJje1cayYRaTn512VisKsZzS3EwMJR6vcQ"},"body":{"Tx4Nv7B
dL1":"019f429c-d9f6-775d-b222-08bdf67c7049","Ld9Xp6QrM2":"mu71u1hnlmrcjm41qz"}},"resultado":{"fechaRespuesta":"2026-09-18 09:23:44,950","ok":true,"status":200,"statusText":"OK","headers":{},"data":{"Na7Xk3PmR8":"Fn7nvLrXHAVe3zbWgIvGg7jDuh5r","Ws6Pk9QmT4":
"https://internal-apigee-prod-alb01-1366664713.us-east-1.elb.amazonaws.com:8081","Qt4Lb9WsC2":1789741248825,"Vh8Jn5DyM1":3599,"Zm7Qx4LpK8":1789741424731,"Kb3Rw7NmQ5":1789744847825,"Py8Tk4VmN7":-399}}}
18-09-2026 08:23:46||BIG|info|{"peticionID":"mu71u1hnlmrcjm41qz","tiempoEjecucion":"915ms","peticion":{"fechaPeticion":"2026-09-18 09:23:45,133","method":"POST","url":"https://internal-apigee-prod-alb01-1366664713.us-east-1.elb.amazonaws.com:8081/captacio
n/productos/circulo-azteca/gestion-turnos/v1/turnos/busquedas","headers":{"Authorization":"Bearer Fn7nvLrXHAVe3zbWgIvGg7jDuh5r","Content-Type":"application/json"},"body":{"idSucursal":"10043","numeroEmpleado":"38136","numeroPagina":1,"registrosPagina":20}
},"resultado":{"fechaRespuesta":"2026-09-18 09:23:46,048","ok":true,"status":200,"statusText":"","headers":{"access-control-allow-headers":"*","access-control-allow-methods":"OPTIONS,POST,GET,PUT,PATCH,DELETE","access-control-allow-origin":"*","cf-cache-s
tatus":"DYNAMIC","cf-ray":"a3d102a4cdd3e713-IAD","content-encoding":"gzip","content-type":"application/json; charset=UTF-8","date":"Fri, 18 Sep 2026 14:23:45 GMT","server":"cloudflare","x-amz-apigw-id":"D5hpzE6voAMEJQg=","x-amzn-requestid":"990be0dd-d2e3-
4b11-a6c8-8cfad15b2db8","x-amzn-trace-id":"Root=1-6aad4971-21b988332e53ccb27fb62667"},"data":{"mensaje":"Operaci├│n exitosa","folio":"1809202608234590847512","resultado":[],"paginacion":{"totalPaginas":0,"totalRegistrosPorPagina":20,"totalRegistros":0,"pa
gina":1,"ultimaPagina":true}}}}                                                                     
18-09-2026 08:23:46||BIG|info|{"peticionID":"mu71u2lu5e3z7xpcfz","tiempoEjecucion":"161ms","peticion":{"fechaPeticion":"2026-09-18 09:23:46,100","method":"POST","url":"https://internal-apigee-prod-alb01-1366664713.us-east-1.elb.amazonaws.com:8081/captacio
n/productos/circulo-azteca/gestion-turnos/v1/turnos/busquedas","headers":{"Authorization":"Bearer Fn7nvLrXHAVe3zbWgIvGg7jDuh5r","Content-Type":"application/json"},"body":{"idSucursal":"10043","numeroEmpleado":"","numeroPagina":1,"registrosPagina":20}},"re
sultado":{"fechaRespuesta":"2026-09-18 09:23:46,261","ok":true,"status":200,"statusText":"","headers":{"access-control-allow-headers":"*","access-control-allow-methods":"OPTIONS,POST,GET,PUT,PATCH,DELETE","access-control-allow-origin":"*","cf-cache-status
":"DYNAMIC","cf-ray":"a3d102a9cdf93744-IAD","content-encoding":"gzip","content-type":"application/json; charset=UTF-8","date":"Fri, 18 Sep 2026 14:23:46 GMT","server":"cloudflare","x-amz-apigw-id":"D5hp7HMVoAMEslA=","x-amzn-requestid":"e1169549-ecd6-40ea-
9899-ec33338cae07","x-amzn-trace-id":"Root=1-6aad4972-72512b206c5470e7294a69da"},"data":{"mensaje":"Operaci├│n exitosa","folio":"1809202608234633499066","resultado":[],"paginacion":{"totalPaginas":0,"totalRegistrosPorPagina":20,"totalRegistros":0,"pagina"
:1,"ultimaPagina":true}}}}                                                                          
18-09-2026 08:24:06||BIG|info|{"peticionID":"mu71uiap3e7k5dhyftv","tiempoEjecucion":"51ms","peticion":{"fechaPeticion":"2026-09-18 09:24:06,433","method":"POST","url":"https://sac.redunica.com/seguridad-ru/Bx3Nw8RtY5/01/Jm5Qv8NcK6","headers":{"Content-Typ
e":"application/json","Ra8Km2QwP5":"eyJhbGciOiJSUzI1NiIsInR5cCI6IkpXVCJ9.eyJpc3MiOiJaVFJtTlRKaVkyWXpaVEZtT1dSaE1XUmtPVFF6TUdRell6VTNZakkwTkdNPSIsImF1ZCI6IllUUXhZMkl5WW1VMU16RXlNMlptWWpOaE1qbGtZMkZqTnpsaFltSTNZelk9IiwianRpIjoiTXpabU56QmlORE13T1RWallqbGlZVE
01TkRCbFlUVTBaVGhtTURJMU56az0iLCJzdWIiOiJNbU0xTldZek5UVTJaVEJrT1dVek9EUTNNV1U1TkRBek56TTNNMkU0TXpBPSIsImlhdCI6MTc4OTc0MTQyMSwiZXhwIjoxNzg5NzQ1MDIxfQ.bcWaZ7SA_2ByoRXUFJ-jvHoDWGb3XB1F6ZuBbeOkMB_IL6jYy2Xs9konXgJ56DQPR8rOQUbuIPFTxvW7J3hLrJKR1ZJ4P2pu3X-_TrbZVb
TvFBgyHcjItI26hMAXle7MpkQjycwXVVEUkYa19gR5eTrZJ_qxoBxwCHAWjXydBcUbUiCpNKkSkCg26-h5p3UKXg-rfJD8mcRvJ-oBYdBJ3K0rb2z2RQPOcqex7vXUjb8QjAsTCSbU4ytLl1Lvw-P9FcfDZiK-L0d2MLD-BIU7u8osHs6Q1cUJzDjzDWy37rJzRJOGZ0XnBJje1cayYRaTn512VisKsZzS3EwMJR6vcQ"},"body":{"Tx4Nv7B
dL1":"019f429c-d9f3-72a9-aa44-b076bc04a026","Ld9Xp6QrM2":"mu71uiap3e7k5dhyftv"}},"resultado":{"fechaRespuesta":"2026-09-18 09:24:06,484","ok":true,"status":200,"statusText":"OK","headers":{},"data":{"Na7Xk3PmR8":"gGAvqVT5atC1sd2WXt2BkZXvKpR9","Ws6Pk9QmT4"
:"https://prod-api.bancoazteca.com:8080","Qt4Lb9WsC2":1789738495435,"Vh8Jn5DyM1":3599,"Zm7Qx4LpK8":1789741446497,"Kb3Rw7NmQ5":1789742094435,"Py8Tk4VmN7":9}}}
18-09-2026 08:24:06||BIG|info|{"peticionID":"mu71uiap3e7k5dhyftv","tiempoEjecucion":"86ms","peticion":{"fechaPeticion":"2026-09-18 09:24:06,489","method":"POST","url":"https://prod-api.bancoazteca.com:8080/identidad-digital/cliente-unico/clientes/gestion-
productos/v1/big/productos/busquedas","headers":{"Authorization":"Bearer gGAvqVT5atC1sd2WXt2BkZXvKpR9","Content-Type":"application/json"},"body":{"clienteUnico":{"idPais":1,"idCanal":47,"idSucursal":1418,"folio":70}}},"resultado":{"fechaRespuesta":"2026-0
9-18 09:24:06,575","ok":true,"status":200,"statusText":"OK","headers":{"access-control-allow-credentials":"true","access-control-allow-headers":"origin, content-type, accept, authorization","access-control-allow-methods":"GET, POST, PUT, DELETE, OPTIONS, 
HEAD","access-control-allow-origin":"*","connection":"keep-alive","content-type":"application/json","date":"Fri, 18 Sep 2026 14:24:06 GMT","transfer-encoding":"chunked"},"data":{"mensaje":"Operaci├│n Exitosa","folio":"qroapiroumessprod11-2192507-570439435
-12-x52-26-9-18-8-24-6-558","resultado":{"productosCaptacion":[{"sucursalGestora":"2784","numeroCuenta":"1749244412","tipoProducto":"17","tipoSubProducto":"0002"},{"sucursalGestora":"4624","numeroCuenta":"1347062980","tipoProducto":"13","tipoSubProducto":
"0017"},{"sucursalGestora":"4624","numeroCuenta":"1372057944","tipoProducto":"13","tipoSubProducto":"0017"},{"sucursalGestora":"2784","numeroCuenta":"1341402610","tipoProducto":"13","tipoSubProducto":"0017"},{"sucursalGestora":"4624","numeroCuenta":"13039
98767","tipoProducto":"13","tipoSubProducto":"0017"},{"sucursalGestora":"4624","numeroCuenta":"1390655587","tipoProducto":"13","tipoSubProducto":"0017"}]}}}}
18-09-2026 08:59:43||BIG|info|{"peticionID":"mu734afoma4x45kjwi","tiempoEjecucion":"237ms","peticion":{"fechaPeticion":"2026-09-18 09:59:42,420","method":"POST","url":"https://sac.redunica.com/seguridad-ru/Bx3Nw8RtY5/01/Jm5Qv8NcK6","headers":{"Content-Typ
e":"application/json","Ra8Km2QwP5":"eyJhbGciOiJSUzI1NiIsInR5cCI6IkpXVCJ9.eyJpc3MiOiJaVFJtTlRKaVkyWXpaVEZtT1dSaE1XUmtPVFF6TUdRell6VTNZakkwTkdNPSIsImF1ZCI6IllUUXhZMkl5WW1VMU16RXlNMlptWWpOaE1qbGtZMkZqTnpsaFltSTNZelk9IiwianRpIjoiTXpabU56QmlORE13T1RWallqbGlZVE
01TkRCbFlUVTBaVGhtTURJMU56az0iLCJzdWIiOiJNbU0xTldZek5UVTJaVEJrT1dVek9EUTNNV1U1TkRBek56TTNNMkU0TXpBPSIsImlhdCI6MTc4OTc0MzU3OSwiZXhwIjoxNzg5NzQ3MTc5fQ.KJNaWhig6MmdyMdJT72tUH3uiBcYmtliiE1XghIfRCozshFuewfej00i3TQrIdhkyJ8OwS8oHyJZ1aPhf4kQKCaOjyN8Y_5AHOQVWQ9-Rf
ScWGGLd4x3Zcy3dfkWcfo01k9F5Y0x5GMAtYANo204Qmkaj6Fq8SsdLCQ1VcYwP8t1_ktnZx7KqcTVR7q4NMb-ATN04cUZAc741EWo_IyFheoLhow658hmYHxxpZBO8MyfjA_zeDmCpm2TrUaONmzsgGbiUHTgtXRiZSq5UVhDWAXySWzeJZMLAoUEmX2ZcXz2SELMtYERTW6q0_8NYrytM0Z5yjncOqStPWnjHX3caQ"},"body":{"Tx4Nv7B
dL1":"019f429c-d9f6-775d-b222-08bdf67c7049","Ld9Xp6QrM2":"mu734afoma4x45kjwi"}},"resultado":{"fechaRespuesta":"2026-09-18 09:59:42,657","ok":true,"status":200,"statusText":"OK","headers":{},"data":{"Na7Xk3PmR8":"5STRV07AUqSKRroiP93FxDN7tGl6","Ws6Pk9QmT4":
"https://internal-apigee-prod-alb01-1366664713.us-east-1.elb.amazonaws.com:8081","Qt4Lb9WsC2":1789742720264,"Vh8Jn5DyM1":3599,"Zm7Qx4LpK8":1789743582526,"Kb3Rw7NmQ5":1789746319264,"Py8Tk4VmN7":-917}}}
18-09-2026 08:59:43||BIG|info|{"peticionID":"mu734afoma4x45kjwi","tiempoEjecucion":"443ms","peticion":{"fechaPeticion":"2026-09-18 09:59:43,447","method":"POST","url":"https://internal-apigee-prod-alb01-1366664713.us-east-1.elb.amazonaws.com:8081/captacio
n/productos/circulo-azteca/gestion-turnos/v1/turnos/busquedas","headers":{"Authorization":"Bearer 5STRV07AUqSKRroiP93FxDN7tGl6","Content-Type":"application/json"},"body":{"idSucursal":"10043","numeroEmpleado":"38136","numeroPagina":1,"registrosPagina":20}
},"resultado":{"fechaRespuesta":"2026-09-18 09:59:43,890","ok":true,"status":200,"statusText":"","headers":{"access-control-allow-headers":"*","access-control-allow-methods":"OPTIONS,POST,GET,PUT,PATCH,DELETE","access-control-allow-origin":"*","cf-cache-s
tatus":"DYNAMIC","cf-ray":"a3d13756989e9c67-IAD","content-encoding":"gzip","content-type":"application/json; charset=UTF-8","date":"Fri, 18 Sep 2026 14:59:43 GMT","server":"cloudflare","x-amz-apigw-id":"D5m7CFCIoAMEaEw=","x-amzn-requestid":"8494b43c-7bbe-
4f71-ba5d-964b9f11f47b","x-amzn-trace-id":"Root=1-6aad51df-29a60b09326ec24e6771d7cd"},"data":{"mensaje":"Operaci├│n exitosa","folio":"1809202608594318999476","resultado":[],"paginacion":{"totalPaginas":0,"totalRegistrosPorPagina":20,"totalRegistros":0,"pa
gina":1,"ultimaPagina":true}}}}                                                                     
18-09-2026 08:59:44||BIG|info|{"peticionID":"mu734bl1ntdeyg3ss28","tiempoEjecucion":"155ms","peticion":{"fechaPeticion":"2026-09-18 09:59:43,913","method":"POST","url":"https://internal-apigee-prod-alb01-1366664713.us-east-1.elb.amazonaws.com:8081/captaci
on/productos/circulo-azteca/gestion-turnos/v1/turnos/busquedas","headers":{"Authorization":"Bearer 5STRV07AUqSKRroiP93FxDN7tGl6","Content-Type":"application/json"},"body":{"idSucursal":"10043","numeroEmpleado":"","numeroPagina":1,"registrosPagina":20}},"r
esultado":{"fechaRespuesta":"2026-09-18 09:59:44,068","ok":true,"status":200,"statusText":"","headers":{"access-control-allow-headers":"*","access-control-allow-methods":"OPTIONS,POST,GET,PUT,PATCH,DELETE","access-control-allow-origin":"*","cf-cache-statu
s":"DYNAMIC","cf-ray":"a3d137585f2c1e81-IAD","content-encoding":"gzip","content-type":"application/json; charset=UTF-8","date":"Fri, 18 Sep 2026 14:59:44 GMT","server":"cloudflare","x-amz-apigw-id":"D5m7FHZiIAMEu8g=","x-amzn-requestid":"ef9b1b15-146b-4b91
-a0f8-877633776b9b","x-amzn-trace-id":"Root=1-6aad51e0-717f4fe126b384ef0f44fc5e"},"data":{"mensaje":"Operaci├│n exitosa","folio":"1809202608594430988701","resultado":[],"paginacion":{"totalPaginas":0,"totalRegistrosPorPagina":20,"totalRegistros":0,"pagina
":1,"ultimaPagina":true}}}}                                                                         
18-09-2026 10:06:23||BIG|info|{"peticionID":"mu75i0t6tixnvvor9xh","tiempoEjecucion":"186ms","peticion":{"fechaPeticion":"2026-09-18 11:06:22,363","method":"POST","url":"https://sac.redunica.com/seguridad-ru/Bx3Nw8RtY5/01/Jm5Qv8NcK6","headers":{"Content-Ty
pe":"application/json","Ra8Km2QwP5":"eyJhbGciOiJSUzI1NiIsInR5cCI6IkpXVCJ9.eyJpc3MiOiJaVFJtTlRKaVkyWXpaVEZtT1dSaE1XUmtPVFF6TUdRell6VTNZakkwTkdNPSIsImF1ZCI6IllUUXhZMkl5WW1VMU16RXlNMlptWWpOaE1qbGtZMkZqTnpsaFltSTNZelk9IiwianRpIjoiTXpabU56QmlORE13T1RWallqbGlZV
E01TkRCbFlUVTBaVGhtTURJMU56az0iLCJzdWIiOiJNbU0xTldZek5UVTJaVEJrT1dVek9EUTNNV1U1TkRBek56TTNNMkU0TXpBPSIsImlhdCI6MTc4OTc0NzU3OSwiZXhwIjoxNzg5NzUxMTc5fQ.CnqYEatmF7tQrth4bTM5SuahCia0wFNZS5uVZt73N6sTxYDvy1lywLRaH44Lo_EcwRxKI2Oj3n7SNrnXuxDVjdAVrqKfK7ZVdimUcrCwH
T7hN119wsPvzUYXEGKZgR-w6O7gy9xwFK8JcrIPZrZCyCOs16Lpeu4plSF1zJTLLGSCavFL0SUMmiQRKV7YUIk-Kw3fnZUucxuIMdJ5iwxR8KIaHa8VbFixFsMVyYZM8qU9f1CNvE7m2TmtJ8FqeKLijerJOlknTqNLznyHlrdC12-UnWXX_QYd99eFOB3LRYSBOxjZvIRTY8XJR4QTj6a9WvZRKsfvIMHT5WkHE5eQKw"},"body":{"Tx4Nv7
BdL1":"019f429c-d9f6-775d-b222-08bdf67c7049","Ld9Xp6QrM2":"mu75i0t6tixnvvor9xh"}},"resultado":{"fechaRespuesta":"2026-09-18 11:06:22,549","ok":true,"status":200,"statusText":"OK","headers":{},"data":{"Na7Xk3PmR8":"MyK8SKB4Yuzr6W5pjZz6kvRDn8tk","Ws6Pk9QmT4
":"https://internal-apigee-prod-alb01-1366664713.us-east-1.elb.amazonaws.com:8081","Qt4Lb9WsC2":1789744960014,"Vh8Jn5DyM1":3599,"Zm7Qx4LpK8":1789747582541,"Kb3Rw7NmQ5":1789748559014,"Py8Tk4VmN7":-710}}}
18-09-2026 10:06:23||BIG|info|{"peticionID":"mu75i0t6tixnvvor9xh","tiempoEjecucion":"337ms","peticion":{"fechaPeticion":"2026-09-18 11:06:23,254","method":"POST","url":"https://internal-apigee-prod-alb01-1366664713.us-east-1.elb.amazonaws.com:8081/captaci
on/productos/circulo-azteca/gestion-turnos/v1/turnos/busquedas","headers":{"Authorization":"Bearer MyK8SKB4Yuzr6W5pjZz6kvRDn8tk","Content-Type":"application/json"},"body":{"idSucursal":"10043","numeroEmpleado":"38136","numeroPagina":1,"registrosPagina":20
}},"resultado":{"fechaRespuesta":"2026-09-18 11:06:23,591","ok":true,"status":200,"statusText":"","headers":{"access-control-allow-headers":"*","access-control-allow-methods":"OPTIONS,POST,GET,PUT,PATCH,DELETE","access-control-allow-origin":"*","cf-cache-
status":"DYNAMIC","cf-ray":"a3d198fdab283529-IAD","content-encoding":"gzip","content-type":"application/json; charset=UTF-8","date":"Fri, 18 Sep 2026 16:06:23 GMT","server":"cloudflare","x-amz-apigw-id":"D5wsBGRBIAMEKzg=","x-amzn-requestid":"a70f660a-9aaa
-41d6-9fa0-09d4ff878bac","x-amzn-trace-id":"Root=1-6aad617f-1cb396bc14fe05500116b50e"},"data":{"mensaje":"Operaci├│n exitosa","folio":"1809202610062342362334","resultado":[],"paginacion":{"totalPaginas":0,"totalRegistrosPorPagina":20,"totalRegistros":0,"p
agina":1,"ultimaPagina":true}}}}                                                                    
18-09-2026 10:06:23||BIG|info|{"peticionID":"mu75i1roamt9rg5n9ep","tiempoEjecucion":"125ms","peticion":{"fechaPeticion":"2026-09-18 11:06:23,606","method":"POST","url":"https://internal-apigee-prod-alb01-1366664713.us-east-1.elb.amazonaws.com:8081/captaci
on/productos/circulo-azteca/gestion-turnos/v1/turnos/busquedas","headers":{"Authorization":"Bearer MyK8SKB4Yuzr6W5pjZz6kvRDn8tk","Content-Type":"application/json"},"body":{"idSucursal":"10043","numeroEmpleado":"","numeroPagina":1,"registrosPagina":20}},"r
esultado":{"fechaRespuesta":"2026-09-18 11:06:23,731","ok":true,"status":200,"statusText":"","headers":{"access-control-allow-headers":"*","access-control-allow-methods":"OPTIONS,POST,GET,PUT,PATCH,DELETE","access-control-allow-origin":"*","cf-cache-statu
s":"DYNAMIC","cf-ray":"a3d198fed95af322-IAD","content-encoding":"gzip","content-type":"application/json; charset=UTF-8","date":"Fri, 18 Sep 2026 16:06:23 GMT","server":"cloudflare","x-amz-apigw-id":"D5wsDFTwoAMEtxw=","x-amzn-requestid":"97fd368d-1ab8-47a8
-a2fe-37f587e32a4f","x-amzn-trace-id":"Root=1-6aad617f-0f826b4a7119da016c0cfaa2"},"data":{"mensaje":"Operaci├│n exitosa","folio":"1809202610062356695193","resultado":[],"paginacion":{"totalPaginas":0,"totalRegistrosPorPagina":20,"totalRegistros":0,"pagina
":1,"ultimaPagina":true}}}}                                                                         
18-09-2026 10:21:22||BIG|info|{"peticionID":"mu761aro2bcygfxfml4","tiempoEjecucion":"66ms","peticion":{"fechaPeticion":"2026-09-18 11:21:21,733","method":"POST","url":"https://sac.redunica.com/seguridad-ru/Bx3Nw8RtY5/01/Jm5Qv8NcK6","headers":{"Content-Typ
e":"application/json","Ra8Km2QwP5":"eyJhbGciOiJSUzI1NiIsInR5cCI6IkpXVCJ9.eyJpc3MiOiJaVFJtTlRKaVkyWXpaVEZtT1dSaE1XUmtPVFF6TUdRell6VTNZakkwTkdNPSIsImF1ZCI6IllUUXhZMkl5WW1VMU16RXlNMlptWWpOaE1qbGtZMkZqTnpsaFltSTNZelk9IiwianRpIjoiTXpabU56QmlORE13T1RWallqbGlZVE
01TkRCbFlUVTBaVGhtTURJMU56az0iLCJzdWIiOiJNbU0xTldZek5UVTJaVEJrT1dVek9EUTNNV1U1TkRBek56TTNNMkU0TXpBPSIsImlhdCI6MTc4OTc0ODQ3OSwiZXhwIjoxNzg5NzUyMDc5fQ.H4WSyxHLQbPq4bYtNOqqPBYmV-ECyMMfMy-zsF4NikWwYulG5C2USiEBz17bGtgs-AevfdVCX-UEsc-4nwKMqGGicHS0ofKYxzODN70Nb4
joGube3UtAXwSuM7xqvGyvKHHtsOBVaBZqGT9KqzjuHrEDL1UDVXf1GxRBn5tgsJWG1I7P2TEih8GtsSvXkDKd2O7SWkiVqVoSPDaaN2a_s_8-BkYVR16CoJ_Ta1pySOd05faHsrhuImB0R88WceBinTOQURJq8sUT_Fx37jmPEyrkfy1n50r-vImzrZC-5OyfaSRttVqvok6OZOq73i9x0NxiHhNGN4g4UGfglk0p2g"},"body":{"Tx4Nv7B
dL1":"019f429c-d9f6-775d-b222-08bdf67c7049","Ld9Xp6QrM2":"mu761aro2bcygfxfml4"}},"resultado":{"fechaRespuesta":"2026-09-18 11:21:21,799","ok":true,"status":200,"statusText":"OK","headers":{},"data":{"Na7Xk3PmR8":"GhkabSsn4sY8iJ1rdXeH2SgazZ3I","Ws6Pk9QmT4"
:"https://internal-apigee-prod-alb01-1366664713.us-east-1.elb.amazonaws.com:8081","Qt4Lb9WsC2":1789747969807,"Vh8Jn5DyM1":3599,"Zm7Qx4LpK8":1789748481929,"Kb3Rw7NmQ5":1789751568807,"Py8Tk4VmN7":-173}}}
18-09-2026 10:21:23||BIG|info|{"peticionID":"mu761aro2bcygfxfml4","tiempoEjecucion":"954ms","peticion":{"fechaPeticion":"2026-09-18 11:21:22,108","method":"POST","url":"https://internal-apigee-prod-alb01-1366664713.us-east-1.elb.amazonaws.com:8081/captaci
on/productos/circulo-azteca/gestion-turnos/v1/turnos/busquedas","headers":{"Authorization":"Bearer GhkabSsn4sY8iJ1rdXeH2SgazZ3I","Content-Type":"application/json"},"body":{"idSucursal":"10043","numeroEmpleado":"38136","numeroPagina":1,"registrosPagina":20
}},"resultado":{"fechaRespuesta":"2026-09-18 11:21:23,062","ok":true,"status":200,"statusText":"","headers":{"access-control-allow-headers":"*","access-control-allow-methods":"OPTIONS,POST,GET,PUT,PATCH,DELETE","access-control-allow-origin":"*","cf-cache-
status":"DYNAMIC","cf-ray":"a3d1aeefa8b2432f-IAD","content-encoding":"gzip","content-type":"application/json; charset=UTF-8","date":"Fri, 18 Sep 2026 16:21:22 GMT","server":"cloudflare","x-amz-apigw-id":"D5y4eFYwIAMEcYA=","x-amzn-requestid":"0c5860ce-7068
-4bc0-8007-ece903f4a9f6","x-amzn-trace-id":"Root=1-6aad6502-109f8bae4f449f39101feb8f"},"data":{"mensaje":"Operaci├│n exitosa","folio":"1809202610212257876161","resultado":[],"paginacion":{"totalPaginas":0,"totalRegistrosPorPagina":20,"totalRegistros":0,"p
agina":1,"ultimaPagina":true}}}}                                                                    
18-09-2026 10:21:23||BIG|info|{"peticionID":"mu761but6zoueipo38c","tiempoEjecucion":"144ms","peticion":{"fechaPeticion":"2026-09-18 11:21:23,142","method":"POST","url":"https://internal-apigee-prod-alb01-1366664713.us-east-1.elb.amazonaws.com:8081/captaci
on/productos/circulo-azteca/gestion-turnos/v1/turnos/busquedas","headers":{"Authorization":"Bearer GhkabSsn4sY8iJ1rdXeH2SgazZ3I","Content-Type":"application/json"},"body":{"idSucursal":"10043","numeroEmpleado":"","numeroPagina":1,"registrosPagina":20}},"r
esultado":{"fechaRespuesta":"2026-09-18 11:21:23,286","ok":true,"status":200,"statusText":"","headers":{"access-control-allow-headers":"*","access-control-allow-methods":"OPTIONS,POST,GET,PUT,PATCH,DELETE","access-control-allow-origin":"*","cf-cache-statu
s":"DYNAMIC","cf-ray":"a3d1aef50f0a2d12-IAD","content-encoding":"gzip","content-type":"application/json; charset=UTF-8","date":"Fri, 18 Sep 2026 16:21:23 GMT","server":"cloudflare","x-amz-apigw-id":"D5y4mG9koAMEE9Q=","x-amzn-requestid":"1ed72aea-4d06-48a6
-98a0-c8b41f662a56","x-amzn-trace-id":"Root=1-6aad6503-41453c6f43ec8984589038b0"},"data":{"mensaje":"Operaci├│n exitosa","folio":"1809202610212365426283","resultado":[],"paginacion":{"totalPaginas":0,"totalRegistrosPorPagina":20,"totalRegistros":0,"pagina
":1,"ultimaPagina":true}}}}                                                                         
18-09-2026 10:44:30||BIG|info|{"peticionID":"mu76v26a5spemvr70xx","tiempoEjecucion":"70ms","peticion":{"fechaPeticion":"2026-09-18 11:44:30,274","method":"POST","url":"https://sac.redunica.com/seguridad-ru/Bx3Nw8RtY5/01/Jm5Qv8NcK6","headers":{"Content-Typ
e":"application/json","Ra8Km2QwP5":"eyJhbGciOiJSUzI1NiIsInR5cCI6IkpXVCJ9.eyJpc3MiOiJaVFJtTlRKaVkyWXpaVEZtT1dSaE1XUmtPVFF6TUdRell6VTNZakkwTkdNPSIsImF1ZCI6IllUUXhZMkl5WW1VMU16RXlNMlptWWpOaE1qbGtZMkZqTnpsaFltSTNZelk9IiwianRpIjoiTXpabU56QmlORE13T1RWallqbGlZVE
01TkRCbFlUVTBaVGhtTURJMU56az0iLCJzdWIiOiJNbU0xTldZek5UVTJaVEJrT1dVek9EUTNNV1U1TkRBek56TTNNMkU0TXpBPSIsImlhdCI6MTc4OTc0ODQ3OSwiZXhwIjoxNzg5NzUyMDc5fQ.H4WSyxHLQbPq4bYtNOqqPBYmV-ECyMMfMy-zsF4NikWwYulG5C2USiEBz17bGtgs-AevfdVCX-UEsc-4nwKMqGGicHS0ofKYxzODN70Nb4
joGube3UtAXwSuM7xqvGyvKHHtsOBVaBZqGT9KqzjuHrEDL1UDVXf1GxRBn5tgsJWG1I7P2TEih8GtsSvXkDKd2O7SWkiVqVoSPDaaN2a_s_8-BkYVR16CoJ_Ta1pySOd05faHsrhuImB0R88WceBinTOQURJq8sUT_Fx37jmPEyrkfy1n50r-vImzrZC-5OyfaSRttVqvok6OZOq73i9x0NxiHhNGN4g4UGfglk0p2g"},"body":{"Tx4Nv7B
dL1":"019f429c-d9f3-72a9-aa44-b076bc04a026","Ld9Xp6QrM2":"mu76v26a5spemvr70xx"}},"resultado":{"fechaRespuesta":"2026-09-18 11:44:30,344","ok":true,"status":200,"statusText":"OK","headers":{},"data":{"Na7Xk3PmR8":"xKAYlf1JoCD0fmbvUZYjJF5doye0","Ws6Pk9QmT4"
:"https://prod-api.bancoazteca.com:8080","Qt4Lb9WsC2":1789749421125,"Vh8Jn5DyM1":3599,"Zm7Qx4LpK8":1789749870505,"Kb3Rw7NmQ5":1789753020125,"Py8Tk4VmN7":158}}}
18-09-2026 10:44:30||BIG|info|{"peticionID":"mu76v26a5spemvr70xx","tiempoEjecucion":"85ms","peticion":{"fechaPeticion":"2026-09-18 11:44:30,349","method":"POST","url":"https://prod-api.bancoazteca.com:8080/identidad-digital/cliente-unico/clientes/gestion-
productos/v1/big/productos/busquedas","headers":{"Authorization":"Bearer xKAYlf1JoCD0fmbvUZYjJF5doye0","Content-Type":"application/json"},"body":{"clienteUnico":{"idPais":1,"idCanal":1,"idSucursal":2163,"folio":51236}}},"resultado":{"fechaRespuesta":"2026
-09-18 11:44:30,434","ok":true,"status":200,"statusText":"OK","headers":{"access-control-allow-credentials":"true","access-control-allow-headers":"origin, content-type, accept, authorization","access-control-allow-methods":"GET, POST, PUT, DELETE, OPTIONS
, HEAD","access-control-allow-origin":"*","connection":"keep-alive","content-type":"application/json","date":"Fri, 18 Sep 2026 16:44:30 GMT","transfer-encoding":"chunked"},"data":{"mensaje":"Operaci├│n Exitosa","folio":"qroapiroumessprod02-1793850-6669433
56-28-x51-26-9-18-10-44-30-568","resultado":{"productosCaptacion":[{"sucursalGestora":"1156","numeroCuenta":"1211094867","tipoProducto":"12","tipoSubProducto":"0001"},{"sucursalGestora":"2163","numeroCuenta":"0122675517","tipoProducto":"01","tipoSubProduc
to":"0010"}]}}}}                                                                                    
18-09-2026 10:55:27||BIG|info|{"peticionID":"mu7794piepwr5tb9x28","tiempoEjecucion":"244ms","peticion":{"fechaPeticion":"2026-09-18 11:55:26,743","method":"POST","url":"https://sac.redunica.com/seguridad-ru/Bx3Nw8RtY5/01/Jm5Qv8NcK6","headers":{"Content-Ty
pe":"application/json","Ra8Km2QwP5":"eyJhbGciOiJSUzI1NiIsInR5cCI6IkpXVCJ9.eyJpc3MiOiJaVFJtTlRKaVkyWXpaVEZtT1dSaE1XUmtPVFF6TUdRell6VTNZakkwTkdNPSIsImF1ZCI6IllUUXhZMkl5WW1VMU16RXlNMlptWWpOaE1qbGtZMkZqTnpsaFltSTNZelk9IiwianRpIjoiTXpabU56QmlORE13T1RWallqbGlZV
E01TkRCbFlUVTBaVGhtTURJMU56az0iLCJzdWIiOiJNbU0xTldZek5UVTJaVEJrT1dVek9EUTNNV1U1TkRBek56TTNNMkU0TXpBPSIsImlhdCI6MTc4OTc1MDUyMSwiZXhwIjoxNzg5NzU0MTIxfQ.a_o81MDrWAPyvx-61PsJZICr9eU5FNE4P0OMz9T_61SU9CLKMeG71tLi8WBESHf7KipYZGxDlNA10ihu-ZiyhBO3-uENcCfsp_O8ZqKl0
vcOrz7I20vbjG4lMvyFqVGShvianonu2NtN9jwfIPgn880jQ9T1-VT0c6eJo75rdTUPfDhzvQ7cY1bj8ff640gqszah4wyTRBX8a3LPK50uiBt1lAqgKdKQtsLv7Boj3vG9xNKj_c-Qb1OHYi1To1cBpVqQKYhIg8lnAHb2RZAOouNZDweHPuWE8zpVyaP7aeS9Qy1EuSuVXkCdJpfqNOmSCjP01zr2n5JQo_WC9FHuBQ"},"body":{"Tx4Nv7
BdL1":"019f429c-d9f6-775d-b222-08bdf67c7049","Ld9Xp6QrM2":"mu7794piepwr5tb9x28"}},"resultado":{"fechaRespuesta":"2026-09-18 11:55:26,987","ok":true,"status":200,"statusText":"OK","headers":{},"data":{"Na7Xk3PmR8":"6zIxqcDn8TPxWlCYdBu7GjkhkUYL","Ws6Pk9QmT4
":"https://internal-apigee-prod-alb01-1366664713.us-east-1.elb.amazonaws.com:8081","Qt4Lb9WsC2":1789747946265,"Vh8Jn5DyM1":3599,"Zm7Qx4LpK8":1789750526773,"Kb3Rw7NmQ5":1789751545265,"Py8Tk4VmN7":-250}}}
18-09-2026 10:55:27||BIG|info|{"peticionID":"mu7794piepwr5tb9x28","tiempoEjecucion":"324ms","peticion":{"fechaPeticion":"2026-09-18 11:55:27,030","method":"POST","url":"https://internal-apigee-prod-alb01-1366664713.us-east-1.elb.amazonaws.com:8081/captaci
on/productos/circulo-azteca/gestion-turnos/v1/turnos/busquedas","headers":{"Authorization":"Bearer 6zIxqcDn8TPxWlCYdBu7GjkhkUYL","Content-Type":"application/json"},"body":{"idSucursal":"10043","numeroEmpleado":"38136","numeroPagina":1,"registrosPagina":20
}},"resultado":{"fechaRespuesta":"2026-09-18 11:55:27,354","ok":true,"status":200,"statusText":"","headers":{"access-control-allow-headers":"*","access-control-allow-methods":"OPTIONS,POST,GET,PUT,PATCH,DELETE","access-control-allow-origin":"*","cf-cache-
status":"DYNAMIC","cf-ray":"a3d1e0db3bda073c-IAD","content-encoding":"gzip","content-type":"application/json; charset=UTF-8","date":"Fri, 18 Sep 2026 16:55:27 GMT","server":"cloudflare","x-amz-apigw-id":"D5339G5IIAMEtNg=","x-amzn-requestid":"e860af06-fa3c
-4d25-9d84-2176ee39c741","x-amzn-trace-id":"Root=1-6aad6cff-56339a116459de8c7f9145b3"},"data":{"mensaje":"Operaci├│n exitosa","folio":"1809202610552766358338","resultado":[],"paginacion":{"totalPaginas":0,"totalRegistrosPorPagina":20,"totalRegistros":0,"p
agina":1,"ultimaPagina":true}}}}                                                                    
18-09-2026 10:55:27||BIG|info|{"peticionID":"mu779579zrpa06520h","tiempoEjecucion":"162ms","peticion":{"fechaPeticion":"2026-09-18 11:55:27,384","method":"POST","url":"https://internal-apigee-prod-alb01-1366664713.us-east-1.elb.amazonaws.com:8081/captacio
n/productos/circulo-azteca/gestion-turnos/v1/turnos/busquedas","headers":{"Authorization":"Bearer 6zIxqcDn8TPxWlCYdBu7GjkhkUYL","Content-Type":"application/json"},"body":{"idSucursal":"10043","numeroEmpleado":"","numeroPagina":1,"registrosPagina":20}},"re
sultado":{"fechaRespuesta":"2026-09-18 11:55:27,546","ok":true,"status":200,"statusText":"","headers":{"access-control-allow-headers":"*","access-control-allow-methods":"OPTIONS,POST,GET,PUT,PATCH,DELETE","access-control-allow-origin":"*","cf-cache-status
":"DYNAMIC","cf-ray":"a3d1e0dc7823073c-IAD","content-encoding":"gzip","content-type":"application/json; charset=UTF-8","date":"Fri, 18 Sep 2026 16:55:27 GMT","server":"cloudflare","x-amz-apigw-id":"D533_HhEoAMEmxA=","x-amzn-requestid":"d09f2505-d6d9-4617-
978c-197b3afe2901","x-amzn-trace-id":"Root=1-6aad6cff-4199a5131c296ffc20d14cc4"},"data":{"mensaje":"Operaci├│n exitosa","folio":"1809202610552739676215","resultado":[],"paginacion":{"totalPaginas":0,"totalRegistrosPorPagina":20,"totalRegistros":0,"pagina"
:1,"ultimaPagina":true}}}}                                                                          
18-09-2026 10:56:44||BIG|info|{"peticionID":"mu77asx9ganyqxcjqp9","tiempoEjecucion":"55ms","peticion":{"fechaPeticion":"2026-09-18 11:56:44,785","method":"POST","url":"https://sac.redunica.com/seguridad-ru/Bx3Nw8RtY5/01/Jm5Qv8NcK6","headers":{"Content-Typ
e":"application/json","Ra8Km2QwP5":"eyJhbGciOiJSUzI1NiIsInR5cCI6IkpXVCJ9.eyJpc3MiOiJaVFJtTlRKaVkyWXpaVEZtT1dSaE1XUmtPVFF6TUdRell6VTNZakkwTkdNPSIsImF1ZCI6IllUUXhZMkl5WW1VMU16RXlNMlptWWpOaE1qbGtZMkZqTnpsaFltSTNZelk9IiwianRpIjoiTXpabU56QmlORE13T1RWallqbGlZVE
01TkRCbFlUVTBaVGhtTURJMU56az0iLCJzdWIiOiJNbU0xTldZek5UVTJaVEJrT1dVek9EUTNNV1U1TkRBek56TTNNMkU0TXpBPSIsImlhdCI6MTc4OTc1MDUyMSwiZXhwIjoxNzg5NzU0MTIxfQ.a_o81MDrWAPyvx-61PsJZICr9eU5FNE4P0OMz9T_61SU9CLKMeG71tLi8WBESHf7KipYZGxDlNA10ihu-ZiyhBO3-uENcCfsp_O8ZqKl0v
cOrz7I20vbjG4lMvyFqVGShvianonu2NtN9jwfIPgn880jQ9T1-VT0c6eJo75rdTUPfDhzvQ7cY1bj8ff640gqszah4wyTRBX8a3LPK50uiBt1lAqgKdKQtsLv7Boj3vG9xNKj_c-Qb1OHYi1To1cBpVqQKYhIg8lnAHb2RZAOouNZDweHPuWE8zpVyaP7aeS9Qy1EuSuVXkCdJpfqNOmSCjP01zr2n5JQo_WC9FHuBQ"},"body":{"Tx4Nv7B
dL1":"019f429c-d9f3-72a9-aa44-b076bc04a026","Ld9Xp6QrM2":"mu77asx9ganyqxcjqp9"}},"resultado":{"fechaRespuesta":"2026-09-18 11:56:44,840","ok":true,"status":200,"statusText":"OK","headers":{},"data":{"Na7Xk3PmR8":"U1VIKuQL2qFcAJDlMP6TBVUUfwvH","Ws6Pk9QmT4"
:"https://prod-api.bancoazteca.com:8080","Qt4Lb9WsC2":1789748387336,"Vh8Jn5DyM1":3599,"Zm7Qx4LpK8":1789750604838,"Kb3Rw7NmQ5":1789751986336,"Py8Tk4VmN7":-3}}}
18-09-2026 10:56:46||BIG|info|{"peticionID":"mu77auea04lz53eyi0ob","tiempoEjecucion":"34ms","peticion":{"fechaPeticion":"2026-09-18 11:56:46,692","method":"POST","url":"https://prod-api.bancoazteca.com:8080/identidad-digital/cliente-unico/clientes/v1/dato
s-clientes/busquedas","headers":{"Authorization":"Bearer U1VIKuQL2qFcAJDlMP6TBVUUfwvH","Content-Type":"application/json"},"body":{"idTipoBusqueda":1,"clienteUnico":{"idPais":1,"idCanal":3,"idSucursal":8963,"folio":19031}}},"resultado":{"fechaRespuesta":"2
026-09-18 11:56:46,726","ok":true,"status":200,"statusText":"OK","headers":{"access-control-allow-credentials":"true","access-control-allow-headers":"origin, content-type, accept, authorization","access-control-allow-methods":"GET, POST, PUT, DELETE, OPTI
ONS, HEAD","access-control-allow-origin":"*","connection":"keep-alive","content-type":"application/json","date":"Fri, 18 Sep 2026 16:56:46 GMT","transfer-encoding":"chunked"},"data":{"mensaje":"Operaci├│n exitosa","folio":"ndcapiroumessprod20-2997587-5228
65503-7-x53-26-9-18-10-56-46-714","resultado":[{"idColonia":0,"idEntidadFederativa":17,"idBiometrico":"0101896326614","idNacionalidad":449,"idOcupacion":"001","idDatosMantenimiento":1,"idEstatusHuella":1,"idMarcaExpediente":1,"idAmigo":0,"idEstadoCivil":3
,"idNegocio":9,"idTienda":8963,"idCliente":143859,"idDigitoVerificador":2,"idNegocioLCR":9,"idTiendaLCR":8963,"idClienteLCR":143859,"idDigitoVerificadorLCR":2,"idPaisLCR":1,"idCanalLCR":3,"idSucursalLCR":3149,"idEstatusLCR":2,"idPais":1,"idCanal":3,"idSuc
ursal":8963,"folio":19031,"idIdentificacion":2,"folioIdentificacion":"0522089763325","fechaAltaLCR":"2023-03-14","nombre":"EDGAR","apellidoPaterno":"SANTACRUZ","apellidoMaterno":"BENITEZ","sexo":"M","tipoPersona":"FI","fechaNacimiento":"1993-06-19","rfc":
"SABE9306193Y4","curp":"SABE930619HMSNND00","correo":"edgar_27_41@hotmail.com","calle":"AND CACAMA","numeroExterior":"2","numeroInterior":"","colonia":"U HAB JOSE MARIA MORELOS Y PAVON","poblacion":"JOJUTLA","estado":"MORELOS","codigoPostal":"62909","tele
fono":"5615288397","lada":"734","extension":"","foto":"/1/3/8963/19031_8963_4.b64","fechaAlta":"2010-01-11","claveRegistroCU":"SNBNDG19061993M042","celular":"5615288397","entidadFederativa":17,"anioRegistro":2011,"claveElector":"SNBNED93061917H000","numer
oEmision":"02","anioEmision":2024,"cic":"263197564","companiaCel":"IUSACELL","paisNacimiento":"MEXICO","clienteFinacle":[{"idSegmento":"","idSubSegmento":"","clienteFinacle":"308287379","segmento":"","subSegmento":"","segmentoAnterior":"","puntuacion":"",
"descripcionPuntuacion":"","puntaje":"","fechaAlta":"2025-12-01","cuentasFinacle":null}],"cuentasAlnova":[{"idPais":1,"idCanal":1,"sucursalGestora":172,"cuenta":"0113531420","alnova":"29618880","tipoProducto":"01","tipoSubProducto":"0050","identificadorAu
torizado":"T","estatus":0,"fechaAlta":"2017-09-26","tarjeta":"","clabe":"127180001135314201","clienteAlnovaAutoriza":"","cancelada":0,"empleado":"1"},{"idPais":1,"idCanal":1,"sucursalGestora":1156,"cuenta":"1200010804","alnova":"29618880","tipoProducto":"
12","tipoSubProducto":"0001","identificadorAutorizado":"T","estatus":1,"fechaAlta":"2021-08-20","tarjeta":"","clabe":"","clienteAlnovaAutoriza":"","cancelada":1,"empleado":"0"},{"idPais":1,"idCanal":1,"sucursalGestora":8963,"cuenta":"1339117317","alnova":
"29618880","tipoProducto":"13","tipoSubProducto":"0017","identificadorAutorizado":"T","estatus":1,"fechaAlta":"2010-01-11","tarjeta":"4027660590983153","clabe":"127544013391173179","clienteAlnovaAutoriza":"","cancelada":1,"empleado":"0"},{"idPais":1,"idCa
nal":1,"sucursalGestora":9546,"cuenta":"0205714201","alnova":"29618880","tipoProducto":"02","tipoSubProducto":"0003","identificadorAutorizado":"T","estatus":1,"fechaAlta":"2019-02-11","tarjeta":"","clabe":"","clienteAlnovaAutoriza":"","cancelada":0,"emple
ado":"0"},{"idPais":1,"idCanal":1,"sucursalGestora":9546,"cuenta":"1601901591","alnova":"29618880","tipoProducto":"16","tipoSubProducto":"0007","identificadorAutorizado":"T","estatus":1,"fechaAlta":"2017-10-13","tarjeta":"","clabe":"","clienteAlnovaAutori
za":"","cancelada":0,"empleado":"0"},{"idPais":1,"idCanal":1,"sucursalGestora":9546,"cuenta":"9945064284","alnova":"29618880","tipoProducto":"99","tipoSubProducto":"0001","identificadorAutorizado":"T","estatus":1,"fechaAlta":"2017-10-13","tarjeta":"","cla
be":"","clienteAlnovaAutoriza":"","cancelada":0,"empleado":"0"}],"datosFiscales":[{"rfc":"SABE9306193Y4","certificadoRFC":1,"razonSocial":"EDGAR SANTACRUZ BENITEZ","codigoPostal":"62909","certificadoCodigoPostal":1}],"peps":[],"fatca":[],"fechaEmision":""
,"fechaExpiracion":"","clienteEstrella":false,"clienteTPremia":""}]}}}                              
18-09-2026 10:56:47||BIG|info|{"peticionID":"mu77auhj6dzy0grt6hb","tiempoEjecucion":"583ms","peticion":{"fechaPeticion":"2026-09-18 11:56:46,808","method":"POST","url":"https://prod-api.bancoazteca.com:8080/banco-azteca/captacion/portabilidades/v1/cuentas
/busquedas","headers":{"Authorization":"Bearer U1VIKuQL2qFcAJDlMP6TBVUUfwvH","x-id-acceso":"T359220260918105646775","x-id-sucursal":"10043","x-id-terminal":"ANYU","x-id-usuario":"38136","x-ip-origen":"10.50.80.116","x-id-opcion-cifrado":"1","x-id-canal":"
01","Content-Type":"application/json"},"body":{"numeroPagina":1,"registrosPagina":40,"numeroCliente":"dbKy4oIIyC0/96M1mS96OSXluYQKSObNwon/6FVIoZ4/naKwgOoRNXL1vtA7ocXh4RMblbiRVdG2qPi7AG6/jn8fIYZWOMcss6WjFRKuBCKYecoJuPD0kqoGjh+U3DbhMN4diqGRh1OkflbokuYUL7vTF
x1dzG79mKOIPDGLw+U=","numeroClienteCore":"pW34XGLghX/9T15FGYxE15SVeQ3wHiKofqq8IC94xCQuKHhGqrD/vuz2odOry03rcR0MFTjVX69RsSnf8I25QbF/w9Lv8lpoEtylEMPIZHH9AGIDIAVt95kmgTRh6x4nMQMiIyi/0/RUysMxOCIl4IkHQRD0ZfaIt7am/1ESqzc="}},"resultado":{"fechaRespuesta":"2026-0
9-18 11:56:47,391","ok":true,"status":200,"statusText":"","headers":{"access-control-allow-credentials":"true","access-control-allow-headers":"Content-Type, Authorization, Content-Length, X-Requested-With","access-control-allow-methods":"POST, PUT, GET, O
PTIONS, DELETE","access-control-allow-origin":"*","access-control-max-age":"3600","connection":"keep-alive","content-type":"application/json;charset=UTF-8","date":"Fri, 18 Sep 2026 16:56:47 GMT","strict-transport-security":"max-age=31536000; includeSubDom
ains","transfer-encoding":"chunked"},"data":{"mensaje":"Operaci├│n exitosa.","folio":"271120260918105646859","resultado":{"paginacion":{"pagina":1,"totalRegistrosPorPagina":40,"totalRegistros":2,"totalPaginas":1},"cuentas":[{"numero":"BKQM1fuI25ph9el8r1ya
BYq5NYICtfySHs7+684Egv6dtVgYk6bhQuk7Zep3ymHKps74rtDdQ3U/SNyoamt27AeJRq6RXm/EjNoSgo8IQ6UETdHoh5F1TLt9tiRaP44lbaPUKxpDZ7VSF/xXKtM7xa/wGiTp2yVqY0mALlMF8+A=","alias":"","clabeInterbancaria":"aGAKJ+/ilYfY78RNI/9DyMMGX44ANZN1YY2h5l3dmJdN0fW485AA+dUAA8mlX/zF+YTn
SdamTuHBRYZwfV7NDUYbCoF43qZ5RAcO1GST7AMgifWCzkIM1gyu+q2lv+9a1lXzahm9915gqcJVyKyNyKApvuVys8jZRsN0KEahpkI=","estatus":true,"core":2,"nivel":0,"nomina":true,"producto":{"id":"01","idSubproducto":"0010","descripcion":"NOMINA GRUPO SALINAS"},"portabilidades":[
{"codigoTipo":"E","fechaSolicitud":"ND","banco":{"id":"40127","nombre":"ND","datoBancario":"Aok+bYksBaOyiTH+Azo34mUNpKCtDY2cExGk2J1zOP2d0+VT60HFwgRfTS2M2stkYMbV4Pxt7VsjOijXlE6WHDEhGHs+lCUCXCM042FrE41Jvkz4YfOOzNrqSm3r22jRqN3umxmgC7ZHOEX7j/wMp40eY7Sw6qKhOlR
cmyiv03E="},"estatus":{"id":2,"descripcion":"SIN PORTABILIDAD"}},{"codigoTipo":"S","fechaSolicitud":"2026-09-18","banco":{"id":"40072","nombre":"BANORTE","datoBancario":"CUgxt49FWL9ls8ak02UqA5J6N1t4uH3GMCGUvHiLUni3QDGF7r1hsy6MQMiHD8giaZD/HZL/n53mDl8Uug9wY
yHDL8Rx4vbDrvCrUWPKDeN5b4+Z0Bg+TLM7Em+Uv9BuFq/1m1PwUkD0y4jCFq3xogg07qB6w9+WhoGBy+x9FZg="},"estatus":{"id":1,"descripcion":"ACTIVO"}}]},{"numero":"VGKkDsIXhq6DRFGfz5aiR26c1yGqYZEXQFj6gefNxwuP89Nt6SCBDItokS1cycMoTwjUjrMAPiRBdFSFfxH68PqDLgIUeXjqZHuUiurxhXzII
gDgj1pJ5xWOWE+mWir3hyzzM+A5TJbKE62gP6VMlx2qGsexPGv+U8wJyg/gxb8=","alias":"","clabeInterbancaria":"iqiX260x5cooq3UlRYNaX3S7VA24BODUz3nE5XAe9/fkFDYxmiygmSyOYdFTkj6U+EZYDIcf5+Z89tvzMlBADCqWjg2eQOBNU+FRLrMTZaAG2ByRXFFCrovXOKDOmcLQFFG5WbkkpzFv1BxvDSrQUcm8uODyA
mSvHOqJaQDCSe4=","estatus":true,"core":2,"nivel":0,"nomina":false,"producto":{"id":"16","idSubproducto":"0007","descripcion":"GUARDADITO"},"portabilidades":[{"codigoTipo":null,"fechaSolicitud":null,"banco":null,"estatus":{"id":2,"descripcion":"SIN PORTABI
LIDAD"}}]}]}}}}                                                                                     
18-09-2026 10:56:53||BIG|info|{"peticionID":"mu77az5nna4f0u7dhl","tiempoEjecucion":"52ms","peticion":{"fechaPeticion":"2026-09-18 11:56:52,861","method":"GET","url":"https://prod-api.bancoazteca.com:8080/cobranza_credito/investigacion-cobranza/cartografia
-zonificacion/ubicaciones-geograficas/v1/sucursales/sucursal?idCanal=20&idSucursal=10043","headers":{"Authorization":"Bearer U1VIKuQL2qFcAJDlMP6TBVUUfwvH"},"body":{}},"resultado":{"fechaRespuesta":"2026-09-18 11:56:52,913","ok":true,"status":200,"statusTe
xt":"","headers":{"connection":"keep-alive","content-security-policy":"default-src 'self'","content-type":"application/json;charset=UTF-8","date":"Fri, 18 Sep 2026 16:56:52 GMT","expect-ct":"max-age=3600, enforce","strict-transport-security":"max-age=3153
6000; includeSubDomains","transfer-encoding":"chunked","vary":"Origin, Access-Control-Request-Method, Access-Control-Request-Headers","x-content-type-options":"nosniff","x-frame-options":"SAMEORIGIN"},"data":{"codigo":"200.CobranzaCredito-Investigacion-Co
branza-Cartografia-Zonificacion-Ubicaciones-Geograficas.136200","mensaje":"Operaci├│n exitosa.","folio":"136-202609181056529100","resultado":{"nombre":"10043, DAZ CORP PERIFERICO 5010","domicilio":"PERIFERICO SUR, 5010, INSURGENTES CUICUILCO, 04530, COYOA
CAN, CIUDAD DE MEXICO","ubicacion":{"longitud":-99.182918,"latitud":19.303736},"direccion":{"idPais":1,"pais":"MEXICO","idEstado":9,"estado":"CIUDAD DE MEXICO","idMunicipio":3,"municipio":"COYOACAN","idColonia":1,"colonia":"INSURGENTES CUICUILCO","codigoP
ostal":"04530","calle":"PERIFERICO SUR","numeroInterior":"","numeroExterior":"5010"}}}}}            
18-09-2026 10:56:53||BIG|info|{"peticionID":"mu77az5rvhc2c2ktkmk","tiempoEjecucion":"194ms","peticion":{"fechaPeticion":"2026-09-18 11:56:52,865","method":"GET","url":"https://prod-api.bancoazteca.com:8080/banco-azteca/captacion/gestion/catalogos/bancos/v
1/bancos","headers":{"Authorization":"Bearer U1VIKuQL2qFcAJDlMP6TBVUUfwvH","x-id-sucursal":"10043","x-id-terminal":"ANYU","x-id-usuario":"38136","x-ip-origen":"10.50.80.116","x-id-canal":"01","numeroPagina":1,"totalRegistrosPagina":50},"body":{}},"resulta
do":{"fechaRespuesta":"2026-09-18 11:56:53,059","ok":true,"status":200,"statusText":"","headers":{"access-control-allow-credentials":"true","access-control-allow-headers":"Content-Type, Authorization, Content-Length, X-Requested-With","access-control-allo
w-methods":"POST, PUT, GET, OPTIONS, DELETE","access-control-allow-origin":"*","access-control-max-age":"3600","connection":"keep-alive","content-type":"application/json;charset=UTF-8","date":"Fri, 18 Sep 2026 16:56:53 GMT","strict-transport-security":"ma
x-age=31536000; includeSubDomains","transfer-encoding":"chunked"},"data":{"mensaje":"Operaci├│n exitosa.","folio":"290020260918105653005","resultado":{"bancos":[{"codigoBanco":"138","razonSocial":"ABC Capital, S.A.","nombreBanco":"ABC CAPITAL","tipoPortab
ilidad":"R","claveInstitucionBancaria":"40138"},{"codigoBanco":"102","razonSocial":"Accendo Banco, S.A.","nombreBanco":"ACCENDO","tipoPortabilidad":"R,O","claveInstitucionBancaria":"40102"},{"codigoBanco":"012","razonSocial":"BBVA Bancomer, S.A.","nombreB
anco":"BBVA BANCOMER","tipoPortabilidad":"R,O","claveInstitucionBancaria":"40012"},{"codigoBanco":"137","razonSocial":"BanCoppel, S.A.","nombreBanco":"BANCOPPEL","tipoPortabilidad":"R,O","claveInstitucionBancaria":"40137"},{"codigoBanco":"062","razonSocia
l":"Banca Afirme, S.A.","nombreBanco":"AFIRME","tipoPortabilidad":"R,O","claveInstitucionBancaria":"40062"},{"codigoBanco":"042","razonSocial":"Banca Mifel S.A.","nombreBanco":"MIFEL","tipoPortabilidad":"R,O","claveInstitucionBancaria":"40042"},{"codigoBa
nco":"133","razonSocial":"Banco Actinver, S.A.","nombreBanco":"ACTINVER","tipoPortabilidad":"R,O","claveInstitucionBancaria":"40133"},{"codigoBanco":"127","razonSocial":"Banco Azteca, S.A.","nombreBanco":"AZTECA","tipoPortabilidad":"R,O","claveInstitucion
Bancaria":"40127"},{"codigoBanco":"147","razonSocial":"Banco Bankaool S.A.","nombreBanco":"BANKAOOL","tipoPortabilidad":"R,O","claveInstitucionBancaria":"40147"},{"codigoBanco":"036","razonSocial":"Banco Inbursa, S.A.","nombreBanco":"INBURSA","tipoPortabi
lidad":"R,O","claveInstitucionBancaria":"40036"},{"codigoBanco":"150","razonSocial":"Banco Inmobiliario Mexicano, S.A.","nombreBanco":"INMOBILIARIO","tipoPortabilidad":"R","claveInstitucionBancaria":"40150"},{"codigoBanco":"059","razonSocial":"Banco Invex
, S.A.","nombreBanco":"INVEX","tipoPortabilidad":"O","claveInstitucionBancaria":"40059"},{"codigoBanco":"072","razonSocial":"Banco Mercantil del Norte, S.A.","nombreBanco":"BANORTE","tipoPortabilidad":"R,O","claveInstitucionBancaria":"40072"},{"codigoBanc
o":"132","razonSocial":"Banco Multiva, S.A.","nombreBanco":"MULTIVA BANCO","tipoPortabilidad":"R,O","claveInstitucionBancaria":"40132"},{"codigoBanco":"002","razonSocial":"Banco Nacional de M├⌐xico, S.A.","nombreBanco":"BANAMEX","tipoPortabilidad":"R,O","
claveInstitucionBancaria":"40002"},{"codigoBanco":"019","razonSocial":"Banco Nacional del Ej├⌐rcito, Fuerza A├⌐rea y Armada, S.N.C.","nombreBanco":"BANJERCITO","tipoPortabilidad":"R,O","claveInstitucionBancaria":"37019"},{"codigoBanco":"058","razonSocial"
:"Banco Regional de Monterrey, S. A","nombreBanco":"BANREGIO","tipoPortabilidad":"R,O","claveInstitucionBancaria":"40058"},{"codigoBanco":"167","razonSocial":"Banco Regional, S.A., Instituci├│n de Banca M├║ltiple, Banregio Grupo Financiero,","nombreBanco"
:"HEY BANCO","tipoPortabilidad":"R,O","claveInstitucionBancaria":"40167"},{"codigoBanco":"014","razonSocial":"Banco Santander M├⌐xico, S.A","nombreBanco":"SANTANDER","tipoPortabilidad":"R,O","claveInstitucionBancaria":"40014"},{"codigoBanco":"113","razonS
ocial":"Banco Ve Por Mas, S.A.","nombreBanco":"VE POR MAS","tipoPortabilidad":"R","claveInstitucionBancaria":"40113"},{"codigoBanco":"030","razonSocial":"Banco del Bajio, S.A.","nombreBanco":"BAJIO","tipoPortabilidad":"R,O","claveInstitucionBancaria":"400
30"},{"codigoBanco":"060","razonSocial":"Bansi, S.A.","nombreBanco":"BANSI","tipoPortabilidad":"R,O","claveInstitucionBancaria":"40060"},{"codigoBanco":"130","razonSocial":"Compartamos Banco","nombreBanco":"COMPARTAMOS","tipoPortabilidad":"R","claveInstit
ucionBancaria":"40130"},{"codigoBanco":"140","razonSocial":"Consubanco, S.A. Instituci├│n de Banca M├║ltiple","nombreBanco":"CONSUBANCO","tipoPortabilidad":"R,O","claveInstitucionBancaria":"40140"},{"codigoBanco":"151","razonSocial":"Fundaci├│n Dond├⌐ Ban
co, S.A.","nombreBanco":"DONDE","tipoPortabilidad":"R","claveInstitucionBancaria":"40151"},{"codigoBanco":"021","razonSocial":"HSBC (Mexico), S.A.","nombreBanco":"HSBC","tipoPortabilidad":"R,O","claveInstitucionBancaria":"40021"},{"codigoBanco":"136","raz
onSocial":"Intercam Banco, S.A.","nombreBanco":"INTERCAM BANCO","tipoPortabilidad":"R","claveInstitucionBancaria":"40136"},{"codigoBanco":"128","razonSocial":"KAPITAL MEXICO CASA DE BOLSA, S.A. DE C.V.","nombreBanco":"KAPITAL","tipoPortabilidad":"R,O","cl
aveInstitucionBancaria":"40128"},{"codigoBanco":"148","razonSocial":"Pagatodo, S.A.","nombreBanco":"PAGATODO","tipoPortabilidad":"R","claveInstitucionBancaria":"40148"},{"codigoBanco":"170","razonSocial":"REVOLUT, S.A. ","nombreBanco":"REVOLUT","tipoPorta
bilidad":"R,O","claveInstitucionBancaria":"40170"},{"codigoBanco":"044","razonSocial":"Scotiabank Inverlat, S.A.","nombreBanco":"SCOTIABANK","tipoPortabilidad":"R,O","claveInstitucionBancaria":"40044"}],"paginacion":{"numeroPagina":"1","totalRegistrosPagi
na":"50","totalRegistros":"31","totalPaginas":"1"}}}}}                                              
18-09-2026 10:57:04||BIG|info|{"peticionID":"mu77b86aui17s6okowi","tiempoEjecucion":"190ms","peticion":{"fechaPeticion":"2026-09-18 11:57:04,549","method":"POST","url":"https://prod-api.bancoazteca.com:8080/banco-azteca/captacion/portabilidades/v1/cancela
ciones","headers":{"Authorization":"Bearer U1VIKuQL2qFcAJDlMP6TBVUUfwvH","x-id-acceso":"B164620260918105704492","x-id-sucursal":"10043","x-id-terminal":"ANYU","x-id-usuario":"38136","x-ip-origen":"10.50.80.116","x-id-opcion-cifrado":"1","x-id-canal":"01",
"Content-Type":"application/json"},"body":{"cliente":{"nombreCompleto":"bx/IBtcsq4N30UooG4ObbtKxpwP3ptXno+Q5LVl6ZrXI87WIMGutxUnq9krdNbt/7tUqBG12LTyT4c8zu5mWfzaWU0xUwpANUVSPbAdWrxPXFe/iU4p9KLeIP/RJTrO6V7NsZMiXSPcsq2+S8dZN6/khtyPNBuWbSpoP6981UQs=","fechaNac
imiento":"JaMqnU8vSj3Qp/qan/9mflxUnHaG38DCg6OnOFe2VUmar49sDMOEQ3b/O4Br7/vgGiquuS4yzis0BshKrC5OzOdKWhHRnSN2fzaVpSrREn98sKbNMLiY1cV0nTgQd8tk3Y6IiqRSgYA4PZeoz2MKmBvyrgqCvlr2btzWn7pielI=","rfc":"O1tA7gKLvEXW+14lTV3XT4yFIt+JS3QbcpO/YX2Ql/Kd0FcW6cxRA3whwGHCAtJ1
6gHZZ8cOxFADEOYHM+cH/IuSiUlbo+ygnUF+W+ij3ISdlimP1eX4W6ocfhZkgI1mtxNgJjAem1bncFT9/91CqICdjq4L8tcrs/LV7rIpi+o=","curp":"QaAmzcJDWigPqevUf5mgZa0fCRWv7vslHrDHGjaIUcf1EaJWTRTjs+ktXt/FugWIkg3I4exlEfMkZMLgbLwPsr3I0w/eDJV3PCs3ESf8x+G5bV7dtBF3DrU/6HZ074d2YjZBu2s1d
fnVvFgo5YhrS+D2jf0gdNI9RAPSGOuyLYg=","bancoOrdenante":{"cuentaClabe":"JNRbesvQNAQFA4bXHpetf18Yq0pWIuyMDM2XDUZhD6hSawwQ83RS0II7b5KPANn4wnS31z8yomGaBnHc2rPdsHARIngwgH0HINW+CqRkQTWc/nx5oturqDPKcbjtW4pCEQ2hlM3703RBzWiTJxihAXBYm/cch22qEa2/LGb/ueM=","tipoCuenta
":"40","codigoBanco":"40072"},"bancoReceptor":{"datoBancario":"GUXDnrseCEJFnxKpVQhkBOKD2gj2wosM1gZgvujYpjOCjBWQEbv1muX7BV1v8bpFY82MKzUgrTyrLINOQM5xj0KPDKHe62isIfjyh3rMhA7uhUITe6YmQNQwpYRZy6n4tYFZyX0y5mQMUsYYRFEbKHepymMmFXgRioMhFFbEdxE=","tipoCuenta":"40",
"codigoBanco":"40127"}}}},"resultado":{"fechaRespuesta":"2026-09-18 11:57:04,739","ok":true,"status":201,"statusText":"","headers":{"access-control-allow-credentials":"true","access-control-allow-headers":"Content-Type, Authorization, Content-Length, X-Re
quested-With","access-control-allow-methods":"POST, PUT, GET, OPTIONS, DELETE","access-control-allow-origin":"*","access-control-max-age":"3600","connection":"keep-alive","content-type":"application/json;charset=UTF-8","date":"Fri, 18 Sep 2026 16:57:04 GM
T","strict-transport-security":"max-age=31536000; includeSubDomains","transfer-encoding":"chunked"},"data":{"mensaje":"Operaci├│n exitosa.","folio":"350520260918105704590","resultado":{"folioSolicitud":"N/A"}}}}
18-09-2026 10:57:04||BIG|info|{"peticionID":"mu77b8bzgak92ugmrvn","tiempoEjecucion":"118ms","peticion":{"fechaPeticion":"2026-09-18 11:57:04,752","method":"POST","url":"https://prod-api.bancoazteca.com:8080/identidad-digital/digitalizacion/expedientes/v1/
plantillas","headers":{"Authorization":"Bearer U1VIKuQL2qFcAJDlMP6TBVUUfwvH","Content-Type":"application/json"},"body":{"negocio":"MUDCsB0k4esLmPKLCvLILA==","origen":"uL3V1se3SnKR+1AMwqDp1Q==","numeroEmpleado":"leycsr6MpWVLM1zv5215yw==","tienda":{"idCanal
":"AsyKxs81Ci8K0h1KIeRfHw==","idSucursal":"IIzuA/xOgHIihQhfg9PlWQ=="},"numeroContrato":"ZCoxi9GFECKsXFHM9lF5CQ==","idDocumentos":["K/UHWQ8ojUbBuodcfP5kuA=="],"producto":"tSQYjvYwZyrNJ6jtsHCdEQ==","estatusDocumento":"Uz/kzJgeAbKjyIExk8GMJA==","solicitud":"
GuuSE0zqKsfHye04zB+owQ==","llaveProducto":"GuuSE0zqKsfHye04zB+owQ==","cliente":{"nombre":"SS7FncPkfAZ8jJTd4pmZLg==","apellidoPaterno":"13a5fMdNEThvRjEuv6VShw==","apellidoMaterno":"eK01OQOq7xP+MUMbV1ja9w==","clienteUnico":{"idPais":"61HNiUWEjFXSivoytmSKWQ=
=","idCanal":"d8zT4XyRCmabhkew0+63lA==","idSucursal":"7f5QZuxofVe0p8N1ErZKrQ==","folio":"K4Wrcz+t9fG9nql43c+lJQ=="}},"propiedades":[{"encriptado":"y5ay6MEWLapHmZQZaiLSHh+S6D1Kw3nOlgoWgZUKj1w=","urldownload":"61HNiUWEjFXSivoytmSKWQ==","Dia":{"texto":"X4YmX
9wvbm6PK+hW6+F8BQ=="},"Ano":{"texto":"vVcR2CWgnSxErgovvx5mSw=="},"InstReceptora":{"texto":"s8bLa/noTck6YPxuXhfEoQ=="},"FolioPorta":{"texto":"GdGqCHQhDHUD0N6JEE9/3Q=="},"Firma":{"img":"/9j/4AAQSkZJRgABAQAAAQABAAD/4gHYSUNDX1BST0ZJTEUAAQEAAAHIAAAAAAQwAABtbnR
yUkdCIFhZWiAH4AABAAEAAAAAAABhY3NwAAAAAAAAAAAAAAAAAAAAAAAAAAAAAAAAAAAAAQAA9tYAAQAAAADTLQAAAAAAAAAAAAAAAAAAAAAAAAAAAAAAAAAAAAAAAAAAAAAAAAAAAAAAAAAAAAAAAAAAAAlkZXNjAAAA8AAAACRyWFlaAAABFAAAABRnWFlaAAABKAAAABRiWFlaAAABPAAAABR3dHB0AAABUAAAABRyVFJDAAABZAAAAChnVF
JDAAABZAAAAChiVFJDAAABZAAAAChjcHJ0AAABjAAAADxtbHVjAAAAAAAAAAEAAAAMZW5VUwAAAAgAAAAcAHMAUgBHAEJYWVogAAAAAAAAb6IAADj1AAADkFhZWiAAAAAAAABimQAAt4UAABjaWFlaIAAAAAAAACSgAAAPhAAAts9YWVogAAAAAAAA9tYAAQAAAADTLXBhcmEAAAAAAAQAAAACZmYAAPKnAAANWQAAE9AAAApbAAAAAAAAAABtb
HVjAAAAAAAAAAEAAAAMZW5VUwAAACAAAAAcAEcAbwBvAGcAbABlACAASQBuAGMALgAgADIAMAAxADb/2wBDAAMCAgICAgMCAgIDAwMDBAYEBAQEBAgGBgUGCQgKCgkICQkKDA8MCgsOCwkJDRENDg8QEBEQCgwSExIQEw8QEBD/2wBDAQMDAwQDBAgEBAgQCwkLEBAQEBAQEBAQEBAQEBAQEBAQEBAQEBAQEBAQEBAQEBAQEBAQEBAQEBAQEBAQ
EBAQEBD/wAARCADvApcDASIAAhEBAxEB/8QAHgABAAEFAQEBAQAAAAAAAAAAAAgBAgYHCQMFBAr/xABmEAABAwMDAgQDAgUJDRERAQABAAIDBAURBgcIEiEJEzFBIlFhFDIVI3GBkRYXGUKhsbTB0RgkJjM1UmJkZnOz1PAlNjg5Q1Z1doKDhZOipMLS4Sc0N0RTVFVlcnSEkpSVssTx0//EABgBAQEBAQEAAAAAAAAAAAAAAAABAgME/8QANhE
AAgECBAELAwIGAwAAAAAAAAECAxESITFBBCIyUWFxgZGhscHREyNCUuEUJDM0coJiwvL/2gAMAwEAAhEDEQA/AOqaIiAIiIAiIgCIiAIiIAiIgCIiAIiIAiIgCIiAIiIAiIgCIiAIiIAiIgCIiAIiIAiIgCIiAIiIAiIgCIiAIiIAiIgCIiAIiIAiIgCIiAIiIAiIgCIiAIiIAiIgCIiAIiIAiIgCIiAIiIAiIgCIiAIiIAiIgCIiAIiIAiIgCI
iAIiIAiIgCIiAIiIAiIgCIiAIiIAiIgCIiAIiIAiIgCIiAIiIAiIgCIiAIiIAiIgCIiAIiIAiIgCIiAIiIAiIgCIiAIiIAiIgCIiAIiIAiIgCIiAIiIAiIgCIiAIiIAiIgCIiAIiIAiIgCIiAIiIAiIgCIiAIiIAiIgCIiAIiIAiIgCIiAIiIAiIgCIiAIiIAiIgCIiAIiIAiIgCIiAIiIAiIgCIiAIiIAiIgCIiAIiIAiIgCIiAIiIAiIgCIiA
IiIAiIgCIiAIiIAiIgCIiAIiIAiIgCIiAIiIAiIgCIiAIiIAiIgCIiAIiIAiIgCIiAIiIAiIgCIiAIiIAiIgCIiAIiIAiIgCIiAIiIAiIgCIiAIiIAiIgCIiAIiIAiIgCIiAIiIAiIgCIiAIiIAiIgCIiAIiIAiIgCIiAIiIAiIgCIiAIiIAiIgCIiAIiIAiIgCIiAIiIAiIgCIiAIiIAiIgCIiAIiIAiIgCIiAIiIAiIgCIiAIiIAiIgCIiAIi
IAiIgCIiAIiIAiIgCIiAIiIAiIgCIiAIiIAiIgCIiAIiIAiIgCIiAIiIAiIgCIiAIiIAiIgCIiAIiIAiIgCIiAIiIAiIgCIiAIiIAiIgCIiAIiIAiIgCIiAIiIAiIgCIiAIiIAiIgCIiAIiIAiIgCIiAIiIAiIgCIiAIiIAiIgCIiAIiIAiIgCIiAIiIAiIgCIiAIiIAiIgCIiAIiIAiIgCIiAIiIAiIgCIiAIiIAiIgCIiAIiIAiIgCIiAIiIA
iIgCIiAIiIAiIgCIiAIiIAiIgCIiAIiIAiIgCIiAIiIAiIgCIiAIiIAiIgCIiAIiIAiIgCIiAIiIAiIgCIiAIiIAiIgCIiAIiIAiIgCIiAIiIAiIgCIiAIiIAiIgCIiAIiIAiIgCIiAIiIAiIgCIiAIiIAiIgCIiAIiIAiIgCIiAIiIAiIgCIiAIiIAiIgCIiAIiIAiIgCIiAIiIAiIgCIiAIiIAiIgCIiAIiIAiIgCIiAIiIAiIgCIiAIiIAiI
gCIiAIiIAiIgCIiAIiIAiIgCIiAIiIAiIgCIiAIiIAiIgCIiAIiIAiIgCIiAIiIAiIgCIiAIiIAiIgCIiAIiIAiIgCIiAIiIAiIgCIiAIiIAiIgCIiAIiIAiIgCIiAIiIAiIgCIiAIiIAiIgCIiAIiIAiIgCIiAIiIAiIgCIiAIiIAiIgCIiAIiIAiIgCIiAIiIAiIgCIiAIiIAiIgCIiAIiIAiIgCIiAIiIAiIgCIiAIiIAiIgCIiAIiIAiIgC
IiAIiIAiIgCIiAIiIAiIgCIiAIiIAiIgCIiAIiIAiIgCIiAIiIAiIgCIiAIiIAiIgCIiAIiIAiIgCIiAIiIAiIgCIiAIiIAiIgCIiAIiIAiIgCIiAIiIAiIgCIiAIiIAiIgCIiAIiIAiIgCIiAIiIAiIgCIiAIiIAiIgCIiAIiIAiIgCIiAIiIAiIgCIiAIiIAiIgCIiAIiIAiIgCIiAIiIAiIgCIiAIiIAiIgCIiAIiIAiIgCIiAIiIAiIgCoc
+yqrXnGFGCpJwgz7rX+9m9uhNgNCzbibjV9RR2SnqIKaSWCmfO8Pld0t+BgLiM/IKO37LPwzbjr1fqAA/wDqCo7fuLKd722DTSUnuTJyhPywobfstPDE+mrr/wByB/UCp/kW9LJyR2v1FsZNyJtdzqn6Lp6GpuMlU+jeyYQQOe2R3kn4sgsdhvqcLTvFYpE3SWrNqZcB7J1EeuFrbYvf7brkZouXX211wq6yzxV0tudJU0j6d/nRsY5w6X4JGJG
9/r9Fq7dzxD+MuyOv7rtnr/Ul2pr/AGcwiqgp7RPOxpkiZK3D2jB+F4STcWotZiPKWJEmuooHZ9FDun8V/hjNKIZdd3mmbnBlk09Vlg/KGsLv3FvbaLkpsdvxRz1u0m5Vn1D9laHz00UjoaqFhxh76eYMmY0kgBzmAE5AJIOKkRvDqbOaSc59k6l8LV+r7RoXSN61vqOV0NqsFvnulbIyMuc2nhjdJI4NHcnpacBaS2R568ceQetm7e7canr574
+llrIoKy2S0zZY48dYa54wXAHOPXDXH0Cym5NpbFfJjjehIoE9/ROo+nZeYk6vQ+pI9Pl6rAN7t9NuePOhn7hbn3iS32dlTDRh8NO+eR80hIa1jGZLuwcfoGuKjlhLZyyRsPLh64Ql3stW7BckdruS+m67Vm1Nzq62222tNvqHVVG+ne2YMY/Aa/BI6ZG98e62dJJ0jrJwPTutvk6mVJS0L+p309E6j6H1WgNH84uPGut5pthtOatqZ9WwVlXQ+
U6glZTyTU/V5jWTEdDuzHEEHBx2PcZ33E9zsZx9Spm89noXR4XqepJ9ky5ar3+5K7W8adP27U27FzrKGhutYKCmdS0UlQ503Q5+C1mSBhru57fpC0W3xZuGgLS7V9/aCQMusFSMDODn4fbv+hZi8SuitNakyD1eyqer2wo+7Xc8+KO8N2hsWjN4LX+FKhwZDRXOGa3STPJw1sf2ljGyOJ9GsLiVvsSlx+HuD6H29v8AtWnksWxlO+TPbJ+io57h
j0XwtW6z03oPT1bqvWl9obNZrdH5tVX107YYIW5A+J57AkkAAnu4gDJKhxq7xg+J+mrpJbrTSa21PHG/pFXarTEyB4BwS37VNC8++Pg7/k7qK8ngWppptE5Oo574wrgc9iovbJ+I3xc31u9NpuxavqdPXyseI6a26jgbRSTuJwGslD3QPeSQAxsheT2AKk7E7rPVkY7/AL6tna7JizseqoTgKqwDe/evQewGhJtxtyK6oo7JT1MNLJLBTPneHyu
6W/AwFxGfkEk8KuzSi5O0dTPeogIXemMKGv7LNw1AaTq6/gHv/UCo/kT9ln4YvIDdXagz/sBU/wAirTjkZztcmSHHvnGFcDkrCNqN3NF70bfW3c3QtbNUWG7CV9LNPA6F7hHI6N2WO7t+JjhgrFNhOVuz3JG4agtu1t3rqybTBhbcBU0EtMGGR0jW9JeB1d4n+npgfNTDJSw9GYvZX207zcaoSQqr5OrNS2vR2mrpqu9yvjt9no56+rexhe5sMM
bpJCGju4hrScDujdlmWzeSPqFxVpe4ZzhQ3Piz8NWnD9XX4EdiBYKnsf0IPFn4ZO7N1hqDOM/536j0/Ql29A04kyOt3b0VQ45Wo+P/ACj2k5NW663baW61tdT2SaKnqzVUMtMWvkaS0DrA6hhpyR6LP9Wa003oWwVurNZXuhstmt0Xm1VbXTthhhbnA6nOOMlxDQPUkgDJOEleHOMxeJ2ife6inUfooM6t8YXihp66S22z0Wt9TxROI+22u1RR0
7wDjI+0zRPx9SwD+PaWwniDcauQ13g0vpLVdRaNR1PaCzX+nFHUzkerYnBzopHdj8DHl5wT04GVUm80G7aklC4+wQEn5LW++G/23fHbRTdwN0K+qo7M6sioBLTUr6h3myBzmjpZk4ww9/RR+/ZZ+GhaXN1hf/T/AFv1Pb9z5qJ3NJMmV3+io4uHpj86hv8Ass/DI5P6sr9j0H+YFT6//Kth7Gc6+PXI7WE2hNrb/da2709DJcXx1Vqmp2eQx7GO
PW8YzmRnYrSi72MykkrskKC4euFTqJ9MKK+4PiUcV9r9aXnQGrtTXqC8WCskoa5kNlnkY2Zhw4NeBh3f5FfHofFb4W1M4iqtwLtQt9DLUaerS0entHG4+/yWUrpWK04tp7Eweo+5CFxx2Pda/wBqN9tpd8bTLetp9e2jUtPT9P2htFN+Og6s9IlidiSLODjraM4OM4OM663NaOoA9/bJ/wAvyI8tRF4tC58rmYJLQFHrcrnDtjtxvjaeO8WldYa
q1pd2QOZSafoqaZkBmyWsldNUR9JDB5jjghrCHEgL9HIXm9x7421H4G3B1XLUX8sEgsdog+1VvSR2L25DIs9iPMc3IIIBHdQd2q56cGtEb26n3mdtzuk7UusZHCpvV2jo637Ix5y+OKNkwMMeA0Yb1uw0D07FSvKSctN/Y001BtJt7fPcdXo5nu+90/P0IXoHkn0WAbQ737W76aXbq/anV9FfrcSIpHQ5ZLA/GQyWJwD4n4I+FwBwQfQhe28G8O
i9idAV+5m4lXPSWK2PhjqJoKZ872mWRsbPgZl2OpwB7KyX0+dkYppyso5/JnJcfkq5d8lrnY/f3bLkRo1uu9rL+LnbPtElJKJIXQzU87ACY5I3gOacOa4exa9pBOVsMv7Z9Ow9QjTWTEXfMv6jj6p1H5LT2j+VO0Gu96L/AMf9O3Wvl1jpqOWW4U76CVkLGxvY15EpHS7vI1Wb/wDK7Z3jM2xP3Zu9dQDUb52UH2ahkqesw+X156Acf01n6VnPL
r0LZttbrU3J1HKdRyvz09ZHU07KuHLo5Wh7Tg5LSMg49fzYWm9/eYewnGxkUG5+tYoLrURCans1DE6qr5mHOHeUz7jTg4dIWtODgkjCSeDUseWrrQ3X15PYp1Hq9sKBts8ZPivXXVlDUaY3Ft9PI/oFbUWmldE0ZwXObFUvk6ffs0nAPbPYy82q3k233t0vHrLa3VtBqC0ynoM1M4h8MnSHeXLG7D4n4IPQ9oOCD7q4ZLUy5JambFx9sfnVS4j0
Xi2Qn16ceo7+2exWneQPLjZTjFJZot27/WUEl+bM6ijpaCWpe5sRaHucGA9IBe0ZPqSceiN7bmlGTyN0dTseyoXHH1XxtH6usmutL2nWOm61lXab3Qw3CinaCBJDKwPYcHuOxHY9176jv9u0tYLlqa7yPZQ2mjmrqpzG9RbFEwveQB3Jw09h6o+S8zMXjV0fRD3H2Cr1Oz7KN2zviB8at+NfUe2m3eqLjPf6+OeWmhq7VNTtkETC94DngAuDWud
j5AqRwcXOx29M/wAn8f6FbO12N8O56dRTqKwPeXebQewug63cnci5yUNkoZIYpHxQOmkfJK8MY1jG/E4kn0Htk+gKx/YDlFtJyatd2u+091ra2mss7aarNVQyUxa9zeoBoePi7e4WYvHe2xW2rNm3Oo/JOo4UZd2fEQ4zbKa/u22WvdR3imvtldE2rigtE00bfMibK3D2jDvhePRYePFm4ads6uv/AMxiwVPp+j/L6KRbklJaMrWF4XqTJLnYHY
ZVeo+4UYdrvEZ4wbya+tG2mhNSXmpvt7lfHSRT2eaGNxaxzyC9wAHwsPqtl7+8kdsONemaHV26lyrKK23GtFBA+lopKh5mMb3hpawZAxG7ucDOPnlWXJtJ7kjeTwo2mXEeydRWJbX7naN3i0RatxdAXmO6WK8Q+dS1DGuaThxa5rmuALXtcC1zSMgggrKJJGxhzj2GD3KsuS8yReI9Os49kDzn29FpXajlxs1vRVaxpNCXivqZNCM6r0JrfLD5Q
BkB6eofH3hf6Z9AtQ/ssvDbq6f1X37IJGPwBU98fkaom8r9FyrO/U7EyA4++ELj9FDb9lm4Zhpxq7UB/wCAKj+RfutHimcQ79d6Kw2zVt9dW3CdlLTtdYalrXSPcGty4twASfX0+q0k2g3hV2S76nZ9vmjXknvjC0Xv3zJ2R40XOzWjdi9XGiqL5A+ppBS26WqDo2uAcSWA9PqOx/MtVN8WnhmMF2rL/wCn/oCoH7mFFmroqTwp9OZMvqTPdQ4g
8WLhpUzx08Wr791yvDAXWGoAGTjv2UwqeUTMa8NcOpue4wijJK7JfOx7IiKlCteMhXK13sowQ08WMBvDu8Hvn8M2zv8AL8aV4cKuMXHXWnF/brUmrdjdC3i611nbNU11bYqeaedxe4Bz5HMy44HqfkF7+LLn+Y9u+MZN5to9R/5U+nv+juos8dZ/FYbsppFmx0Gn3aIFvb+BjUOtHX5HU7HV5zvMznP3grS5lTtXoWuuTTs8szoY/hxxQaOocct
uRj5abpe3/IWPcpNI6X0Hw33M0zovT9BYrRRaTuv2W32+nZT08GYpHuDI2ANaC4l2AB3dlaD2sl8XB+5WmG7r0unP1HfhWm/DnkGz9f2LzB5vT5RL89OcdPdST5n9P8yjutjGf1KXPIHz+zvXLiFakzVB/fRobweR1cUa85Izqyu9D/a9KtDXvS2mdZeMfX6a1hp+2Xy01MeZ6G50rKmnl6LE1zeuOQFjsFoIyPUArfPg7/6FCu/22V38HplFDk
Dct67T4p+oa7j1ZKW7a7jbD+DaSp8ry5AbRGJc+a9jO0fWe7h6e/ofTUsuPi30S9DhTTfCVUnb/wBHT+r4scZKynfTVPHXbR7JAQenSdAD39S0iLIP1GDnvkLmXzd2l0rwj5KbZ7ocdZptPVF4kkrZLPT1T3xwvhljbIG5PV5E7JS10ZJbhsgHwnpH195eYvigbI22Gv3S0FaNM0VW/wAllxZZYamnbKckMM0cskTXYHYOIJwcA4Ww+M3DjXnI3
XmnuXfJnem0bgQgw1tmt9pk82F7onl0Ucp8tkcDI5MkwMYfi6uog9YOaScZqonktfg3KSpwdOW6dvkmvyae48Yt0T2ZnRN4AGfT+cZQB+nsuKewhuGwM+0XLCjdOLc7WVZYruWjIbFGyAvbn2MlPUzAe34snC7XcpAGcZ91Rgf5y70D9f5yl/7Vzb2J2f8A14vCl15a6OlEt10/qmt1FbjjJbLS09M5+Pq6HzW4/sguVKp9GrUrJaYb9l/g3GOK
hCjL8rrvtl5nXGlqYqilirIZGSRzRtex7Dlrm+oIPuMfpXNjxNbjWb271aB4vWGrkbBaLZXauvhiOWsjZBK4B2PuubDBPjP/AJw35qTPADeKLdXiXpLUFwrWur9OUhsVzMjsdElG0Ma55J9XReS8n5vKjLxep5d9Nbcn+YFya99HX0Nz05puVzfSlZTk9Qz6EQspR/unK1YJVXfSKcvgxw9SUaaklynaPfv4IybwXmdGxGs2gdhqyQflIo6f/L8
6lnyn3fpdjNg9ZbmTSsZUWu2vbQA/t6yX8VTjH98ezP0BKiX4MTwdidZk/wCu2T+C038f76+F4se49LqHUm2PGVuqKK0096ucN4v1ZVVTIKelhMjoIHzSOIa1gzO93V2AY0rfFw+rKNK/OSXkrk4aNpzsrqLb8COF42K1FsXxd2Y5l2anmGr4NUvvl3mkb8T6eoe11I6Q+7MQAkn1NUQuyu3es7LuLomw660/OJrdfrdT3ClcDn8XLG14B+ozgj
2IUbd7Nf8AEHcbjdqDYu1cg9rY6efT34OtMf6q6AthmgjH2T/VM/C+KM498LXHhB72HWOyl12hulS19x0JXE0mXg9VvqSXsA93dMomBPcAOYM9wFu7qupBbZrs09jnK6jTrS1eUu/NfB8nxpBnZnQQ/uqz6/Olm/kUgdn+JXGC9bR6Kud14/bf1dZXact01RUS6fpTLLK+mY58jn9HUXlziS7OcqPnjQHq2a0Gc9jqpuPyfZZ1NzYo/wDcT2/P9
zFr/gsa50YL+Gb3xv0O1VvHBdMb+ZDzl14W2zustEXPVWw2m2aR1nboJKqnoqKR/wBhuRa3PkOicS2N7sYa9nSMn4g7OR6eFJyU1Xutt5edp9wLlPXXvQZiFHVVMhdPPb5MtbG8n4i6F7HMyf2rox7ZM8qhgdA7I/an2XK3w6IW0/PffaitLem1QxXxjWsJ6WtF2iDMfkAwPp+RSjJ3nTf6XLssSpHFSU1qpLwPjclL7rHnvzdpuMWnr9PRaC0f
Wy09Y6nGWNNP2rKtzfR0nVmCLPYHpxjrcT0b2u4x7EbQadp9M6H2v09SwxxBk1TLRRz1VUcYLpp3tL5Sfm44+QAwFz48KuKKq5WbzV15Y38NNpqsODzl/wAdwaZu/v8AGGDPvldWWYBySfcLagqdGnBdF2+m5JtyqzjfKLsiGPNTw89q949CXXVe2Oj7dpjcK208lXQzWmmZTRXJ7QSYJ4mAMc5+OlsmOprukkloIP5PCy5NX/eva257fa6r5az
UugZIqb7TO8umqaCQO8l0hd3c9hY+Mn3DYycuLiZrVRb5L3ObkAHHb6Lln4Y4jpuc++dBaQBao6e8Niax2WBrLvC2LHzHSX4P5fmscO+VOnta/Zn7lqpSpqe6ku9bnVdQ08Wj/QdXjHr+Gbbj/jVMtQ08Wn/QdXj/AGZt3+FWKvN8PU9PC/1V3+h+bhVxh46az4vbd6k1Zsboa8XWus7ZamurrFTTTzOL3DL5HM6nHt6n5Bbudw44oAAjjltzn6
acpf8AqLnnx2oPFbl2U0lJshfLDFoc0A/ArKhln620/U7APnRmTOc/eJWxHWzxsSCHai0yBnt+LsXr/wAUvRW5VWS6zw0eTTTOhGn9HaV0PpiPTGjNP0Fis1FDKKagttO2npoWuc57gyNgDW5c5xIA9Tlc4PBmJOsN7vl59s/wlYuhW18e4MW1Gn2bsSwSazFoi/Dj4RGGOrPLHmlvlgMwXf1owuevgy/5797f7/bf8JWLFH+vU/x9zc/7ZW/Wj
qKtd8iu2wm4p6g3+hW7YJ79/skuBg+ufTC2ItecicfrB7jknsNJ3fOTgY+xy5XCv/TZ3pc9dpz88J7YrZjdTZXVd43L2p0pqivp9VS08NTd7TDVSxQilp3CNrpGkhoc55wPdxU338OeKLcOHHHbnt/c3SfI/wBguVPBuk8QOfbi+niTc7VSacN8kNwbWstvU6u8mLqcPtTHPx5flD4fh7fPKkebZ42XSQdQaa+Ywyxf/wCa9NTbbJHCK5cnfdk+
Nv8AabbHammrKLbXb/T+loK57JKqO0UEVK2d7chrpPLALiMnBPpkrmvyuvOo+a/OWy8SLXe6qh0RpWcG6Cld0h8scYlrJneoc9jfxDOoENeCQPidmdPE2n5Mw7bVzOVVXQ1OsHXOb7O+jFIGfYvLj6AfsrWx58zzT379/koKcGJYneJpvW679P4Qe/UYh8w/EX/hWLqx9ekH8wWIQU+JUZZ4U31BzcOGnUirNtLxZ0P25427F7V6cg0vova3TdF
RwxiJ8jrfFNUVBxgvmle0vlc4epeScdvTAEUefPh+2HW+lW7pcdNDwWbcS0VUMporFGykbdIzI0EhjeljJmEiQSjpJDXBxJ6S2fDB8OAe2O2PQjCTD4Owzg+hPYrErytK9mdIvDlbI0htFobUu7HHvS2meXW2louGo6aFv4Ut10bT3COSeEuZHUEsc+MyPj6XOIPZz3jt6LF98+J3GWy7La+vVp2B0BRV9Fpm6VNNVU+n6WOWGVtK8sex4Z1Nc0
gEEHIPcd1Jdhzkg5yOxWAch8/rBbj5/wBad2/gkqzxD5Mmsi0E4zUG75nP/wAJ3YfZXdHZPVF33J2q0rqiup9US08NTdrVDVSxRClp3BjXPaSG5c449Mkn3OegWh+Pmxu2F4fqHbraXSembnJC6ldWWq0QUszonOaXML42g9JLWnGcZaPkoceDD/4AtXf7bpv4HSroO/P7q9dbkvLoXoeaF5ykn+p+pyZ2F0Xo/XXinbu2PXOlLNqK3B96mFJda
GKqh8wVMID+iRpHUASM4z3PzK6GXPifxfuVJJR1fHfbd0coMZ8rTFFC8AjBLXsjD2nHuCD9QuVjr3yKsXiK7tVvGPTtvvWsTXXaN9NWmARikM8fmOzNLGwEO8v9tn91ZhvLzZ8THZiSit+7Ol7RouO6P8iC5y2CKam6jjOJmvlicQDktwXAey4Rd6VPLb3PTVi1XqO99PQ8N1turLwp8Q7beHYarqKG16rmt8lVZhO+QRwVVW6mnpfiyTE9rMtD
y4tec/tWrpNym3oZsBsFqvdXy45a220Qjt8LzlklZKRHC09wXND3gkDv0tOMHuop8ReEOq9R7lWzl9yM3etu4d9rGxXSzC1VBqKTzOkCKZ83SxpEYx0RRMEbC0YOB0nIfGGmr4eKlBHRl3kyasohUH+w+z1RH/KDP31mtenSjSm7yvn4+xKKVfiMUdLLxW/eaS8N3iLaN9J7rys5B0I1VLd7lO610l0Z5sNZOH5mrJmO+GUdZcxrCOkFrzg4aR0
j1Ls9tRq6wO0vqfbjTNztLozEKSptUD42NIwOkFvwkexbgj2WuOC9HaqPiXthBaQwQnT8Erg05xM/L5fzmRzjj29Fvgtx3BAP+X8eF2rWxOnbJKxxpSdW9ZvN5/schNf6euHhjczbBqbRFVWfrW65wZ6KaV0gbRmRrKmAknL3wFzJY3H4iCxpJJcTMHxQZ4qzhPq6qpnxyxyz2qRj29w5prYSHA++Qf3Vpnxo4aE7Z7d1Twz7dFqGVsDiR1eS6m
cZMe/3mx/kIH0WX8zZq+fwuLZU3IuNXJp7S0k3V97zC6lLs/XPf8q4ybfDNvNqVvQ9VBKHFwa3jdkMuIe6Gu+DOu9Daz1k6aTa7eC2RT1MsTSWR4lLDL0j/Vad5+JvfMUvYZcOntrb66iuVLBW26pjnpamJs8MsUge2SNwyx4IOC1w7g9wR3UF9tONen+UHhs6F2/uToae7Q2h1bYq9zMmjr2vkDHEjv0P+68D1a4n72CvgeGVyQ1Da6u6cON6D
NQaw0XLNTWRlacSSU8RIkoyf2xiwXsOTmM/D2YF6aqUpyovWOnWv2PDC6hGst9erPXvMW4xd/Fg3n+tHdf4TSLy8axoazZ85Pepu/8A+p7+q9uMX+mw7zYGMUV1Pr86mkXl42HaPZ76VN3/AHqVckm/4dda9T1qVuIry/4/9Scu+m7FNsZx51DurUxRzPsVmbLTQvOGzVL2hkEZ+jpHMBPyJUFfDm4p2TkD+GuW/JGiZrO6X66z/gulujBLTPcx
wElTJER0SDq6o2RkdDBGcN+707z8UQ1jeD9xZTOcIn1tobUYHby/NaRn6dXR+4s58N91G/httw6kLcfZKvzAD6SfbJuvP16lVZyq1LaOy6ji+RRo01+V2+62Rt7U2xWzGqtPP0xqHanSdfapWCM0stnpyxo9iwdHwuBxgjBHqCMKCO0HE7fnibzcdU7G6auV42d1A2M3Uy3CFkVLSSlwMbzLIHyy0z8vZgOeWFoz8biuk8pHTgjI9MfNeTizIa7
IzkjJP8ufl+kLEW4yxJm5JSjgYLz0HqcOwOTnAz+Zcv8AUugaLnvze3Xt1bJ52lNttLVmnLbN0/i47o5r4mPOPVzal9Q8H1IgYp4cm93KbY3YfWW508zG1NptkgoQ8gddZIOinaR9ZHMz9MqGfhha+2B2j2QuOpNw979BWfV+t7vNcK2nuepKSCsjijJjiZLHJIHtcSJX/F3IlHzWYLFOVT9K83oabcYK2snbuWvjoZp4Tu61ffNnb1sjqfMN/w
Bs7rLReRJhrxSSvc5oPuS2Vs7fyBgUtd7vMOzOuxjLv1NXPGB+2+yyfP6rmhY91dudkvE+fqPbvXmnr5ofdbogrqiy3WGtginrnNyJHxOc1r21bA8gntHJldLt6z1bM68JOWu0zczkH+1ZP+1a4jl0FUe689zNGKhxDpLS6a7GcHtm6K8bO2TQPLOysmkhsO4klmuTWkgeWynpp429vTzI31bD+THuv6CbRcqK+WijvVtqWz0lwp46mCaN2WyRy
NBa4H6ggj8oXJjiRtKd7fDY3j0fS0xqLnTalq7tamgZd9spqSklY1v9k8Ncz/dqZXhqbvjdLifpwXCt825aPfLpytLnZIEDWmE/k8h8Qz8wV3m0oSi/xs+5r5OUrurjW7lHvTy8jS3ibXK5bxbo7T8S7BWPButU7UV7ER7x00bXsDz7fDE2rfgg/daV87wU4/L0DuTC4/dvNIMj3/Eu/ix+lft4tg8hOVW/nKirb9otFhgqNK6ae5uWYEfQZIz8
xDE0kf2yfmvw+CwSdEbmH3N5pRn8kLlx4eOGm09XG/i9PA6cW7xTX4zUfLPzMGuWjNI698Ya9aX1xpu2X6zVMbnT0FypWVFPKWWRjm9cbwWu6XNa4ZHYgH1Cn+3h1xTcS13HLbrAJwTpylJ/P8C5mb5Q76T+KVqmPjhVUtPr0iM22WpEBja38ERednz2uj7x9Y7j3W7RbPGu9W6i0wfkQyxe3+9LNL+3p9nudeIhbiZ59HoTb01xl48aHv1HqnR
2yOibJeKFxdS19vslPBUQuLS0lj2tDmktJHY+6iF4z7fM2D0cwuaAdXR/UH+dKoH8/wA/8gc44y0HiXR7r0b+Tt4slToT7JUfaY6Vtr8zz+j8Vj7NGJCOr64/cWF+M1kbDaLb1d/1Xw5/+lqf5P3lKqxSpp/qXqZoyeKTS2foaU4M7vav4Wb1Qcct5K0Q6P3AgorrZa6YltPBPVRNMFQ0nsGSjEUns2RgyQGucetUpdJTyOLuxacdJ/jUK+T/AB
Lp+S/EbRVfpqla3XelNM0NbYpWnDqhn2SMyURPyeB8BP3XhpyAXL38N3ljNvjttPtfryqkbr/Q8Apar7ScS19G34GTnPcva7Ecme/V0k/e7da1qkZx/KN+9bP5OUVhcKkebK1+p/uaa8Jukpq/dDkLQVkEc1PUV0Ec0T2hzZGOnrAQ4H1BBI/OVNo8OeKX3v5nTbrJ9f6G6Tv+X8X3UK/CRAG7u/4BJH4RpsHHb/vms7/5fVdNnehVqc2nf9K9C
3+5UtpiZyE2k2d2qufim632zuW3enqvSdEy4fZrJNbonUUPTDGW9MJHQACSQMe5XR6j4j8XaCsp7lQ8fNvaaqppmTwyxadpGujka7qa5pDOxB7jCgjst/pwu4P/ALFz/wABEupH7RSLtSpvpXuWo2+In2L0OWniz0FJX8hNjrbWU7KimqPxUsMjA5sjHVsQc0g9iCOxz7Kc1Pw84pSsa5/HTblznNBP9DlLj/8AD/8AqgZ4wIvP692zg069rbt9
mk+wF/TgVP2uPyier4cdfT69ll7bb41mf531HppzcDpJZYu4+eDFn5evyWIL7P8AszdZfdh/iiZTeHvFWne2WDjpt0yRp+FzdO0oIP0+D1W34GMZlrAAMegGPp/Eueeh7d4w7da6fdr2+6dk00LpSm7sjZZep1EJW+cB0Rh+SzqHwnK6GwtLe5JOfn+//l27Lb0sc/zPVERZNhWuGcK5UJxhRghp4shP8x3eQD96820Ef77j+NbF4AkniHthkk4
sbB3P9m5ZvyI2A0dyW21qNrNc3O80FqqqqCrfPaZooqgPid1NAdLHI3BPr8P6F9vZ3a3T+y23Fh2u0tWXCqtWnaQUdLNXyMfUPYCTmRzGMaT39mgfRapvDGcelryMVbz+nba9+8zMta4EEZB9QtJ81GBvFHdUgntpO5D/AJu4LdyxXdLb2y7sbe6g221FVVtNbNSW+e21c1E9jJ2RSsLXGNz2uaHYPYlpH0K414udNxjqd6UlCakyH3g9dTeKNc
P7rK/+D0y03SgHxqqg+wjOf/sIU9ONfG7Q/Fzb6bbbQF1vtxtk1xmujprzPDLOJZGMa5vVFFG3pxG3A6c9z3WMxcMNsIuUMnLNt/1T+q6QFrqI1VP+DcGk+y/0vyPN/pff+m/e7+nZeqdSL4pVlzc/NWPM4/y06S1l83Nua50TpbcXSN00NrK0QXWy3qndR1lJOMtkY790OB7hwwWkAgggEct9i9dai8Nvldc+Pm4tzqZtrNYVDKi219ST5cLJC
WwVw9hgN8qbAH3OruGNz1m6GkYBPY5WkuTnEPaflZZrRaNyJLxQz2OpdU0Nys08UNXGHjD4uuWORpY4hhI6c5Y0gjC4QbhUjKOcXkzrLDOm4ye+XUz7HKB7ZeM26r2OBadFXnBBzlv2KUgj6KNfhD00VVxKudLUMEkc2q7jG5jhkODqamBBHv6qT9q2JsVv2Jn2BrdW6lu9lqLFUaddca+ogfchRyxOiA8xkLYy5jHdLSYz2a3PVg5/Jxs436I4
vbfTbb6Au19r7bPcZrm6W8TwyziWVkbHNDooo29OI24HTnue/wAoklKri3SRhylKEP1Jt91vk5Yu3YreEw5PcZGSTQTXlwGkQCcNbUvbH1NPs77HUNfn5wFdBtjdnxsdwVGhpqfyrj+o+vuNzBbhxrKinkllDvfLS4M/IwfJfv3r4D7Ib87xWXe3WlTqKC9WZlLGaSgqaeOjrm08pkZ9oY+F73Z6ug9L25aAO3qt+ah07Q6k05ctNV0k8VLdaKa
gmdE4CRscrCwlpcD3AcSMgjPsVW26Li+e0k+xaG5NKspLKKd+96kA/BqnZSbCa2kle2NrNWSuLicAAUlPlao2I2z0f4g/NLdfdHc2zS3vQVhApKCmFVPTtkHV5VFh8L2vA8qGWQhrh8RGcg4M5tmeGG2+xe0urtn9Dat1k226xfUuq6+prKZ1dTOmgbA8wPZTtY3DGAguY7BJPyxkHGbi1ttxU0dXaN25qrzXQXK4PuVTV3eaGWqkkLGsDS6KKN
vQ0M7Dp7dTu/dbbi6mNq9opLt3OUk1CcFk3K/+uvia2d4X3BnGRsgAO2D+qW8e+P7aUQrZp2zcAfEltNj07TS2nbrX1LBRU0L55JWQ09WRG1pllc5zvLq4g7LiSG4yTnK6zdPyJytDcnuGG1XK92nZ9wLnqO1Vel3zOoauxVMEExbJ09THulhlBaCxpGACD7qRqOnUT1W50eFwlHpWXaRk8Z+Rp2W0E/8AuqGfb0pZv5SpabI7o7bUuzWhKSp3B
01BNDpq2NfHJdadrmOFKwOaQX5BGCD+RfM5E8QNvuTugtO7f7kap1Yyl03UMqoq23VVNHV1MrYXRdUzpIHsdkOJPSxvf5Dso9HwXOLvtr3dPP8Aspbv8RWYSwQdN9N/YrSngl0Kxtvk5zy2L2J0JdKu268sWptWSU8kdqsdqrmVcr6hwIY6fyifJiBIcXOLSQD05JAWnPCf2G1Zo/RupN99f0clNdtxJWvoW1AxOaIOc8zuHqPOkf1DPq1jHDs4
E7Q2m8MPiZtNdqa+xaRuGqrhSPD6ebUtaKqOJ4/beQxkcDj6HLo3YIBGCFK7yo2tDWtyB2x8hjGFY4aeKV82rdxibc7U/wAU736X8HJneCK++Hzz1/X2/AtZPtzuHPUSVZpWduipc19XBj08yKcMma3IBb0AH72On+3u5eg91dMU2s9vNWW3UFoqmgsqqGYSAH1LHt+8x49CxwDgfUKm5O1ugN3NI1mh9yNM0V8stcB5tNVMJDXAEB7HDDo3gE4
ewgjJwe6gvqPwbNuBepbjtnvhrHSlLO4k00kMVWWtJ+6yRjondIBIHV1H5kqRk/pqnNaaHSUVOX1Fk3qvc39zL5lbd8ZNvbnE+/0FbruupXx2WxwzCSoEzmkMnmY05ZC0nqLndPV09LclaX8JLj/qXQmhNQb3a5o5Ka7bgvjdQRTtxM23sJeJiflM95cPm2NjvdZRsl4UvHPa6+w6q1bVXjcK708nnR/hpzGUTZA7Ik+zMHxn5iR72nt8PupqU8
McDRHEwMYxvS1rRgAfQey1TtSu73bVrmJydRKK5t79rPZQ08WggcO7vn3vVtHrj/VSplrWPIrYHR3JbbSo2s11c71QWqqqoKt81omiiqQ+J3U0B0scjcE+vw/oWKiusur1O1KahNSloaj4K7kbfWnidtpQXbXunqOqisrGyQ1N0gikY7rdkOa5wIxkfpW+Xbs7WnAG5WlTk4/qxTn/AKahj+wt8XD2OvN0x/wpbv8AEUHgt8XMkDX26vpj+qtu/
wARXWpL6km+lnmpQwQUYvQnNS3a23m0G42a40ldRzMd0VNNOJYn4y0lr25DsEEH6grl74QerNLaX1bvO/UupLXaPtE9u8o19bFAJMSVeQzrcOrGRnHpkLovsnsrpjYbay0bRaQr7pV2ayMnZTzXGSN9S4Syvld1ujYxhw6QgYYOwHr6mJdd4M3GC41c9bPrzdFr6iV0rhHc7cGguOTj+cfTuucft15Sjo1Y6Pl0sEsmpJkynbubW4JZuXpQkD0/
DNN/11i+9uo7JqXj9uVV6dvVBdKePS13YZqKpZMxr/scnYuYSARkHH1Cit+ws8WmnI19ur+e627/ABFSD2W4a7ZbFbNap2O0hfNT1di1c6sdW1FyqaeSrjNTTNp3+U6OBjG4YwEZY7BJzkdlKsYzptLU1GeGaZFPwedaaN03sRq2n1Hq6y2maXVsz2xVtdFTvc37JTfEA9wJb6gH5g/mnt+u1tYT8W5WlO2cf5s03/XUM/2Fzi67Jdr7dQnPf/N
W3f4iqfsLXFvJH6vt1MYx3utu/wARXac/qNS6jmoqLbT1bJx2PVOmdUMmk0zqO2XdkJ6JXUNXHOGkgkAljiAfyrlBymp9R8JfECtPJGjs9RU6R1ZVCvkMDPhlErPKr6cHsPN7mVoPY9bPXDsdBOLvD/bXiVab9Ztub9qa5QahqIamqN8qaeZzHxtc1vR5MMQAIcc5B9ln+6uz+3O9mkavQu5umaW+WitILoZgQ+N4z0yRyNw+J4ycOaQRk/M55O
9OcZw2NRleEqctGe22m6egt3dJ0mttudTW++WatY10dRRyh/QcZMcjfvRyDuCxwDh7gKLPiP8AMawbLbU3LbjQ2sQ3cnUcYpKWK11ZFVaoX9pKlz4z1Qux2jOQ7qcHN+4SteXvwatAwXWes24381hpqimyDBPTR1bg0n7vmRvhy38oJ+uVtHj74XvH/Y/UVLrW7zXTXOpKORs9PVXsx/ZqeYHIljpmDp6we4Mjn9Jw5uHAOCWCpm8oiMnTvblM2
Zwks+8Vq49acn301Pdb1qu6sdcpTc39dRSQS4MMD3YDi4Mw53Vlwc9wJPSMZvyILv1g9x/9qV3/AIJKtgtYGAhrce4XydZ6VoNdaPvei7tNURUd+t1TbKmSnc1srIp43RuLC4EBwDjgkEZ9j6LPEfdUlEcPelJY+m5BLwYmtGwGryCcjV84/wCaUy6C9Q7Z9StOcYeLWgOKOkLnonby8ahuNDdLk66TSXqogmlbK6OOMhphiiAbiNvYgnJPdbjI
GRkFd6ssby6F6HOEXFvrbfizlpxaOfFg3fPcZF67j/3qD+RdFd3dpdF717eXfbfXlqjrrTeISx4LR1wyY+CaMkHEjDgtPzHyyFrjQHC/bDbjkLqPktZL/qmfU2p/tQq6Srqqd1BH58jHv8tjYGyDBYMZkPbOcrfjh2x+8ubtKlCD2VvM6N2rzqLRtehyu4abuau4V8ibzwv3uujjp24V39D9xnJbDBUSHMMjCc9MNQ3AIyQ2XHp8ZU6eXGycvIn
j9qvbKkdELlW04qrVJKQGsrYHCSHJPo1zh0E+zXO9V8Xk7wl2e5X1tjuu4FTf7Vc7AJIqa4WKohgnkicerypDLFIHMDsuaMAgudg/E7O6dIack0npe16Zmv10vjrZSx0v4RuskclZVdDcCSZ8bGNdIQBlwaMnue+SpKX1aKU+csn1rZ9oX2q+OGjz7Gc7PDM5Z2XRNnn4l73VrdLaj01XTU9lN2cadsjXSFz6NxfgMlZIXlocR1h4aO7cHo5db5
aLHa6i83q50tDQUrDLNVVE7YoY2AZLnPcQ0D65wo+cmuAmw3KKqGodU0FdY9UtjEQvlmkbHUSsH3Wzsc1zJQPTJHUB2DgOyjjR+DFo2Wrgp9U8hdXXO0wuy2jhoYoHtZ8mve+RrT7Z6MfRacnUyeUjCjCnmub8mrOTmuB4ifLfRuyuz0rrhorSEkhrr3C3+dzG57DW1gce3ltZHHHGT2e8DpyJG5lr4m1FS2vg5qi1UcLYaelfaYIo2jDWMbWQt
AH0wAPzLd2xHG3Z/jfpl+ltqdKst0dQWura2VxlrK17R2dNMRl3qcNGGtyeloyV+vfzYrSPInbG5bS62uN4obTdX075p7VLFFUgwytlb0ukjkYMuaM5ae2cY9VzqYY0lThpv1s70amGuqs9ErI114frerh5tn29bT2/42RR18THjjqGyVls5m7JebbtWaPkgqL6+kb+NkhjI8qsA/bOiwGPB9YsZw1pzOPZ7ajT2ye2li2s0vWXGqtOnqb7LTTX
CRj6l7Oouy90bGNJy4+jQspuNtoLpRVFtuVNHU0lZG+GeGVgeyWNwIc1zT2IIJBB7EdvQrpWbnUdSnqefhY/Rp4JZrc5HeHJudVby8+Na7oVtujt9VqTTtdXVFNG8vjjldUUnWGE9yzq6sZ74PfKzvxrz+L2fyP/ABm7/vUqlNsH4fuyHG7dS57sbb3XVhrrlS1FD+Dq6tgloaaCaVkhbE1sDZfhMbWt6pHds5ye6yLlHw22y5ajTbNx77qi2t0
s+plo/wACVNPCZDN5fV5nnQS5A8puMdPqfX21Oak6Uo/i1fuZqmkqlST/ACXtY+lyO2jfvvxn1NtbSmMVt4szDQGQ4aKyIMlp+o+zfNjYCfYEqDnhbcp7PtpHduKm81czTVzoLnM+yuubvIa2YkNnonl+Ax4kaXNB+85729j0h3UKmo4aWnipYy/phY2MEnvgDHf8yjTyW8PXYDkzcn6ov9DX6e1U8Br71ZXsjkqMDDRURva6ObAGOogPwAOrAA
GcbjUlKOcZfIw4qUYTdmtCRt3vlpslrnvd7uVLb7fSMM09VVTNhhiYBkve9xDQAPcnH6FzQreSe6/K/nrYNJ8a9xNQWrb3S7I23WroJ5GUddSwyddVUyROHQ/rLhBGXtJPwEYDu33qXwaNKyzwUupuRmr7jZoXZbQx2+OFwb8mufLI1p+vl/mUzdhONm0HG3S7tL7VaZFvjqS19bWyv82rrntz0unl7F+Op3S0YY3J6WjJzYKCnibu1t8iXKjgh
m3voQu8V7Wt31zfNsOJujJnPuerLpDcKyCMn0dIaela4A/dL3TOIPb8W0+y3ja/C64SwW+lp67Z2SsqY4Wsmqn6jurXTSBoDpC1tSGguOTgAD6eyzer4YbY3LktDynu2oNU3DVNK1raWgqaqndbaYNgMLfLjEAlGAXPH4377i7vlb6DcH6LFPk0lfnPNlm26mXNSXe9zl54hHATZXZ/Yv8AXX2C0NJp65aauVPLcum611WZaJ5MZIFRM/pLZHxO
Bbg46s5GMSt2z3mj374L1m4skrX3Gp0XcaW6tDgS2vgpZIp849OpzesD5PC3xr3RFh3I0VfNv9T07prTqG31FtrGsIDvKlYWOLSQQHDOQcHBAK1LsVw2292A2y1XtJpLV2sLhp/Von+0Mu1ZTSyUrpoBDI6AxwRhpcwN+8HDLAfnmRblTnB6PT3NO2OE1qnn2EdfBrax/HTV0Tm5D9Y1QI+eaSkH8ajtcN06ngZubyd2bpnS0tNqe2vrtIBgOGV
FRJinLMYA6IauQk49aXHsulfGji3oDivo246G2+vGoLjb7nc33WaS81EE0zZXxxxlrTFFGA3ETexaTknv6YxPkNwO2S5Lbh2PcrcCr1FT3Sx08VKIrZU08UFZCyZ0rWTiSF7nDL3D4XNPSSPqt1JfUqJ/i1aXZkZhlGePVyxLxy/c+bwq2fGzHDSyWGrpRDdbxZ6i/wByBGHfaKuMyAOH9c2Lyoz/AHtR58FkAaH3NDe4F6pfX+8uXRqptlNWWy
e1vBjhnhfTny8AtY5pb29h2PbstN8XuI+3PE21X2zbdXrUlyg1DVx1lU691MEz2PY0tAYYYYgBg98gn6qqpec5vRqy8TLWKgob4lLyINw3e0WPxmrpcL3cqKgpI45A6orJmRRtP4DaAC55ABOcDv7rpO3djazOf1zNK/F87zTf9dRu3w8MHYbf3dG97t6y1fr+iu99dEaiC13Cijpm+XCyJvQ2Sle8fDG0nLz3z+RYI7wWuLhwf1e7pj8l0twz/
wAxWKbapQi9kdaqhOtKcd7eSsTVoNxdv7zWxW2za609cKyZ2IqelucE0ryASeljXknsCeyg34zef1h9Gkj01fCAf/hKn1/KtibLeFvx/wBh9zrFuxpHWG4VZd7BM+WmhuVwopKZ5fG6M9bY6Rjj2efRw74W4eTfFjb/AJW6RtmitwrxqG3UNpuLbpDJZqiCKZ0rY3xhrjNFKC3EjuwAOcd1JcmcJRzaab7BTk4uT6reRl2zbAdntEB3cHTltHr/
AGrGud/PDaXVvE3faz85Ni6IQ0VTXx/qnoowWwiqkOJDIG+kVS3LX/KU9X3ntI6Zaa0/SaV01adLW6SaSls9FBQQvmIMjo4owxpcQAC4hozgAZ9gvya40NpjcTSN10NrC2R3CzXulkoqymlGQ+J7cHB9WuHYhw7ggEdwEq8qbnDW7M0V9OKhLSxzW8HG8tvuvN677FB5TbnPQVbYyc9Akmq39Ocd8dWP/wC9uowcen48A4yo/cW+FG1XEmq1BWb
b3/VdxdqRlNHVi91dNMGeSZC3y/JgiIz5js9XV6DGO+ZAj4vVv0XetUjUw4Nkkc4Rac3s3c5b7LY/Zg9wD37tuX+AiXUn5Aei0HpbhftlpHkleOUduv2qJdVXvz21FFPVU7re0Ssa13RGIBIMBoxmQ/nW/T/Guaf2oR3S9zdSzrTqLR28kctvFimhg5GbFzVEzYomOa6R7ndLWtFfESSfkPVdGKbdbbCOJgfuVpUdgDm804/6a1Nyj4LbTctr3Y
77uPqPV1snsFLLSUzbJV00LHskeHEvE1PKScjtghaPd4LnFxxy7Xu6fr7XS3D/APRWYO1PA+ls3USnUjPojYmed19rZD0Rbk6Vc4+gF5pif0dfdZTBjI+RGR7fvdvkoF0ngxcX6Oqiq49e7pF0L2vaHXS3EZByM/zj9FPWCFsMbY2E4Y0NH5AttKxh3Uz1REUNBUIz7qqICmPfKAY9yqolhYKhGVVEBTH1VC0H5q5EDVy3oCOYHYz7K5FLIlkeY
iaPcq4MA9yrkVKW9HbGSqeWP64lXopZEsWeU32JHbCCMAYyVeipbFvQPmUDQO2SrkUSSBb0j5lOkZzkq5FbEsi0sBOclOgfNXIlilpYD6qhjB9yPzq9EsSxY2MN7dRx7D5KoaG+hKuRSyvcoVCMqqKgsDAO2Sq9A+ZVyIGrlnljOclVDAPcq5EBTAVC3PvhXIg0KBoH51TpCuRSwLegJ0N9QMFXIqCwx5/bO/Snlge//ar0TrFywMAJOT3Ven6q
5EJaysU6QqFucdz2VyIUp0hULQeyuRSyFi3oanQPmVcioPMxD+uIVfKA9CQr0TXIaZnn5LQQ4E9lXoGerJV6J1hZFnljGMlPLHY5PZXopYb3LegfMp0/2RVyJZAtLAfcqhjHs4hXoliWLDGD+2IHyHZPKbnOSr0VK89S3o/sj6YVnkNznqPpheqKWHWWCIAAdR7IYwcfEexyr0Sy1JZWsWCMD9sfTCCID3KvRXe5bFgjAz3Ku6QqoltwU6e2MlO
kKqJYFvQPmnT9VciWFi3oGc5KdP1KuRBoWCJoVQwA5BKuRLXJYoGgHOSqFgd2JKuRNBYt6B8ynQPmVciaiyLekfMqoAByqopZFCIioP/Z"},"Mes":{"texto":"878pzQd4ED54LKdw5gQcYA=="},"TarjReceptora":{"texto":"66S1eZDKIvLc1ShbruI6MQ=="},"CtaOrdenante":{"texto":"NOMO5Gynh+p6XZ8H4vCgIPamCH
MNrON1QJhE64IetWA="},"CtaReceptora":{"texto":"zGDIMzyTsH+nZNJz+sXssx6FuEQUBQaP/f+slD0qWdY="},"InsSolicitud":{"texto":"jtv+L34sVMvRj4ojh5+7TA=="},"InstOrdenante":{"texto":"jtv+L34sVMvRj4ojh5+7TA=="},"LugarFecha":{"texto":"dZMz9W40fZbgLUXfJj0QKJeyo54dTsFpTq
U9m2cnI9KKPVXDiinvfF/d6Klpuqbk"},"TarjOrdenante":{"texto":"M9Zn5Gsv8ifeEbI9HA5wuQ=="},"InsReceptora":{"texto":"s8bLa/noTck6YPxuXhfEoQ=="},"InsOrdenante":{"texto":"jtv+L34sVMvRj4ojh5+7TA=="}}]}},"resultado":{"fechaRespuesta":"2026-09-18 11:57:04,870","ok":
true,"status":201,"statusText":"OK","headers":{"access-control-allow-origin":"*","connection":"keep-alive","content-length":"322","content-security-policy":"WebServer","content-type":"application/json","date":"Fri, 18 Sep 2026 16:57:04 GMT","strict-transp
ort-security":"WebServer","x-frame-options":"WebServer","x-xss-protection":"WebServer"},"data":{"mensaje":"Documento agregado exitosamente","folio":"ndcapiroumessprod05-3617155-646663342-9","resultado":{"documentos":[{"idTipo":"536","ruta":"mucYKCqRggdMUT
N2-AE3w3dZsAlCUvZVeU1WPZk3g0fZoHNnsDxooHs906znIy7HTBiSni0sPDl-6rBMB9BgdVm0REzBh0cf1kpppDGvETssV2hO_nyWdaC1W5KaSoAa7ahKrKXgnXGcdb7BVb90wv6mtqmn3fR7VO3H1f9250A"}]}}}}
18-09-2026 10:57:13||BIG|info|{"peticionID":"mu77bef1scsqykfe3z9","tiempoEjecucion":"378ms","peticion":{"fechaPeticion":"2026-09-18 11:57:12,639","method":"POST","url":"https://prod-api.bancoazteca.com:8080/red-unica/pos/notificaciones/v1/notificaciones",
"headers":{"Authorization":"Bearer U1VIKuQL2qFcAJDlMP6TBVUUfwvH","x-idAcceso":"95FC069F88BB4292BBBB855C7C48B5A5","Content-Type":"application/json"},"body":{"idTicket":"1-20-10043-343-291-350520260918105704590","canalesEnvio":[{"idTipoCanalEnvio":1,"idPlan
tilla":1}],"operacion":{"folio":"0","numeroTransaccion":0},"idFuente":1,"idAlmacen":1,"idProceso":1,"numeroEconomico":"NT10043","contacto":{"numeroTelefono":"WuYDYwocFHEMpWAnclKNouaqLxNcOsR0UEtVQnDDjVeTPaLRc303q2Mj1e2eH1I5BOoVVZ37XUSerOIeYAnFsl6C2pRIsiAd/
ZTl6G3kSVtwyCwtL6yiXmfr1vT/BC5h70tkZNkW/NPwvpCzI2OkrGjPe/QrmI64CE7+P4s3lGAs8az3iXJ0jX3bPdxGlJBsYs1zkJFg48Q8WlSoFFbZu5vpo0L7MOnVb17Bq/NIxKbCYw2tYwKL9aBC+oNT1xozXoCYR9FVRj/fMx6oSKi8lNE2xn7oLe8Rmotex97OVlGFaOPLeLkRhoTuMStw8dydpWBTeuWP0u2bwEccbiuojw==","corre
o":"Ow4l1gNOx45o99mnc7ERErLTzrh/aiY9PiJkxGXzUGGCfqQGjfOV1Xt+/YqhJO4sSE2g/fT5DinnP1biz6qXGx3tuiSGBr2fqkHFKp36pQyvxaGSHxjgv0IyJum8xvppwR7/lgB7/j0fwzew11zFpQGUccHx1aF1z5dk/d5B2v3Ph3euhiOmeNSVPI9MqWB6KVD0HT77CTEjO0NgpvQiAizc0ucX3ntip5JvJGTmOoMQD9rXLXvO2DRs4Hy
HzhiFmWyJ9O1WYSpV/HhU/BYHAHkNVi4ki7SuHRupRdutbUIS0gWCud5+6korRgDUyUh2Ay+EAX8R9Dw89J9JCIF1ZQ=="},"camposPlantilla":[{"nombre":"WqE6T65eIfW9EildlIHUk8ofdc8ILRQbmjzgjyEPRESJoz5AiV6BamP3LuLOQ75mrXtmNoUmeV47+STW9ndhU9VnV9MV8oEDZjQCk/+PkeCrRRy6KDM2lLz32mI0kPVxw
mEWiVdQsbS9uHP4zYu7BAETlmhFGQmlmGHVn0QU7yi0hFvZRN2J/z6H5o2mXaHGgHarsM5OmDIQWC/xKIwpJNt2PFRa9gCpR19pyZkJANRn2kUwb+nwhDTm/GPK98ZF6CoOujkNq69vMjktck6Hl2eaePBchvwuUDrXFSC1CUQ9iBNzMNxlSFU4WzBYjhqnSYbbhy1J8zkEj8F6eziwbQ==","valor":"WlsOHhR1cevya0dNGfCFoHrgFYF1u
Ofuyojrpzcmoh0gGW4ub3qYHYCfL61/sHKRliDM47XS927GlTfGVbTVDqu4Ncpyu0zZcMEtVhtyOCPMfTjKR6gNabWPPS5WjR7ZOUhFYGdx+k4xPSTGw12xvXnN+vYPKLdELPPh9YUv2FFozXdrDc76s4ix+MoKTTOK3hh9+xRkUR4SkskXGFdhw/tFdOWXaPt6EjxOQYdXCM7YOOQckHh/iraOPLFPfp8UpkNjAaWHarjE3UA485Slz8NGd1YY
4x8w+H6usz/w7nr4tan4Q41P00z9TIPdhtfslDRqUoCGQdAUj3MLJsaAKw=="},{"nombre":"af4vSc27dBXzvhgmQxE0PNHX1W4eeE7FhT8ZMDsDGJzHZS4sBJ6CwBbpxaLmBYAVGe0NtkQSYTAQUkpgEHFsaKU7ZAQPlcuIDbAsZixNB54zKDdflds+DGzshYQR1BDoDtoVoAl2SOI257v6tPaQd6F0kAq/sneC7jghIlyJCi36AYpmCGghY
4H/K3E0NYeVbTXFbiG9imKwokG1y+RyqICI6VvL1PJgNsPUkdBNFKL4Jlc1Ix/AAmXjDD111vhCkWgASD4U+YG8kpn83Em0xOz6YOs2ZPXALUI4CbMRbP4r0YbnXxrNt9nnWDHFjOTKJW9+7yJwZkBv+v+fXdD+4A==","valor":"sNVDJwGdV9LIKuMwimVzJySSKlnMMJgc/gwt7/0nNAoG5HOGrirkbszI7dbMcleq7PEhFVnDZbD3/nUA2
/Z2VEcBXXAge4ci4ABQ2i1YP8yzf3qf1jHal0aSLeD7D2ao12Edc7Y4GTZ2ZMNE0EsAiCKh3jNnLsAkKGFpX26oFSberYHM2dbyQefxZQBopF6wmgUfmJQeVrI9+7jki96pw85scNm2N2b+Zb0V3kG3fRostI2f+6S/ORTGfV8y7h7fs19Hi+VN6md7i2rfeQgZvFnGArKTe5iNbzQG7oUbeJz2q6cQQ8bisYCe2vhC4k5EqXeBaxQVRIQ2eZW3
HG2GLg=="},{"nombre":"JkhXqzkKFdtSXLgiqBwP2nPXXuqrQ1/c3GCiOHIoJ1U3hljcasz6Is65X+1ZWO9X2mXXzT/Yr4JUHRUhWZXIiBOmGTBZ5Q+oNV35VYMeTHI2bNa5a3khmtf99odgA3798hptukCGaD+C+aFNlKd+dcTbpRhu7zQBDEI8tWrp6lpgYNOPH0ZbI+P+HGzuEOxVHanl8mIrSXpjBAj6axK21nf11mmw0CAYvIVrs66js
4YQ55TwNHbgsLCJL8GYexAitPF/L2OfOMturRRuLQIDnIMvAhEmmuEB2BSbDqhkZ6VhBuLHLJ+hPGmhRMDkmQKlQjMBRzTbqf1ZXyMNoWKtag==","valor":"k2Fxwe6jFJ4Wtd9rSDMLvCiONchg47ET8C+XYvc605Q6NmFQGJBFlLgLncNd2jHIrem4VrdqZxLwDvRJsl7QcNnYS+nSc4JqTVNuffNPk5DFKkFK6G48SbR3+1Q+qc6pyMYk6
SMPbNp2pe1/2SuF9xQcEnrgojQRw4x+WKIj6f6b7jLcr6Vjcx0hXYr1n1MVwZ7UtCt9iBJS9zWQwjvqP7SGmRFKiIbMq7PV6C2dOl6wHESfSGjl/8UpwFNrfN20ueG2XyAu/Cmwhe6xW7o9on6BgxPG5i63OjzmVKGsqdxHvxQ82kVQGub6REB4WbxTqCubJdJVb0Wz/jiid3WAew=="},{"nombre":"oeXTBe/UQ8Kt54/VZe4v8GvalY05ue
k6sSPibSSHMZkJSvE6Bq6VOy3mNWfEP/Tl1Br5J4FOnsPi5ZmkVI6KYKeeUWEWM1PNCzo3JinJzKzcFcZMne8/by32p/4+jbEL0zBqNgC7RAMjuIH/FAjaoYr+++ArBjzirTqMV5x/VgKZUrt+DrU8HDdKy5lNnVo6ROlpqyEY2enDiI7Ohq22k/F+ky+QtqplMkP1UvKLnXw/hIVicbYe2dhXKmFR1YKEjQKPTf5Fs3xSlfcF8g2eIMPRlmMOF
+PAx+iipxasSpR+U7+fMAI+i495EERzTwEJfNv2IXlHuYaGfCj739gcpQ==","valor":"NlCyrv95D3KO20SE1d73140y/dmrltgHDtZq473ewGMPEgUooiHXFUEv/G3dB191KiQ6ZwNbdmjWXXC04muDU2N00BCl6Zb3RKp/q2g/VcGYo9BEiqwfEciEXtxlfk+tL39Ie9kqBirgwRG8Q0bPexRKlbvS1NFkX0f3O0/pVPfcHa5MlyqXewEmn
hpTG3gTlbVY+KRcqxX2FbXsVhtam94N/+IJuO0L6u3uSkdEZLmiKVXjS7zmKBss12ZjvXc0DJJPkEVXMhIHQJqUhHnNo6EYmhKLjgA3uq5D2zB+aPpeLFhi/ZH3YMxTng5bGA7/sC8J2Z/0jyLIn3BpslxBvA=="},{"nombre":"JPB2WqRnHQndlvVkvABmBgPYB5gTToqDcvyoHozCxWY/+kdwHlQf//QXuRxQTDX5gdsdlF2QczelJdVQSE
6KsSbdJ8BSYlhQsqipKgwups7bLolmJArHliZxasG5VKWPmT2ejb3+yF+feakoivEEmOEeg9ZNtrDumafDJnKDV0uKWeeqq99y585qCxrDFKfMoNHvrx6C92HfITNavL6nqI8KCTMp4RwqmiPKE69jNkMFbUY7W1yxSE0KUBB3KaZQ0OjA/s08tEGrTd9ZXpdGlfrGTie1Zg3idxIQfiR5e9qclutK/zb+E5K44mDWDIhqK5WKUZneoAaLsoO73
mcmxA==","valor":"KrYQCH/iNMxVpTAqnO5+BN0KubzqYIhgKDajbBDvgnmIN7y6GndSDW7yVIHpxlLWbm+sqqlGiEOtqFpvkSNraxgS1EOC7aFtSURhoLdtKzkln6gIyb7ckjfP51Aj8FpedO+4W5denuVJiXxo0Q4Ow6HUes0Ol51g39WLjNwzXhepjVskbVqNhK0b1j1eCp0hmrOLfop4VZb53CfbYSINicYEHmVNXH62ORUCxLx5AdO/f
LO5BRHZBVxyvYucMXYxpG09N26XZa+ApvFK/dAuRH+sb0s3JoenACfP94jz7D7Ik/wwDtuQlDE6kwvuT7KR3TJaY4ZfxFnAPDOz231hdA=="},{"nombre":"rvPmb+888Se4DCB5TeU2fTxe15qby5s+7XrzuAra2VMSZv5Mh+xAEYeZbxjoBvy6nhUbCQUBoMl/G/AsSh+hO2kXkpzA1fG0kC0G5IH/twpXhKNgT2+xRaOo6Sqn82UcfqnH/e
tt0MTNK+/6JUBzX2lnjDyl3pbQvaovsNsGs8qYQc4fxmNK4rJViiy/6SZ8VnmotN3DNjBQeFTMr8lTpNxoOGPeBfdEPkhrX/8SyfJnXHtkI+BxtAd2XA7HxCMdFJjBHQPvVpA2tg2tw3WmFjyPMR64E7KfMZ/el/98ak7cFm4NXAKMrDzHeSMjOpGaWU9XaImAvdv2l5zMB8c7Gw==","valor":"KZcCdDKU4Sv3RZzrg5+xETsxyOOLIu++UZ
UUTOBicXlxiDvVmOEz3bfR35WUzqGe4lHb68OK9Ilj8vwUkD7GCn/YUNwKo4jWnTrAC+oFj0Z3Sx268cTTO3D7iCPWk4BllOMyX4mrYiUGlEBzBZJT4hZuXOBRSBEjBaiTMJyxcGt+64Cj3xE7TYHdqWBoypiWpyHj0MDSDrIJ/SWebKXB4rRjDdEVZsHSAzHaiHUmiTp09/e+AC9hPoqjXMkoXRLAkIPHIglZA8/Ep+Q1MwgH7hJcTqNoBV/54
PO90svkSci4ngy1YA/0hfKc+BNkQJxZINPdfNRcjA8AlO2ZmEK7gQ=="},{"nombre":"FpmT2Osb6Mo72vIJ0hTCp/sjSEv7G3WmEsY+d/s78c+lwhiq5QembF0J8mNHLRoi6F2bGDDsuOEcSZT/P/L+ToxLvrUofhFJh8/2SNPE9Lv3Er1tgVyiyGHchXmsF7N5XaAzfEUr3EBDTQCw8YSkmdYzlUKi8+dGniVioZbJkqo8Z08XUI3XFkQu4r
XHdrxPSvx1Lg2aU8fuxsIZz3+EKRi498Zxgd99ARC20Xsk1acVIQ8AnFphqKmKAOq194CKvhmnjsqk1cIYC+WWm7rCTudkJ6uaETUoXwdkrKduhzv4//8BY+Vbp2wVhdj+KOzBMdQVV4qJfgB1CsALLRTNFQ==","valor":"WV83h0BMxZtKlgL14xi0yO4ZSZIp65aBLdbJ+AnFCGZSiLN3NZkGlamDmnKkMwGgoBQY2PMwq8vC2XueAuLWAB
c4yUqtC8l1yhkN3YFlo5RZyuy5YChC9lOnb6Ar9aA5Ml/b5shoKu/FO9VwdqTT0rOe4a9hs4MkRHbGdQC1F6Xca1he19vcdyHXb+fUYHwb+PMRXIfhdTYLUclCMW9lL3DPT0FvkBpYn51Iq0OuRO4E3BUOTF6ff8WpOUHa4NYbkqDM0vboNjlr98eKjnuU880ku/zIBLpAWvI8bY5d8lnm7CuIEwaw5b5a3D/2Qpyy/ghjDxA2jXLmsPMYnFfC5
w=="}],"clienteUnico":{"idPais":"VbR2l8QWXMirIvrixXcb0IWKU5/0sE3nnzfxpFkbooYPKZDweusw4Mf/6pHxgIC6p/hq/F15tawGtMoGokvvqCJxqdwHXduOBis1KQeItD3IawCBWDSrMjUq+oejf1Ux0pikapyavgrSWkS4iKRW40e8N0Gd4tXK4ruezwttsGmhWShxOttL8ir8Mv/45M+4OuTnAX+MTvlAhL9Rj13+FtCAyNK6UP
Rs8GnFe2r9x6ZwuZN1MnUk1FN+rqw7SS3c6E4OatkHea7hQaYBj9XL21H7pQhWhNBaQpbsD5TYaGQijUCNpbZrlm9Wyu6cCUSpy4rmFZN4ubSgFxXVwdd2iA==","idCanal":"LRQwjb+HEOAVliguGDQXBBiDWqGmmCHZcAywAaCN3IXatTOxpP8XSvzfWObKHQupdg4PhYsH8CJUGZvT8UMGrmQeShC6h0FhqSD/mzavqZjA958rtg/ZEky9
pGs+6hWNhO9XF2xCvxozvt+++NXfFADhcDKK/0iLZOXWwv+ddbg/sM6NldUZqIR6ItQAFBcS6nXmEGetpgXesJRE5nnKe+o1OrEpZqIbHapYKfbqXSZbly+zmnjJ24YIjP9aay+gU+4D7xgvfP3/zXClPDLVABDfeJdeUkahGbC4QPaAxkUR+mE7laxm4DOBioRzJvPGYg7pQRgV3WWqmhvMNTHqVQ==","idSucursal":"RxHOIq6WVnUIclY
m4gJM4mF2S9FABTlAHFSGVJmPI/WIWNv3GYQ3aFO/I2dZwISN0PHt6Yr+56BB0ybxlU+lyfLs832kQOGl7oR6SCRxekpxqr7PmfpMnNZsOKNjhHin9iTVQ3thKrFYeFhZaaN/Fv05MTC9wc1GKQJNOi7mmAgY7QkIt/SzvtKjt9HYzALDtEcQf3jGGawrcQyFL7RAEWNlZLuZpvQuL95mmQCGaRFEQBlxZUi+x4jXwVvOlHA/lB7tOdgzBdQAvb
Z1YRNOQWHox6QmXMg9+tuw5fxVqR6MA0LN++7UqiBKH0i9BCqShj0s1UP8pN448BzR0oZn5g==","folio":"VEjPSGR9tqCQHTwkLiNT/cSzYaUaE9ZvOPF4rv8tdTNkxAPtMdKc146Q+eoWtp5K8akx1USxduAbG9MPjhNMt4T0fA2FWeQib8zVui0cgfbug4XOy4Ttj+kRYLOuecnsbXpDEcT56OAwtoxm2KszENE11ePmxCdjVZzVbVss7S
T1OtpX/FlxvEEACx+5FzuwwxF7GG15NuhrSOUrF6wux7DWySUaLpAOFqtVOEEh8b6ras4qgBiZXz5ypTQjHmyvPwe+Afbrny/Aq1yCEgF6e/8eOyaiznMZNfcMQtyBaQogue2O4uYd7Q2rTbEMfF3YRQqwm/wWVEKwc2cyu++PVQ=="},"ticket":"JVBERi0xLjUKJeLjz9MKMiAwIG9iago8PC9GaWx0ZXIvRmxhdGVEZWNvZGUvQWx0ZXJu
YXRlL0RldmljZVJHQi9MZW5ndGggMjU5L04gMz4+c3RyZWFtCnicY2BgPJGTnFvMYsDAkJtXUhTk7qQQERmlwP6AgREIwSAxubjAMSDAhwE7AKr6dg2i9rIuyCwc6nABzpTU4mQg/QGIVYqAlgONFAGyRdIhbA0QOwnCtgGxy0sKSoDsABC7KCTIGchOAbI10pHYSUjs5IIikPoeINsmN6c0GeFuBp7UvNBgIM0BxDIMxQxBDO4MTiD/Q5TkL2J
gsPjKwMA8ASGWNJOBYXsrA4PELYSYygIGBv4WBoZt5xFiiDApSCxKBAuxADFTWhoDw6flDAy8kQwMwhcYGLiiYQGBw20KYLe5M+QDYTpDDkMqUMSTIY8hmUEPyDJiMGAwZDADAPtjQ8oKZW5kc3RyZWFtCmVuZG9iagozIDAgb2JqCjw8L0NvbG9yU3BhY2VbL0lDQ0Jhc2VkIDIgMCBSXS9TdWJ0eXBlL0ltYWdlL0hlaWdodCAyMzkvRmlsdG
VyL0RDVERlY29kZS9UeXBlL1hPYmplY3QvV2lkdGggNjYzL0JpdHNQZXJDb21wb25lbnQgOC9MZW5ndGggMTY5NjI+PnN0cmVhbQr/2P/gABBKRklGAAEBAAABAAEAAP/iAdhJQ0NfUFJPRklMRQABAQAAAcgAAAAABDAAAG1udHJSR0IgWFlaIAfgAAEAAQAAAAAAAGFjc3AAAAAAAAAAAAAAAAAAAAAAAAAAAAAAAAAAAAABAAD21gABAAAAA
NMtAAAAAAAAAAAAAAAAAAAAAAAAAAAAAAAAAAAAAAAAAAAAAAAAAAAAAAAAAAAAAAAAAAAACWRlc2MAAADwAAAAJHJYWVoAAAEUAAAAFGdYWVoAAAEoAAAAFGJYWVoAAAE8AAAAFHd0cHQAAAFQAAAAFHJUUkMAAAFkAAAAKGdUUkMAAAFkAAAAKGJUUkMAAAFkAAAAKGNwcnQAAAGMAAAAPG1sdWMAAAAAAAAAAQAAAAxlblVTAAAACAAAABwA
cwBSAEcAQlhZWiAAAAAAAABvogAAOPUAAAOQWFlaIAAAAAAAAGKZAAC3hQAAGNpYWVogAAAAAAAAJKAAAA+EAAC2z1hZWiAAAAAAAAD21gABAAAAANMtcGFyYQAAAAAABAAAAAJmZgAA8qcAAA1ZAAAT0AAAClsAAAAAAAAAAG1sdWMAAAAAAAAAAQAAAAxlblVTAAAAIAAAABwARwBvAG8AZwBsAGUAIABJAG4AYwAuACAAMgAwADEANv/bAEM
AAwICAgICAwICAgMDAwMEBgQEBAQECAYGBQYJCAoKCQgJCQoMDwwKCw4LCQkNEQ0ODxAQERAKDBITEhATDxAQEP/bAEMBAwMDBAMECAQECBALCQsQEBAQEBAQEBAQEBAQEBAQEBAQEBAQEBAQEBAQEBAQEBAQEBAQEBAQEBAQEBAQEBAQEP/AABEIAO8ClwMBIgACEQEDEQH/xAAeAAEAAQUBAQEBAAAAAAAAAAAACAECBgcJAwUECv/EAGYQAA
EDAwMCBAMCBQkNEREBAAEAAgMEBREGBwgSIQkTMUEiUWEUMhUjcYGRFhcZQqGxtMHRGCQmMzVSYmRmc7PU8CU2ODlDVnV2goOFk6KkwtLhJzQ3RFNUVWVydISSlJWyxPHT/8QAGAEBAQEBAQAAAAAAAAAAAAAAAAECAwT/xAA2EQACAQIEAQsDAgYDAAAAAAAAAQIDERIhMUEEIjJRYXGBkaGxwdETI0JS4RQkMzRygmLC8v/aAAwDAQACEQMRA
D8A6poiIAiIgCIiAIiIAiIgCIiAIiIAiIgCIiAIiIAiIgCIiAIiIAiIgCIiAIiIAiIgCIiAIiIAiIgCIiAIiIAiIgCIiAIiIAiIgCIiAIiIAiIgCIiAIiIAiIgCIiAIiIAiIgCIiAIiIAiIgCIiAIiIAiIgCIiAIiIAiIgCIiAIiIAiIgCIiAIiIAiIgCIiAIiIAiIgCIiAIiIAiIgCIiAIiIAiIgCIiAIiIAiIgCIiAIiIAiIgCIiAIiIAiIgC
IiAIiIAiIgCIiAIiIAiIgCIiAIiIAiIgCIiAIiIAiIgCIiAIiIAiIgCIiAIiIAiIgCIiAIiIAiIgCIiAIiIAiIgCIiAIiIAiIgCIiAIiIAiIgCIiAIiIAiIgCIiAIiIAiIgCIiAIiIAiIgCIiAIiIAiIgCIiAIiIAiIgCIiAIiIAiIgCIiAIiIAiIgCIiAIiIAiIgCIiAIiIAiIgCIiAIiIAiIgCIiAIiIAiIgCIiAIiIAiIgCIiAIiIAiIgCIi
AIiIAiIgCIiAIiIAiIgCIiAIiIAiIgCIiAIiIAiIgCIiAIiIAiIgCIiAIiIAiIgCIiAIiIAiIgCIiAIiIAiIgCIiAIiIAiIgCIiAIiIAiIgCIiAIiIAiIgCIiAIiIAiIgCIiAIiIAiIgCIiAIiIAiIgCIiAIiIAiIgCIiAIiIAiIgCIiAIiIAiIgCIiAIiIAiIgCIiAIiIAiIgCIiAIiIAiIgCIiAIiIAiIgCIiAIiIAiIgCIiAIiIAiIgCIiAI
iIAiIgCIiAIiIAiIgCIiAIiIAiIgCIiAIiIAiIgCIiAIiIAiIgCIiAIiIAiIgCIiAIiIAiIgCIiAIiIAiIgCIiAIiIAiIgCIiAIiIAiIgCIiAIiIAiIgCIiAIiIAiIgCIiAIiIAiIgCIiAIiIAiIgCIiAIiIAiIgCIiAIiIAiIgCIiAIiIAiIgCIiAIiIAiIgCIiAIiIAiIgCIiAIiIAiIgCIiAIiIAiIgCIiAIiIAiIgCIiAIiIAiIgCIiAIiI
AiIgCIiAIiIAiIgCIiAIiIAiIgCIiAIiIAiIgCIiAIiIAiIgCIiAIiIAiIgCIiAIiIAiIgCIiAIiIAiIgCIiAIiIAiIgCIiAIiIAiIgCIiAIiIAiIgCIiAIiIAiIgCIiAIiIAiIgCIiAIiIAiIgCIiAIiIAiIgCIiAIiIAiIgCIiAIiIAiIgCIiAIiIAiIgCIiAIiIAiIgCIiAIiIAiIgCIiAIiIAiIgCIiAIiIAiIgCIiAIiIAiIgCIiAIiIAi
IgCIiAIiIAiIgCIiAIiIAiIgCIiAIiIAiIgCIiAIiIAiIgCIiAIiIAiIgCIiAIiIAiIgCIiAIiIAiIgCIiAIiIAiIgCIiAIiIAiIgCIiAIiIAiIgCIiAIiIAiIgCIiAIiIAiIgCIiAIiIAiIgCIiAIiIAiIgCIiAIiIAiIgCIiAIiIAiIgCIiAIiIAiIgCIiAIiIAiIgCIiAIiIAiIgCIiAIiIAiIgCIiAIiIAiIgCIiAIiIAiIgCIiAIiIAiIg
CIiAIiIAiIgCIiAIiIAiIgCIiAIiIAiIgCIiAIiIAiIgCIiAIiIAiIgCIiAIiIAiIgCIiAIiIAiIgCIiAIiIAiIgCIiAIiIAiIgCIiAIiIAiIgCIiAIiIAiIgCIiAIiIAiIgCIiAIiIAiIgCIiAIiIAiIgCIiAIiIAiIgCIiAKhz7KqtecYUYKknCDPutf72b26E2A0LNuJuNX1FHZKeogppJYKZ87w+V3S34GAuIz8go7fss/DNuOvV+oAD/AO
oKjt+4sp3vbYNNJSe5MnKE/LCht+y08MT6auv/AHIH9QKn+Rb0snJHa/UWxk3Im13Oqfounoam4yVT6N7JhBA57ZHeSfiyCx2G+pwtO8VikTdJas2plwHsnUR64Wtti9/tuuRmi5dfbXXCrrLPFXS250lTSPp3+dGxjnDpfgkYkb3+v0Wrt3PEP4y7I6/uu2ev9SXamv8AZzCKqCntE87GmSJkrcPaMH4XhJNxai1mI8pYkSa6igdn0UO6fxX+G
M0ohl13eaZucGWTT1WWD8oawu/cW9touSmx2/FHPW7SblWfUP2VofPTRSOhqoWHGHvp5gyZjSSAHOYATkAkg4qRG8Ops5pJzn2TqXwtX6vtGhdI3rW+o5XQ2qwW+e6VsjIy5zaeGN0kjg0dyelpwFpLZHnrxx5B62bt7txqevnvj6WWsigrLZLTNljjx1hrnjBcAc49cNcfQLKbk2lsV8mON6EigT39E6j6dl5iTq9D6kj0+XqsA3u3025486Gf
uFufeJLfZ2VMNGHw0755HzSEhrWMZku7Bx+ga4qOWEtnLJGw8uHrhCXey1bsFyR2u5L6brtWbU3Orrbbba02+odVUb6d7Zgxj8Br8Ejpkb3x7rZ0knSOsnA9O62+TqZUlLQv6nfT0TqPofVaA0fzi48a63mm2G05q2pn1bBWVdD5TqCVlPJNT9XmNZMR0O7McQQcHHY9xnfcT3OxnH1Kmbz2ehdHhep6kn2TLlqvf7krtbxp0/btTbsXOsoaG61
goKZ1LRSVDnTdDn4LWZIGGu7nt+kLRbfFm4aAtLtX39oJAy6wVIwM4Ofh9u/6FmLxK6K01qTIPV7Kp6vbCj7tdzz4o7w3aGxaM3gtf4UqHBkNFc4ZrdJM8nDWx/aWMbI4n0awuJW+xKXH4e4Pofb2/wC1aeSxbGU75M9sn6KjnuGPRfC1brPTeg9PVuq9aX2hs1mt0fm1VfXTthghbkD4nnsCSQACe7iAMkqHGrvGD4n6auklutNJrbU8cb+kVd
qtMTIHgHBLftU0Lz74+Dv+TuoryeBammm0Tk6jnvjCuBz2Ki9sn4jfFzfW702m7Fq+p09fKx4jprbqOBtFJO4nAayUPdA95JADGyF5PYAqTsTus9WRjv8Avq2drsmLOx6qhOAqrAN7969B7AaEm3G3IrqijslPUw0sksFM+d4fK7pb8DAXEZ+QSTwq7NKLk7R1M96iAhd6Ywoa/ss3DUBpOrr+Ae/9QKj+RP2Wfhi8gN1dqDP+wFT/ACKtOORnO
1yZIce+cYVwOSsI2o3c0XvRt9bdzdC1s1RYbsJX0s08DoXuEcjo3ZY7u34mOGCsU2E5W7PckbhqC27W3eurJtMGFtwFTQS0wYZHSNb0l4HV3if6emB81MMlLD0Zi9lfbTvNxqhJCqvk6s1La9Haaumq73K+O32ejnr6t7GF7mwwxukkIaO7iGtJwO6N2WZbN5I+oXFWl7hnOFDc+LPw1acP1dfgR2IFgqex/Qg8Wfhk7s3WGoM4z/nfqPT9CXb0
DTiTI63dvRVDjlaj4/8AKPaTk1brrdtpbrW11PZJoqerNVQy0xa+RpLQOsDqGGnJHos/1ZrTTehbBW6s1le6Gy2a3RebVVtdO2GGFucDqc44yXENA9SSAMk4SV4c4zF4naJ97qKdR+igzq3xheKGnrpLbbPRa31PFE4j7ba7VFHTvAOMj7TNE/H1LAP49pbCeINxq5DXeDS+ktV1Fo1HU9oLNf6cUdTOR6ticHOikd2PwMeXnBPTgZVSbzQbtqS
ULj7BASfktb74b/bd8dtFN3A3Qr6qjszqyKgEtNSvqHebIHOaOlmTjDD39FH79ln4aFpc3WF/9P8AW/U9v3Pmonc0kyZXf6Kji4emPzqG/wCyz8Mjk/qyv2PQf5gVPr/8q2HsZzr49cjtYTaE2tv91rbvT0MlxfHVWqanZ5DHsY49bxjOZGditKLvYzKSSuyQoLh64VOon0wor7g+JRxX2v1pedAau1NeoLxYKyShrmQ2WeRjZmHDg14GHd/kV8
eh8VvhbUziKq3Au1C30MtRp6tLR6e0cbj7/JZSulYrTi2nsTB6j7kIXHHY91r/AGo322l3xtMt62n17aNS09P0/aG0U346Dqz0iWJ2JIs4OOtozg4zg4zrrc1o6gD39sn/AC/Ijy1EXi0LnyuZgktAUetyucO2O3G+Np47xaV1hqrWl3ZA5lJp+ippmQGbJayV01RH0kMHmOOCGsIcSAv0cheb3HvjbUfgbcHVctRfywSCx2iD7VW9JHYvbkMiz
2I8xzcgggEd1B3arnpwa0RvbqfeZ23O6TtS6xkcKm9XaOjrfsjHnL44o2TAwx4DRhvW7DQPTsVK8pJy039jTTUG0m3t89x1ejme773T8/QhegeSfRYBtDvftbvppdur9qdX0V+txIikdDlksD8ZDJYnAPifgj4XAHBB9CF7bwbw6L2J0BX7mbiVc9JYrY+GOomgpnzvaZZGxs+BmXY6nAHsrJfT52RimnKyjn8mclx+Srl3yWudj9/dsuRGjW67
2sv4uds+0SUkokhdDNTzsAJjkjeA5pw5rh7Fr2kE5Wwy/tn07D1CNNZMRd8y/qOPqnUfktPaP5U7Qa73ov8Ax/07da+XWOmo5ZbhTvoJWQsbG9jXkSkdLu8jVZv/AMrtneMzbE/dm711ANRvnZQfZqGSp6zD5fXnoBx/TWfpWc8uvQtm21utTcnUcp1HK/PT1kdTTsq4cujlaHtODktIyDj1/Nhab395h7CcbGRQbn61igutREJqezUMTqqvmYc
4d5TPuNODh0ha04OCSMJJ4NSx5autDdfXk9inUer2woG2zxk+K9ddWUNRpjcW308j+gVtRaaV0TRnBc5sVS+Tp9+zScA9s9jLzareTbfe3S8estrdW0GoLTKegzUziHwydId5csbsPifgg9D2g4IPurhktTLklqZsXH2x+dVLiPReLZCfXpx6jv7Z7Fad5A8uNlOMUlmi3bv9ZQSX5szqKOloJal7mxFoe5wYD0gF7Rk+pJx6I3tuaUZPI3R1Ox
7KhccfVfG0fq6ya60vadY6brWVdpvdDDcKKdoIEkMrA9hwe47Edj3XvqO/27S1guWprvI9lDaaOauqnMb1FsUTC95AHcnDT2Hqj5LzMxeNXR9EPcfYKvU7Pso3bO+IHxq3419R7abd6ouM9/r455aaGrtU1O2QRML3gOeAC4Na52PkCpHBxc7Hb0z/ACfx/oVs7XY3w7np1FOorA95d5tB7C6DrdydyLnJQ2ShkhikfFA6aR8krwxjWMb8TiSfQ
e2T6ArH9gOUW0nJq13a77T3Wtraayztpqs1VDJTFr3N6gGh4+Lt7hZi8d7bFbas2bc6j8k6jhRl3Z8RDjNspr+7bZa91HeKa+2V0TauKC0TTRt8yJsrcPaMO+F49Fh48Wbhp2zq6/8AzGLBU+n6P8vopFuSUloytYXhepMkudgdhlV6j7hRh2u8RnjBvJr60baaE1Jeam+3uV8dJFPZ5oY3FrHPIL3AAfCw+q2Xv7yR2w416ZodXbqXKsorbca0
UED6WikqHmYxveGlrBkDEbu5wM4+eVZcm0nuSN5PCjaZcR7J1FYltfudo3eLRFq3F0BeY7pYrxD51LUMa5pOHFrmua4Ate1wLXNIyCCCsokkbGHOPYYPcqy5LzJF4j06zj2QPOfb0WldqOXGzW9FVrGk0JeK+pk0IzqvQmt8sPlAGQHp6h8feF/pn0C1D+yy8Nurp/VffsgkY/AFT3x+Rqibyv0XKs79TsTIDj74QuP0UNv2WbhmGnGrtQH/AIA
qP5F+60eKZxDv13orDbNW311bcJ2UtO11hqWtdI9wa3Li3ABJ9fT6rSTaDeFXZLvqdn2+aNeSe+MLRe/fMnZHjRc7NaN2L1caKovkD6mkFLbpaoOja4BxJYD0+o7H8y1U3xaeGYwXasv/AKf+gKgfuYUWauipPCn05ky+pM91DiDxYuGlTPHTxavv3XK8MBdYagAZOO/ZTCp5RMxrw1w6m57jCKMkrsl87HsiIqUK14yFcrXeyjBDTxYwG8O7we
+fwzbO/wAvxpXhwq4xcddacX9utSat2N0LeLrXWds1TXVtip5p53F7gHPkczLjgep+QXv4suf5j274xk3m2j1H/lT6e/6O6izx1n8VhuymkWbHQafdogW9v4GNQ60dfkdTsdXnO8zOc/eCtLmVO1eha65NOzyzOhj+HHFBo6hxy25GPlpul7f8hY9yk0jpfQfDfczTOi9P0FitFFpO6/Zbfb6dlPTwZike4MjYA1oLiXYAHd2VoPayXxcH7laYb
uvS6c/Ud+Fab8OeQbP1/YvMHm9PlEvz05x091JPmf0/zKO62MZ/Upc8gfP7O9cuIVqTNUH99GhvB5HVxRrzkjOrK70P9r0q0Ne9LaZ1l4x9fprWGn7ZfLTUx5nobnSsqaeXosTXN645AWOwWgjI9QCt8+Dv/oUK7/bZXfwemUUOQNy3rtPin6hruPVkpbtruNsP4NpKnyvLkBtEYlz5r2M7R9Z7uHp7+h9NSy4+LfRL0OFNN8JVSdv/AEdP6vix
xkrKd9NU8ddtHskBB6dJ0APf1LSIsg/UYOe+QuZfN3aXSvCPkptnuhx1mm09UXiSStks9PVPfHC+GWNsgbk9XkTslLXRkluGyAfCekfX3l5i+KBsjbYa/dLQVo0zRVb/ACWXFllhqadspyQwzRyyRNdgdg4gnBwDhbD4zcONecjdeae5d8md6bRuBCDDW2a32mTzYXuieXRRyny2RwMjkyTAxh+Lq6iD1g5pJxmqieS1+DcpKnB05bp2+Sa/Jp7
jxi3RPZmdE3gAZ9P5xlAH6ey4p7CG4bAz7RcsKN04tztZVliu5aMhsUbIC9ufYyU9TMB7fiycLtdykAZxn3VGB/nLvQP1/nKX/tXNvYnZ/wDXi8KXXlro6US3XT+qa3UVuOMlstLT0zn4+rofNbj+yC5Uqn0atSslphv2X+DcY4qEKMvyuu+2XmdcaWpiqKWKshkZJHNG17HsOWub6gg+4x+lc2PE1uNZvbvVoHi9YauRsFotldq6+GI5ayNkEr
gHY+65sME+M/8AnDfmpM8AN4ot1eJektQXCta6v05SGxXMyOx0SUbQxrnkn1dF5Lyfm8qMvF6nl301tyf5gXJr30dfQ3PTmm5XN9KVlOT1DPoRCylH+6crVglVd9Ipy+DHD1JRpqSXKdo9+/gjJvBeZ0bEazaB2GrJB+Uijp/8vzqWfKfd+l2M2D1luZNKxlRa7a9tAD+3rJfxVOMf3x7M/QEqJfgxPB2J1mT/AK7ZP4LTfx/vr4Xix7j0uodSb
Y8ZW6oorTT3q5w3i/VlVVMgp6WEyOggfNI4hrWDM73dXYBjSt8XD6so0r85JeSuTho2nOyuotvwI4XjYrUWxfF3ZjmXZqeYavg1S++XeaRvxPp6h7XUjpD7sxACSfU1RC7K7d6zsu4uibDrrT84mt1+t1PcKVwOfxcsbXgH6jOCPYhRt3s1/wAQdxuN2oNi7VyD2tjp59Pfg60x/qroC2GaCMfZP9Uz8L4ozj3wtceEHvYdY7KXXaG6VLX3HQlc
TSZeD1W+pJewD3d0yiYE9wA5gz3AW7uq6kFtmuzT2OcrqNOtLV5S7818HyfGkGdmdBD+6rPr86Wb+RSB2f4lcYL1tHoq53Xj9t/V1ldpy3TVFRLp+lMssr6ZjnyOf0dReXOJLs5yo+eNAerZrQZz2Oqm4/J9lnU3Nij/ANxPb8/3MWv+CxrnRgv4ZvfG/Q7VW8cF0xv5kPOXXhbbO6y0Rc9VbDabZpHWdugkqqeiopH/AGG5Frc+Q6JxLY3uxhr
2dIyfiDs5Hp4UnJTVe623l52n3AuU9de9BmIUdVUyF089vky1sbyfiLoXsczJ/aujHtkzyqGB0Dsj9qfZcrfDohbT8999qK0t6bVDFfGNawnpa0XaIMx+QDA+n5FKMnedN/pcuyxKkcVJTWqkvA+NyUvusee/N2m4xaev09FoLR9bLT1jqcZY00/asq3N9HSdWYIs9genGOtxPRva7jHsRtBp2n0zofa/T1LDHEGTVMtFHPVVRxgumne0vlJ+bj
j5ADAXPjwq4oqrlZvNXXljfw02mqw4POX/AB3Bpm7+/wAYYM++V1ZZgHJJ9wtqCp0acF0Xb6bkm3KrON8ouyIY81PDz2r3j0JddV7Y6Pt2mNwrbTyVdDNaaZlNFcntBJgniYAxzn46WyY6mu6SSWgg/k8LLk1f969rbnt9rqvlrNS6BkipvtM7y6apoJA7yXSF3dz2Fj4yfcNjJy4uJmtVFvkvc5uQAcdvouWfhjiOm5z750FpAFqjp7w2JrHZY
Gsu8LYsfMdJfg/l+axw75U6e1r9mfuWqlKmp7qS71udV1DTxaP9B1eMev4ZtuP+NUy1DTxaf9B1eP8AZm3f4VYq83w9T08L/VXf6H5uFXGHjprPi9t3qTVmxuhrxda6ztlqa6usVNNPM4vcMvkczqce3qfkFu53DjigACOOW3Ofppyl/wCouefHag8VuXZTSUmyF8sMWhzQD8CsqGWfrbT9TsA+dGZM5z94lbEdbPGxIIdqLTIGe34uxev/ABS9
FblVZLrPDR5NNM6Eaf0dpXQ+mI9MaM0/QWKzUUMopqC207aemha5znuDI2ANblznEgD1OVzg8GYk6w3u+Xn2z/CVi6FbXx7gxbUafZuxLBJrMWiL8OPhEYY6s8seaW+WAzBd/WjC56+DL/nv3t/v9t/wlYsUf69T/H3Nz/tlb9aOoq13yK7bCbinqDf6Fbtgnv3+yS4GD659MLYi15yJx+sHuOSew0nd85OBj7HLlcK/9Nnelz12nPzwntitmN1
NldV3jcvanSmqK+n1VLTw1N3tMNVLFCKWncI2ukaSGhznnA93FTffw54otw4ccdue39zdJ8j/AGC5U8G6TxA59uL6eJNztVJpw3yQ3Btay29Tq7yYupw+1Mc/Hl+UPh+Ht88qR5tnjZdJB1Bpr5jDLF//AJr01NtskcIrlyd92T42/wBptsdqaasottdv9P6Wgrnskqo7RQRUrZ3tyGuk8sAuIycE+mSua/K686j5r85bLxItd7qqHRGlZwboKV
3SHyxxiWsmd6hz2N/EM6gQ14JA+J2Z08TafkzDttXM5VVdDU6wdc5vs76MUgZ9i8uPoB+ytbHnzPNPfv3+SgpwYlid4mm9brv0/hB79RiHzD8Rf+FYurH16QfzBYhBT4lRlnhTfUHNw4adSKs20vFnQ/bnjbsXtXpyDS+i9rdN0VHDGInyOt8U1RUHGC+aV7S+Vzh6l5Jx29MARR58+H7Ydb6Vbulx00PBZtxLRVQymisUbKRt0jMjQSGN6WMmY
SJBKOkkNcHEnpLZ8MHw4B7Y7Y9CMJMPg7DOD6E9isSvK0r2Z0i8OVsjSG0WhtS7sce9LaZ5dbaWi4ajpoW/hS3XRtPcI5J4S5kdQSxz4zI+Ppc4g9nPeO3osX3z4ncZbLstr69WnYHQFFX0WmbpU01VT6fpY5YZW0ryx7HhnU1zSAQQcg9x3Ul2HOSDnI7FYByHz+sFuPn/AFp3b+CSrPEPkyayLQTjNQbvmc//AAndh9ld0dk9UXfcnarSuqK6
n1RLTw1N2tUNVLFEKWncGNc9pIblzjj0ySfc56BaH4+bG7YXh+odutpdJ6ZuckLqV1ZarRBSzOic5pcwvjaD0ktacZxlo+Shx4MP/gC1d/tum/gdKug78/ur11uS8uheh5oXnKSf6n6nJnYXRej9deKdu7Y9c6Us2orcH3qYUl1oYqqHzBUwgP6JGkdQBIzjPc/MroZc+J/F+5UklHV8d9t3RygxnytMUULwCMEteyMPace4IP1C5WOvfIqxeIr
u1W8Y9O2+9axNddo301aYBGKQzx+Y7M0sbAQ7y/22f3VmG8vNnxMdmJKK37s6XtGi47o/yILnLYIpqbqOM4ma+WJxAOS3BcB7LhF3pU8tvc9NWLVeo7309Dw3W26svCnxDtt4dhquoobXqua3yVVmE75BHBVVbqael+LJMT2sy0PLi15z+1auk3KbehmwGwWq91fLjlrbbRCO3wvOWSVkpEcLT3Bc0PeCQO/S04we6inxF4Q6r1HuVbOX3Izd62
7h32sbFdLMLVUGopPM6QIpnzdLGkRjHRFEwRsLRg4HSch8Yaavh4qUEdGXeTJqyiFQf7D7PVEf8oM/fWa16dKNKbvK+fj7EopV+IxR0svFb95pLw3eIto30nuvKzkHQjVUt3uU7rXSXRnmw1k4fmasmY74ZR1lzGsI6QWvODhpHSPUuz21GrrA7S+p9uNM3O0ujMQpKm1QPjY0jA6QW/CR7FuCPZa44L0dqo+Je2EFpDBCdPwSuDTnEz8vl/OZH
OOPb0W+C3HcEA/5fx4XatbE6dskrHGlJ1b1m83n+xyE1/p64eGNzNsGptEVVZ+tbrnBnoppXSBtGZGsqYCScvfAXMljcfiILGkklxMwfFBnirOE+rqqmfHLHLPapGPb3DmmthIcD75B/dWmfGjhoTtnt3VPDPt0WoZWwOJHV5LqZxkx7/ebH+QgfRZfzNmr5/C4tlTci41cmntLSTdX3vMLqUuz9c9/yrjJt8M282pW9D1UEocXBreN2Qy4h7oa
74M670NrPWTppNrt4LZFPUyxNJZHiUsMvSP9Vp3n4m98xS9hlw6e2tvrqK5UsFbbqmOelqYmzwyxSB7ZI3DLHgg4LXDuD3BHdQX20416f5QeGzoXb+5Ohp7tDaHVtir3MyaOva+QMcSO/Q/7rwPVrifvYK+B4ZXJDUNrq7pw43oM1BrDRcs1NZGVpxJJTxEiSjJ/bGLBew5OYz8PZgXpqpSnKi9Y6da/Y8MLqEay316s9e8xbjF38WDef60d1/h
NIvLxrGhrNnzk96m7/wD6nv6r24xf6bDvNgYxRXU+vzqaReXjYdo9nvpU3f8AepVySb/h11r1PWpW4ivL/j/1Jy76bsU2xnHnUO6tTFHM+xWZstNC84bNUvaGQRn6OkcwE/IlQV8ObinZOQP4a5b8kaJms7pfrrP+C6W6MEtM9zHASVMkRHRIOrqjZGR0MEZw37vTvPxRDWN4P3FlM5wifW2htRgdvL81pGfp1dH7iznw33Ub+G23DqQtx9kq/M
APpJ9sm68/XqVVnKrUto7LqOL5FGjTX5Xb7rZG3tTbFbMaq08/TGodqdJ19qlYIzSy2enLGj2LB0fC4HGCMEeoIwoI7QcTt+eJvNx1Tsbpq5XjZ3UDYzdTLcIWRUtJKXAxvMsgfLLTPy9mA55YWjPxuK6TykdOCMj0x815OLMhrsjOSMk/y5+X6QsRbjLEmbklKOBgvPQepw7A5OcDP5ly/wBS6Boue/N7de3VsnnaU220tWacts3T+LjujmviY
849XNqX1DwfUiBinhyb3cptjdh9ZbnTzMbU2m2SChDyB11kg6KdpH1kczP0yoZ+GFr7YHaPZC46k3D3v0FZ9X63u81wrae56kpIKyOKMmOJksckge1xIlf8XciUfNZgsU5VP0rzehptxgraydu5a+OhmnhO7rV982dvWyOp8w3/AGzustF5EmGvFJK9zmg+5LZWzt/IGBS13u8w7M67GMu/U1c8YH7b7LJ8/quaFj3V252S8T5+o9u9eaevmh91
uiCuqLLdYa2CKeuc3IkfE5zWvbVsDyCe0cmV0u3rPVszrwk5a7TNzOQf7Vk/7VriOXQVR7rz3M0YqHEOktLprsZwe2borxs7ZNA8s7KyaSGw7iSWa5NaSB5bKemnjb29PMjfVsP5Me6/oJtFyor5aKO9W2pbPSXCnjqYJo3ZbJHI0FrgfqCCPyhcmOJG0p3t8NjePR9LTGoudNqWru1qaBl32ympKSVjW/2Tw1zP92pleGpu+N0uJ+nBcK3zblo
98unK0udkgQNaYT+TyHxDPzBXebShKL/Gz7mvk5Su6uNbuUe9PLyNLeJtcrlvFujtPxLsFY8G61TtRXsRHvHTRtewPPt8MTat+CD91pXzvBTj8vQO5MLj9280gyPf8S7+LH6V+3i2DyE5Vb+cqKtv2i0WGCo0rpp7m5ZgR9BkjPzEMTSR/bJ+a/D4LBJ0RuYfc3mlGfyQuXHh44abT1cb+L08DpxbvFNfjNR8s/Mwa5aM0jr3xhr1pfXGm7ZfrN
UxudPQXKlZUU8pZZGOb1xvBa7pc1rhkdiAfUKf7eHXFNxLXcctusAnBOnKUn8/wLmZvlDvpP4pWqY+OFVS0+vSIzbZakQGNrfwRF52fPa6PvH1juPdbtFs8a71bqLTB+RDLF7f70s0v7en2e514iFuJnn0ehNvTXGXjxoe/UeqdHbI6Jsl4oXF1LX2+yU8FRC4tLSWPa0OaS0kdj7qIXjPt8zYPRzC5oB1dH9Qf50qgfz/AD/yBzjjLQeJdHuvR
v5O3iyVOhPslR9pjpW2vzPP6PxWPs0YkI6vrj9xYX4zWRsNotvV3/VfDn/6Wp/k/eUqrFKmn+pepmjJ4pNLZ+hpTgzu9q/hZvVBxy3krRDo/cCCiutlrpiW08E9VE0wVDSewZKMRSezZGDJAa5x61Sl0lPI4u7Fpx0n+NQr5P8AEun5L8RtFV+mqVrdd6U0zQ1tilacOqGfZIzJRE/J4HwE/deGnIBcvfw3eWM2+O20+1+vKqRuv9DwClqvtJxL
X0bfgZOc9y9rsRyZ79XST97t1rWqRnH8o371s/k5RWFwqR5srX6n+5prwm6Smr90OQtBWQRzU9RXQRzRPaHNkY6esBDgfUEEj85U2jw54pfe/mdNusn1/obpO/5fxfdQr8JEAbu7/gEkfhGmwcdv++azv/l9V02d6FWpzad/0r0Lf7lS2mJnITaTZ3aq5+KbrfbO5bd6eq9J0TLh9msk1uidRQ9MMZb0wkdAAJJAx7ldHqPiPxdoKynuVDx829p
qqmmZPDLFp2ka6ORruprmkM7EHuMKCOy3+nC7g/8AsXP/AAES6kftFIu1Km+le5ajb4ifYvQ5aeLPQUlfyE2OttZTsqKao/FSwyMDmyMdWxBzSD2II7HPspzU/DzilKxrn8dNuXOc0E/0OUuP/wAP/wCqBnjAi8/r3bODTr2tu32aT7AX9OBU/a4/KJ6vhx19Pr2WXttvjWZ/nfUemnNwOklli7j54MWfl6/JYgvs/wCzN1l92H+KJlN4e8Vad7
ZYOOm3TJGn4XN07Sgg/T4PVbfgYxmWsAAx6AY+n8S556Ht3jDt1rp92vb7p2TTQulKbuyNll6nUQlb5wHRGH5LOofCcrobC0t7kk5+f7/+XbstvSxz/M9URFk2Fa4ZwrlQnGFGCGniyE/zHd5AP3rzbQR/vuP41sXgCSeIe2GSTixsHc/2blm/IjYDR3JbbWo2s1zc7zQWqqqoKt89pmiiqA+J3U0B0scjcE+vw/oX29ndrdP7LbcWHa7S1ZcKq
1adpBR0s1fIx9Q9gJOZHMYxpPf2aB9Fqm8MZx6WvIxVvP6dtr37zMy1rgQRkH1C0nzUYG8Ud1SCe2k7kP8Am7gt3LFd0tvbLuxt7qDbbUVVW01s1Jb57bVzUT2MnZFKwtcY3Pa5odg9iWkfQrjXi503GOp3pSUJqTIfeD11N4o1w/usr/4PTLTdKAfGqqD7CM5/+whT0418btD8XNvptttAXW+3G2TXGa6OmvM8Ms4lkYxrm9UUUbenEbcDpz3P
dYzFww2wi5Qycs23/VP6rpAWuojVU/4NwaT7L/S/I83+l9/6b97v6dl6p1IvilWXNz81Y8zj/LTpLWXzc25rnROltxdI3TQ2srRBdbLeqd1HWUk4y2Rjv3Q4HuHDBaQCCCARy32L11qLw2+V1z4+bi3Opm2s1hUMqLbX1JPlwskJbBXD2GA3ypsAfc6u4Y3PWboaRgE9jlaS5OcQ9p+VlmtFo3IkvFDPY6l1TQ3KzTxQ1cYeMPi65Y5GljiGEjp
zljSCMLhBuFSMo5xeTOssM6bjJ75dTPscoHtl4zbqvY4Fp0VecEHOW/YpSCPoo1+EPTRVXEq50tQwSRzaruMbmOGQ4OpqYEEe/qpP2rYmxW/YmfYGt1bqW72WosVRp11xr6iB9yFHLE6IDzGQtjLmMd0tJjPZrc9WDn8nGzjfoji9t9NtvoC7X2vts9xmubpbxPDLOJZWRsc0Oiijb04jbgdOe57/ACiSUquLdJGHKUoQ/Um33W+Tli7dit4TDk
9xkZJNBNeXAaRAJw1tS9sfU0+zvsdQ1+fnAV0G2N2fGx3BUaGmp/KuP6j6+43MFuHGsqKeSWUO98tLgz8jB8l+/evgPshvzvFZd7daVOooL1ZmUsZpKCpp46OubTymRn2hj4Xvdnq6D0vbloA7eq35qHTtDqTTly01XSTxUt1opqCZ0TgJGxysLCWlwPcBxIyCM+xVbbouL57ST7Fobk0qyksop373qQD8GqdlJsJraSV7Y2s1ZK4uJwABSU+Vq
jYjbPR/iD80t190dzbNLe9BWECkoKYVU9O2QdXlUWHwva8DyoZZCGuHxEZyDgzm2Z4Ybb7F7S6u2f0Nq3WTbbrF9S6rr6mspnV1M6aBsDzA9lO1jcMYCC5jsEk/LGQcZuLW23FTR1do3bmqvNdBcrg+5VNXd5oZaqSQsawNLooo29DQzsOnt1O791tuLqY2r2iku3c5STUJwWTcr/66+JrZ3hfcGcZGyAA7YP6pbx74/tpRCtmnbNwB8SW02PTt
NLadutfUsFFTQvnklZDT1ZEbWmWVznO8uriDsuJIbjJOcrrN0/InK0Nye4YbVcr3adn3Aueo7VV6XfM6hq7FUwQTFsnT1Me6WGUFoLGkYAIPupGo6dRPVbnR4XCUelZdpGTxn5GnZbQT/wC6oZ9vSlm/lKlpsjujttS7NaEpKncHTUE0OmrY18cl1p2uY4UrA5pBfkEYIP5F8zkTxA2+5O6C07t/uRqnVjKXTdQyqirbdVU0dXUythdF1TOkgex
2Q4k9LG9/kOyj0fBc4u+2vd08/wCylu/xFZhLBB03039itKeCXQrG2+TnPLYvYnQl0q7bryxam1ZJTyR2qx2quZVyvqHAhjp/KJ8mIEhxc4tJAPTkkBac8J/YbVmj9G6k331/RyU123Ela+hbUDE5og5zzO4eo86R/UM+rWMcOzgTtDabww+Jm012pr7FpG4aquFI8Pp5tS1oqo4nj9t5DGRwOPocujdggEYIUrvKja0Na3IHbHyGMYVjhp4pXz
at3GJtztT/ABTvfpfwcmd4Ir74fPPX9fb8C1k+3O4c9RJVmlZ26KlzX1cGPTzIpwyZrcgFvQAfvY6f7e7l6D3V0xTaz281ZbdQWiqaCyqoZhIAfUse37zHj0LHAOB9Qqbk7W6A3c0jWaH3I0zRXyy1wHm01UwkNcAQHscMOjeATh7CCMnB7qC+o/Bs24F6luO2e+GsdKUs7iTTSQxVZa0n7rJGOid0gEgdXUfmSpGT+mqc1podJRU5fUWTeq9zf
3MvmVt3xk29ucT7/QVuu66lfHZbHDMJKgTOaQyeZjTlkLSeoud09XT0tyVpfwkuP+pdCaE1BvdrmjkprtuC+N1BFO3Ezbewl4mJ+Uz3lw+bY2O91lGyXhS8c9rr7DqrVtVeNwrvTyedH+GnMZRNkDsiT7MwfGfmJHvae3w+6mpTwxwNEcTAxjG9LWtGAB9B7LVO1K7vdtWuYnJ1Eorm3v2s9lDTxaCBw7u+fe9W0euP9VKmWtY8itgdHclttKja
zXVzvVBaqqqgq3zWiaKKpD4ndTQHSxyNwT6/D+hYqK6y6vU7UpqE1KWhqPgruRt9aeJ22lBdte6eo6qKysbJDU3SCKRjut2Q5rnAjGR+lb5duztacAblaVOTj+rFOf8ApqGP7C3xcPY683TH/Clu/wARQeC3xcyQNfbq+mP6q27/ABFdakvqSb6WealDBBRi9Cc1LdrbebQbjZrjSV1HMx3RU004lifjLSWvbkOwQQfqCuXvhB6s0tpfVu879S6
ktdo+0T27yjX1sUAkxJV5DOtw6sZGcemQui+yeyumNhtrLRtFpCvulXZrIydlPNcZI31LhLK+V3W6NjGHDpCBhg7AevqYl13gzcYLjVz1s+vN0WvqJXSuEdztwaC45OP5x9O65x+3XlKOjVjo+XSwSyakmTKdu5tbglm5elCQPT8M03/XWL726jsmpeP25VXp29UF0p49LXdhmoqlkzGv+xydi5hIBGQcfUKK37CzxaacjX26v57rbv8AEVIPZb
hrtlsVs1qnY7SF81PV2LVzqx1bUXKpp5KuM1NM2nf5To4GMbhjARljsEnOR2UqxjOm0tTUZ4ZpkU/B51po3TexGrafUerrLaZpdWzPbFW10VO9zfslN8QD3AlvqAfmD+ae367W1hPxblaU7Zx/mzTf9dQz/YXOLrsl2vt1Cc9/81bd/iKp+wtcW8kfq+3UxjHe627/ABFdpz+o1LqOaiottPVsnHY9U6Z1QyaTTOo7Zd2QnoldQ1cc4aSCQCWOI
B/KuUHKan1Hwl8QK08kaOz1FTpHVlUK+QwM+GUSs8qvpwew83uZWg9j1s9cOx0E4u8P9teJVpv1m25v2prlBqGohqao3ypp5nMfG1zW9HkwxAAhxzkH2Wf7q7P7c72aRq9C7m6Zpb5aK0guhmBD43jPTJHI3D4njJw5pBGT8znk705xnDY1GV4Spy0Z7babp6C3d0nSa2251Nb75Zq1jXR1FHKH9BxkxyN+9HIO4LHAOHuAos+I/wAxrBsttTct
uNDaxDdydRxikpYrXVkVVqhf2kqXPjPVC7HaM5Dupwc37hK15e/Bq0DBdZ6zbjfzWGmqKbIME9NHVuDSfu+ZG+HLfygn65W0ePvhe8f9j9RUutbvNdNc6ko5Gz09VezH9mp5gciWOmYOnrB7gyOf0nDm4cA4JYKmbyiIydO9uUzZnCSz7xWrj1pyffTU91vWq7qx1ylNzf11FJBLgwwPdgOLgzDndWXBz3Ak9Ixm/Igu/WD3H/2pXf8Agkq2C1g
YCGtx7hfJ1npWg11o+96Lu01RFR363VNsqZKdzWysinjdG4sLgQHAOOCQRn2Pos8R91SURw96Ulj6bkEvBia0bAavIJyNXzj/AJpTLoL1Dtn1K05xh4taA4o6QueidvLxqG40N0uTrpNJeqiCaVsro44yGmGKIBuI29iCck91uMgZGQV3qyxvLoXoc4RcW+tt+LOWnFo58WDd89xkXruP/eoP5F0V3d2l0XvXt5d9t9eWqOutN4hLHgtHXDJj4J
oyQcSMOC0/MfLIWuNAcL9sNuOQuo+S1kv+qZ9Tan+1CrpKuqp3UEfnyMe/y2NgbIMFgxmQ9s5yt+OHbH7y5u0qUIPZW8zo3avOotG16HK7hpu5q7hXyJvPC/e66OOnbhXf0P3GclsMFRIcwyMJz0w1DcAjJDZcenxlTp5cbJy8ieP2q9sqR0QuVbTiqtUkpAaytgcJIck+jXOHQT7Nc71XxeTvCXZ7lfW2O67gVN/tVzsAkiprhYqiGCeSJx6vK
kMsUgcwOy5owCC52D8Ts7p0hpyTSel7Xpma/XS+OtlLHS/hG6yRyVlV0NwJJnxsY10hAGXBoye575KkpfVopT5yyfWtn2hfar44aPPsZzs8MzlnZdE2efiXvdWt0tqPTVdNT2U3Zxp2yNdIXPo3F+AyVkheWhxHWHho7twejl1vlosdrqLzernS0NBSsMs1VUTtihjYBkuc9xDQPrnCj5ya4CbDcoqoah1TQV1j1S2MRC+WaRsdRKwfdbOxzXMl
A9MkdQHYOA7KONH4MWjZauCn1TyF1dc7TC7LaOGhige1nya975GtPtnox9FpydTJ5SMKMKea5vyas5Oa4HiJ8t9G7K7PSuuGitISSGuvcLf53MbnsNbWBx7eW1kcccZPZ7wOnIkbmWvibUVLa+DmqLVRwthp6V9pgijaMNYxtZC0AfTAA/Mt3bEcbdn+N+mX6W2p0qy3R1Ba6trZXGWsrXtHZ00xGXepw0Ya3J6WjJX69/NitI8idsbltLra43i
htN1fTvmntUsUVSDDK2VvS6SORgy5ozlp7Zxj1XOphjSVOGm/WzvRqYa6qz0SsjXXh+t6uHm2fb1tPb/jZFHXxMeOOobJWWzmbsl5tu1Zo+SCovr6Rv42SGMjyqwD9s6LAY8H1ixnDWnM49ntqNPbJ7aWLazS9Zcaq06epvstNNcJGPqXs6i7L3RsY0nLj6NCym422gulFUW25U0dTSVkb4Z4ZWB7JY3AhzXNPYggkEHsR29CulZudR1Kep5+Fj
9Gnglmtzkd4cm51VvLz41ruhW26O31WpNO11dUU0by+OOV1RSdYYT3LOrqxnvg98rO/GvP4vZ/I/8AGbv+9SqU2wfh+7Icbt1LnuxtvddWGuuVLUUP4Orq2CWhpoJpWSFsTWwNl+Exta3qkd2znJ7rIuUfDbbLlqNNs3HvuqLa3Sz6mWj/AAJU08JkM3l9XmedBLkDym4x0+p9fbU5qTpSj+LV+5mqaSqVJP8AJe1j6XI7aN++/GfU21tKYxW3i
zMNAZDhorIgyWn6j7N82NgJ9gSoOeFtyns+2kd24qbzVzNNXOgucz7K65u8hrZiQ2eieX4DHiRpc0H7znvb2PSHdQqajhpaeKljL+mFjYwSe+AMd/zKNPJbw9dgOTNyfqi/0Nfp7VTwGvvVleyOSowMNFRG9ro5sAY6iA/AA6sAAZxuNSUo5xl8jDipRhN2a0JG3e+WmyWue93u5Utvt9IwzT1VVM2GGJgGS973ENAA9ycfoXNCt5J7r8r+etg0
nxr3E1BatvdLsjbdaugnkZR11LDJ11VTJE4dD+suEEZe0k/ARgO7fepfBo0rLPBS6m5GavuNmhdltDHb44XBvya58sjWn6+X+ZTN2E42bQcbdLu0vtVpkW+OpLX1tbK/zauue3PS6eXsX46ndLRhjcnpaMnNgoKeJu7W3yJcqOCGbe+hC7xXta3fXN82w4m6Mmc+56sukNwrIIyfR0hp6VrgD90vdM4g9vxbT7LeNr8LrhLBb6WnrtnZKypjhay
aqfqO6tdNIGgOkLW1IaC45OAAPp7LN6vhhtjcuS0PKe7ag1TcNU0rWtpaCpqqd1tpg2Awt8uMQCUYBc8fjfvuLu+VvoNwfosU+TSV+c82WbbqZc1Jd73OXniEcBNldn9i/wBdfYLQ0mnrlpq5U8ty6brXVZlonkxkgVEz+ktkfE4FuDjqzkYxK3bPeaPfvgvWbiyStfcanRdxpbq0OBLa+Clkinzj06nN6wPk8LfGvdEWHcjRV82/1PTumtOobf
UW2sawgO8qVhY4tJBAcM5BwcEArUuxXDbb3YDbLVe0mktXawuGn9Wif7Qy7VlNLJSumgEMjoDHBGGlzA37wcMsB+eZFuVOcHo9Pc07Y4TWqefYR18GtrH8dNXRObkP1jVAj55pKQfxqO1w3TqeBm5vJ3ZumdLS02p7a+u0gGA4ZUVEmKcsxgDohq5CTj1pcey6V8aOLegOK+jbjobb68aguNvudzfdZpLzUQTTNlfHHGWtMUUYDcRN7FpOSe/pj
E+Q3A7ZLktuHY9ytwKvUVPdLHTxUoitlTTxQVkLJnStZOJIXucMvcPhc09JI+q3Ul9Son+LVpdmRmGUZ49XLEvHL9z5vCrZ8bMcNLJYaulEN1vFnqL/AHIEYd9oq4zIA4f1zYvKjP8Ae1HnwWQBofc0N7gXql9f7y5dGqm2U1ZbJ7W8GOGeF9OfLwC1jmlvb2HY9uy03xe4j7c8TbVfbNt1etSXKDUNXHWVTr3UwTPY9jS0BhhhiAGD3yCfqqql
5zm9GrLxMtYqChviUvIg3Dd7RY/GaulwvdyoqCkjjkDqismZFG0/gNoALnkAE5wO/uuk7d2NrM5/XM0r8XzvNN/11G7fDwwdht/d0b3u3rLV+v6K7310RqILXcKKOmb5cLIm9DZKV7x8MbScvPfP5FgjvBa4uHB/V7umPyXS3DP/ADFYptqlCL2R1qqE60px3t5KxNWg3F2/vNbFbbNrrT1wrJnYip6W5wTSvIBJ6WNeSewJ7KDfjN5/WH0aSPT
V8IB/+EqfX8q2Jst4W/H/AGH3OsW7GkdYbhVl3sEz5aaG5XCikpnl8boz1tjpGOPZ59HDvhbh5N8WNv8AlbpG2aK3CvGobdQ2m4tukMlmqIIpnStjfGGuM0UoLcSO7AA5x3UlyZwlHNppvsFOTi5Pqt5GXbNsB2e0QHdwdOW0ev8Aasa5388NpdW8Td9rPzk2LohDRVNfH+qeijBbCKqQ4kMgb6RVLctf8pT1fee0jplprT9JpXTVp0tbpJpKWz
0UFBC+YgyOjijDGlxAALiGjOABn2C/JrjQ2mNxNI3XQ2sLZHcLNe6WSirKaUZD4ntwcH1a4diHDuCAR3ASrypucNbszRX04qEtLHNbwcby2+683rvsUHlNuc9BVtjJz0CSarf05x3x1Y//AL26jBx6fjwDjKj9xb4UbVcSarUFZtvf9V3F2pGU0dWL3V00wZ5JkLfL8mCIjPmOz1dXoMY75kCPi9W/Rd61SNTDg2SRzhFpzezdzlvstj9mD3APf
u25f4CJdSfkB6LQeluF+2WkeSV45R26/aol1Ve/PbUUU9VTut7RKxrXdEYgEgwGjGZD+db9P8a5p/ahHdL3N1LOtOotHbyRy28WKaGDkZsXNUTNiiY5rpHud0ta0V8RJJ+Q9V0Ypt1tsI4mB+5WlR2AObzTj/prU3KPgttNy2vdjvu4+o9XWyewUstJTNslXTQseyR4cS8TU8pJyO2CFo93gucXHHLte7p+vtdLcP8A9FZg7U8D6WzdRKdSM+iN
iZ53X2tkPRFuTpVzj6AXmmJ/R191lMGMj5EZHt+92+SgXSeDFxfo6qKrj17ukXQva9oddLcRkHIz/OP0U9YIWwxtjYThjQ0fkC20rGHdTPVERQ0FQjPuqogKY98oBj3KqiWFgqEZVUQFMfVULQfmrkQNXLegI5gdjPsrkUsiWR5iJo9yrgwD3KuRUpb0dsZKp5Y/riVeilkSxZ5TfYkdsIIwBjJV6KlsW9A+ZQNA7ZKuRRJIFvSPmU6RnOSrkVs
SyLSwE5yU6B81ciWKWlgPqqGMH3I/Or0SxLFjYw3t1HHsPkqhob6Eq5FLK9yhUIyqoqCwMA7ZKr0D5lXIgauWeWM5yVUMA9yrkQFMBULc++FciDQoGgfnVOkK5FLAt6AnQ31AwVcioLDHn9s79KeWB7/9qvROsXLAwAk5PdV6fqrkQlrKxTpCoW5x3PZXIhSnSFQtB7K5FLIWLehqdA+ZVyKg8zEP64hV8oD0JCvRNchpmefktBDgT2VegZ6slX
onWFkWeWMYyU8sdjk9leilhvct6B8ynT/ZFXIlkC0sB9yqGMeziFeiWJYsMYP7YgfIdk8puc5KvRUrz1Lej+yPphWeQ3Oeo+mF6opYdZYIgAB1HshjBx8R7HKvRLLUllaxYIwP2x9MIIgPcq9Fd7lsWCMDPcq7pCqiW3BTp7YyU6QqolgW9A+adP1VyJYWLegZzkp0/Uq5EGhYImhVDADkEq5EtcligaAc5KoWB3Ykq5E0Fi3oHzKdA+ZVyJqLI
t6R8yqgAHKqilkUIiKg/9kKZW5kc3RyZWFtCmVuZG9iagoxIDAgb2JqCjw8L1N1YnR5cGUvVHlwZTEvVHlwZS9Gb250L0Jhc2VGb250L0hlbHZldGljYS9FbmNvZGluZy9XaW5BbnNpRW5jb2Rpbmc+PgplbmRvYmoKNCAwIG9iago8PC9GaWx0ZXIvRmxhdGVEZWNvZGUvTGVuZ3RoIDEwPj5zdHJlYW0KeJwr5AIAAO4AfAplbmRzdHJlYW0K
ZW5kb2JqCjUgMCBvYmoKPDwvRmlsdGVyL0ZsYXRlRGVjb2RlL0xlbmd0aCAyODI+PnN0cmVhbQp4nJ2SvW7DMAyEdz0FxxYoYpL6sTzKslB4iF07CpB4LdCiBYIiff+hlo06Y9RCCwd9xyN5MIirqKMoTh8IFuKbQEjv+13QUhAoC0ZqiBfx4Ptz77zrnsC3x8Y10ATYh1Pr+x2QLQ7hJbZhX4+hYGTzGD9FiHfVLZDBRZ5sFkJSgjLlinBJFhG
JpJakGClLQnO5db25zjNMFah5JwmtXdePMY+TGkHx6hpLTq5JllWliInydsXSgsJVIg8wt+XOXn0PborBuyw4sdIsbP41FW9QV/z2uUK1/pxjxCbNgfB6gVmHoPmC4X4AtdX/G0IavWXlzzAZvWNewpL40Dy7EQ6ui86Pxwnq0LUxTHmXUJykmEyG1CB+ACaexh4KZW5kc3RyZWFtCmVuZG9iago2IDAgb2JqCjw8L1R5cGUvQ2F0YWxvZy9MYW
5nKGVzLU1YKS9QYWdlcyA3IDAgUj4+CmVuZG9iago3IDAgb2JqCjw8L0tpZHNbOCAwIFJdL1R5cGUvUGFnZXMvQ291bnQgMT4+CmVuZG9iago4IDAgb2JqCjw8L0dyb3VwPDwvUy9UcmFuc3BhcmVuY3kvVHlwZS9Hcm91cC9DUy9EZXZpY2VSR0I+Pi9Db250ZW50c1s0IDAgUiA5IDAgUiA1IDAgUl0vVHlwZS9QYWdlL1Jlc291cmNlczw8L
0ZvbnQ8PC9GMSAxMCAwIFIvRjIgMTEgMCBSL0YzIDEyIDAgUi9GNCAxMyAwIFIvWGkwIDEgMCBSPj4vWE9iamVjdDw8L1gwIDE0IDAgUi9YaTEgMyAwIFI+Pj4+L0Fubm90c1sxNSAwIFJdL1BhcmVudCA3IDAgUi9NZWRpYUJveFswIDAgNjEyIDc5Ml0+PgplbmRvYmoKOSAwIG9iago8PC9GaWx0ZXIvRmxhdGVEZWNvZGUvTGVuZ3RoIDg2
NzE+PnN0cmVhbQp4nK1dW28duZF+1684wL6cY0Sd5p1cGAYmsR1MMJfsxLvIIpsH2ZI9CiTLI8nJZn/91ldFdpN9mq3jmXmwrBLJYrFYrBsvPQ7KhN04KK35p9v98IezcXC7f56p3R/p39/PrB/0zkU9eLe7PdNBDTEW+Obsz1Q7cPVkBud2WrshoqI1dvCxwKj4uzdn4+4D/fvD2W9fq10akt+9eX8WxsF6uwvODU7v3lye/XW/O/xt9+aPZ6/
eoI1WeoiKy0e7Ug5cSnHb94Q8WOp3pRqVGDXouF6k4jB2ikY76HWE42Ai/dA07PsPLfwDxqhnuoiJxAwf0xAzrtd394dzvb89nJv9xcHtH+9q5MkNhkZbN2g6T2GIui3/dLCMiNFe1JWVNkPYQKa0xxDr8rv7y6uD2X8kfIKzrk4i4PUGumAH1XYHHMD1eNVUTCQDoY9Ij3qwqSl/ICSf6d87sO1zGe1DJvPm6qFp780wpj7+cRjHEUL4jqq6wa
um6s1FO9uoFdyQzAbBIQ7WNeVEqLLT+Jnsq5uL/Otzn14b/+pFhcKQpCjX7+KciLZEKVFjbBx8y77LqyOajddDUCcxwRATtHmKCYaY4DYoNMSEsSXr8b5I+cfDuePpeo95u+LZu5o4c930Zp0d0sb0VaywLgxOPcUKS4LrYh+hheC2w79rBMomUo0bC8mSDhzbhSQjrMQ18PAJb1i0FQ1BzI16Eh1DC5Ew2P0VGmGF332khpf0y/WVLKgH+n13A
Wx/OpyH3B9qP15MbOVG/MfdNxcHv3+LSnf3F9R0sWSKgtY0EmMachbKz3s1hHWV6W3oyNrOGzPoNYS/fW0mi0DVtAYjVzEonoO1IpfikNZLInF3XfqX9g+afM0ogkCfCVQk4D7tSOPvSF5IuZKBDBpK8c0t9fBXWvN+/5J+jvtXmJTvvqdp0Ptv+S9fE/Pd/ruv6L9x//vDecJf0vOX5sW5TvvvGgVZ96NUGkzTz3Idh6Qh5m0r4qSKTbOXr45W
RtvEjEOyWz0pWv/HrQxEpW71zVdPdGQ1hKHb0aKyo8VZ1wXb9t/9mZga9m8KaxN+1X7/n+D7l3A3RkjIibQkBRmsK9MMK7P/AR2+ZAJk4pm4r/jndyAs7V91sWqjYQ5PI0Ebt6z87GAU/VBu/zf8+PfVdU1qxs5sXF2G5LTA0cI6dJ5EYX2RO5Pg7vySJQUF7uCRvTtzejAkCeSIkDPJOP/77jdH0uMjsd021ZquSVtp3ysHCQadq5gJIbqmFnZ
waRcDFviI9Xx/dfb+WXc4yrMa6xKivIel+QJCphZCSBwUzcEJlGgykiQUXUq0I2vsvoSSqQVTAq/+NEqMU/ALupQYcuBjaMp/05aT1TQb7b2FZ1SXf7o7hNY3NZGc8A0i2GcwrCZNtHCf6qq318feTqLiDf7aURH7Wqru72Csr2Hmm6q0vrcYZI1fMoicGFrJ9/Af3P7HA2mYFmMgodlASMyIrZT+qy33m1Kc3Z1tjrvRI7joInFQJ74pZ5/lkd
jTuGiOwrOwgYe4M7bEXlCE8g7e0SOz2u5/s6byHDkq1vcR/0wXYGT3x6kAH5Wx/vWgNWl8UvV3t0TQ24M2xCoySzSJUMzQy7WOIIOpGgStCiEdYBb4HZkSS24gOHfu9zccW9xcQzgul9KmlWj6Hn5N7oROTfmfyDW8OJBz8ohBMNVMPzvtdwdyV44GoSkGGdNGL+GIii8bBkXBiAG7HZgxDDRTdfm3NIZwPAZFLu8zkt6/rQmJMWHQod/NlwnJZ
EHxf/DZZGcbR+uF9Cpb7GuOiDxFBETmIyi85/jW0zolD7JhRIOKtLKCIaxwLV2FqrIXG1dVvuhWVhRzqw3MUKAh2uzL1e1gSZt2P30+DsHaNtrAuzhtFEoHLJeq7juazAvMMlgI4ApMuyHRumK+djGR82OeGKJN7phcchZsO8SV8LhtQjYm6lNHCPejpesRKuWesxt+lpT3ItqIJpXLgxUOXOMP/cnVZIKtOpEc+AHONJU/NR2T9D5/bV5EWrS5
Z5mRHkJDIhI3eu+Jlhkjsi51u5Xgvm2i1ekDNfB0WvwQortD3D/0G5k42HBqD1ahVl15mjrwDCses/xw0OqpfqNZotrolwx8OF40dwcVub9MhMpy9YnLIkvTNKdFvFg9XTGRve5s4DzjabTBdwmnaiUb9Rdgjm5Z+fZ6k3A3mk2lt6jsl5qO5w1L9IZzsCowd5l927NJ0QxH56d1bMPQiimQ/wb5n34btjlw9BCyM61X8Jg+HOzz11+9ODcbejK
Sh0NGpm7c7yg6TkgvevJPWJro++ihDvy4Zmk81GTd7urmCTWsOP1z2kiUHhEb15XfSUqduMXrpI1M28Y0R4vGGz05zkfWlT9x+q64BdeYqruPbNHoN+6837cmxlA4d1rfWo1w/+rKGODzYF69fNFtRJrSulN70BE6+IiPENrbvmujnSe36tQ+PI2i7UOWIE9Vt1Ww8BlP7EJy+nXlS/Y13HP/8pV6sdmTIU/wZIYZ5WCHWnHgjG6Zf9bBPDgx9n
DLK+nom4ERKuNEKshlcW7B0nPxQN6W+ROXhOi4ebp3a9TpvVvjEJTXlX9iA4l9k34rZxHbbakSpDiWasGShxPNUmdtahLrE8K+EwdD9nCh4UR0zq3YWizwUCwr/bGvi5GNMRv9IpNm1RG5jtagWejKj9sjJDSI17d4qUlxHDdzCM/rZstsikRa3KNzoR7OLwi3soHzAWmfsm1i9xR6EDsfl/4oWakEk1ZVb/qNibddq/Ln/hXZSbe/haDft2pLe
9b1PWRK8zbQevl6ErC0cINKFA+wV3JC6g2mUpOLjHyVMsOomk7X4jBDixJatkc7MCofpSrvCtZVb26u/rGyMYjlFPo4sRMZe32u8mNqIfxQvBN/Aj9sQKxYd9RYTRtFxHuE2shbGXV5uzFJYmI32p8LUdhxTLzD0fDumHFu5Cx7Fx/c02AXQu5JKSooRVIeH/HbI/z4BjlSZlsCiqXseSnnZP6m1DTL17MW7CH+mSk1GHPNWtlJDua5ji8kJ8SK
krNFvLwZvHv3I//XrLnEgUKFY7Emk6ipqpzQPyefhzB9YIv6eMf5qPYkgeKN/y5aLBfjecq1iuyS1D0crz9NumNUfYTEoFHQkQaHn1ZVXDuYYCxy9l102ohrWJX/ntUkBsxs5RzfY4M5JwD6SLE51JZ/f1BJ8m2XyH5mzOy0RPllTss9O2j9XKfa2dQpbnLFxMDeQSshWu+/Rr/5bIH20sn1Ickvn9HvO/yA2CBlocfW1Fpskm70azVvPayM9Dy
UkdKI8kh1PuYwDXUxyrKUivuxIQO/Us7RWo+eJKV0BScO4cUHSetuhH8eEV3VdiP8I3H2bWX2D98WP1WyRsjVb0SE2rAWOqlH5AOjXvTYrWwMx4w9zHwIxhp/HDmauCRpZZPoKKozp/JNOVIsTV3MDIdI7GzfL3dJ2takzdT2sNa8Qpy78qpp9pRXiEN4UCAbPfnjjCn2IEJoWj2VMYViJKE+jXvajMgo1pUlpY6g7PEaDHz8TLzkuFPSle1pqx
Zb5Ozo1hiN18cU47RPS/GT6clRY9P2tEFih0O1rH+XReP5q/SCltRlWWSP/dVsrGUv7rQu5WRZM6Q5MYFTSRBQ7vIj53joT5ebuV+reHO4270lSVEz70/wDacWvIurRnbZTtm6b9SjSpt6YaFLw1IX/Ktf2ZjNpbmozIdP6so/gd/IC696YYifvO6w62c7YNiAdojBefZ/RfMaxL+d8S7P3Rl2yqryH7JvqwTzlaSns03lrUi2vTC2HeuKPKnX/
U5/Reuq+YhAleG6v6f1IWmRT3dlzUjo31Xl8DBtg2s7RTm2HW9ZVc+S2MPc3e4y4o5X7Z7c7qIwIpw6Bms4hqgq5x3gUJIh50ZyI9dyXtRIBdlkelLj6JEPnp9GjB4Tu7JHM8lu61aGU22Mt5fBxkEv3ZL2VAZbW4XjXieOhtTC2OIHM5Hw9/tbZu79cp/9yBIi6Nga2NpOHUyhaak8xRSOG10tKvslw8v2WbNN1UiFsSOnJXKjU9IOpQWZFlr6
3kF7nWRaXFEMRCgSOSeNytHSX1TuT41DqHIqYi1WYsGuu400o+Wtsy+WaEc+r/abEl2nDyhwrAb8K1mvfL7MIv4OPzN9YHDoJtU4FgFoGtkxqspPSR8U76eHtkofWGU4KKx7WDnJrhVEs4twSh9YHLFQTcUVJW51Wg5rcTKNtE9L/9PpAyTl1cagrfNLpnSt/t2UV0AiYSVzMMXUyP9s8uXnGP1s50e+mvFEVphUoEckPFc+nuucqyVa09hWXVO
Xo6SsegjVGHntVeWPvD1j9vd/572jx6N9WKs5dj6BRgVb4p+k0UXsY/dpxBm8BQctBS92//aavbqlNQJrtvAlPrlYl//jmgb8YUr7NzTC4CLg7aHLh6nXy9cPyZYWBufFtObz4KdkpuWiSt3TsKYnLXJrqU/xz1ORGscNzM6kME3Dpop8OEQOMX0Ba56R004+QoVrefLPIQ9al5+UaaWZHTfQ1plWyRY2PazsdNDy8U8gVPlEMEXaoWHP6v0n0t
B2AyG2cW1L1iNfALjgjVMa/d/LycdWYeIMolMnDd2Qo23Nk0O3ATF/n1KbUHA0RTTjGqm7LBRtVsF48vFOpDKoZf9rVIZELfoIJ1uGbezknpweOfPUHzQuerTdnWDL1Air3EVqlcYGdF1+ZMsI8yekio9C2G2DZnlTrdvz4sIGmGl+mU8lxs54P8XNrw5IpxGdsCk7vnCJY+A316RsRVlA436GFuHSS2jht/hx/z+GlsLD53to+Ot7Lr16f7U8t
/2wu9jdHszzV+oF9bR75CMcZL4ucUONWjl4k6Vr4P2Au3QfL3Nz/vvLgyXl4hWFOICf20jYnNiXm93vLvIlw4z5emr3gAqM73o2HkTPzcXuvdzb43P309CvPp5w4Mo4Njh1JocPMJyjKXkx+UTFuRFwccwDQrMIgaVpPlGFZpIYPrfzSZAp1X4pp5X8umXRZLKsmyjsCVS5To1zjuP6pTqcm/SrK5YCNT5c/svslp3pwC0XokIntrqMtrlbpj2f
96zLF1tVfMSzLn9sy9MS/8KYaRizurx1MEKEkem3jwqJ6rr8Y1sewcp+e1w426JfCjbaH42vNT2jW45vcco+LstvW5vHmZB+e3KQFuVXbXnYHL8xIzYSuvyD6fRmoz1F9E71+WdwemWDft4pt+XStWo5ebV67WQ6EmE25AJCPt961dGsV6MiEkC7vtawDRvXVjIVwcB3EGretXjSoOSd71UUpEn0eseK4mSz3jFO36/eAD5dNWBby1TXBpWbryJ
+c+wRyAXdulLTrycnSdum/NM9X5ZmVX90T0mRL2A38CnyD1NT3LGWdRvnsAHQxckBWZATbFRHteT+uJKWRcp9G59RspcV+GRZQ+/15d0xxsRbqP1hk4eyYEu+t3bNnuTlYXEzQcPdNX2ESHmOqp2Xo9tnGgfJtpDI4lgvX4/sSguIBR+TJcVE2kclWppPHTvim2abXM+HqvDUQGy5dXWzO2K6jTjy/QXUlwZCPJHtT6TdkYYfN2jHNb7F9LKb11
bSfC7oC+idWgjBJEJxheBp14sPgHVp/JlBsQSqyuJ6PSPFDbWXUzgst99uSzT0UVy3OIfJR7vKsHZkrSqM3QgJB0uammsBErJvqYtujo+MhbGp6q2FR2QJKZDoITOW76hWxV9/5IcKHmjE2FGP2FE/d1ujD3yEt9uDPA9SFX9/X27+FX7rcmDofPlkDDKpqs8LZE9dU9zel1UBYXO/Nd9Aror7QdwyI+k4iFu/XIgTPrbPkdPFFudlQyupGpGPG
pFXSVMseXxPs94VxRL6xaQ0jxFgFfsJKz+B8S3FS2xEnz1bJ8SNrG9+MSEriVpl3OB6OsrLy0lVnSdU1NTA4FgP/TxVpeKKsNXrPWU1YHWQFK9lLTjX/Nfx4wc4/qo6hLPbQea0Lv2EEPC+zfsaPrjaRSFp4Zp9+TJT46rgkZUuCq9ZvubiOV6/viWC5iC7va2sOUDqocUrYtCTc/HCleCTiFuczt4ODkrqhvyHz0ecRprUbxBjA9z0qhg+4v0F
mwg5ci75DX7e6QWZjPadA4mNTyCW/oPz0TLzSKFrvaCm53MYzYdAq5o3a8bGsa7aQJcdUWQGQsOlFT/U0DLfQGcc73Y182pySuZj3sRofVG8x2C3p7oMl2Le0PB5ZZPdjpx87KFDXs80ON7jPAf78sggNW+s4KiJc31c5M+Gzryv+3KlASseTypCHuI4yZvzQ58SN/I1g6p4NVPklFmog1/B2yJNbWLZJudXaCyfUMF7UWw4vsKB2dfKv8Yxomf
PkCdtDEiyfIWjtDnWQHUH1vGjhE0H3+HM0Ouv/EvvXvCNe6gij65Mx3zHiM2obo/t01US/v3yBCyuRxYv9xnR983d0TWr/HJiXbPpktiLt1vq8suLRzm/t8SFZ07sBq5Eiz225e+wfYNTvYb/kbXHE0if7j7y82Q54QkvzvIGSAbbi2Lyvli3VxX4JbG6vDVockWm3z46hENV8dXDoxzsWTJAI8Xl+qjyhcm6HKP+jJjg7T0f2j1CiTviaQOl5e
CymZ8rTuVe8YVwTojjKbE2V0g82SQ0JORC6/IHzi23gXPSyP/0sdA6iy3tnLS+4bM2eVovgPeyfSOvRCs9xIhSxnZOPt2xeLQP+diIgwtdNKTnk1zpw7tDCCjqST5W9HhdyIYNsjyfqGjk+0Yy6rUct1nLxE8rbtHo5KXGxPcTGzFes0VmyZnWgIxuOdBbYlwW5lt5D7CNd3Bj/Akmat7mt/aIPWvHTjynUfsUkvfnWyyfsDSyarjCM4SPFwiiF
k8ISfarh5bfCYtarkqFpcJYu1Cl+MhWF6FDutoulgjMQCD5VlEm/R1iv2uEvYjyPtPsX66bSTjEGzroSxU/jiBZOyv+nvK3fOOirt0qf89PiNXlXeWvxhEuRhcXxuaaYuh+k1U/rY0rnHPlxwSIS9cslDLZMu8LnY+Qr99XVEtaFiqfz/VutIelasr7Op8Cx7BBiyZbHkJT/qTOl4OafZRyBKOZlhN0fhy3CcX7GG2vD/wIJWuuheLnKKCPKrHR
qstv+GWLcydzuq70OWroIs37M3X5p7tW35Pwk2rpYqh0gHF8Q72hcCXykLujfZLIoY4tyV9/5FdCsDEt51M+4znHd7hHgmPtywvaCA7GjR4m9W8RubcsXVP/FMgZ10eH46imxXJ7BzJvq/XWqn/PaZlNnpI3IZo9Qq8uxPKIxMCBQ59EWrtpsVygHd4Vh/Dtdav4Jal8yqQjGHHxqUl3yLxuKDKnzVI5zIrfs7Y/We1jSzluzP4OD9ysvlg+7nC
hOa4X4UqHXhcn69IOLj8Mh6VhsB1Z/pHsCA6n4RyTvCG+EG2MCErsAzvvXS2tkWpscSyFW55eztef6or/ZlxIxwkso45qLjaJOZNRl7/h548Xp/lwrMls4JlIQ/KBuFNXNCtkiWfYJ4sUyQLLn4o8M0cXJ4jHTWwzcRS64JxSVTGuEJeOOm+JS26J5feTjWedPbQq66jTRb7D8xGrqvy/5O4cv/Xh+V97MkoerexjNAnhQF3+/U0+B2iy6vp0jV
fSlViWxU19fme1j52k1Prj4Q9EJj+H3YwefuYpIo29MNv2quyoV0QaF7fsBn14TMMv6dPj/iX2EL6FgvnLum5xy2YLLXHSpwckJ45j9gmXVThvwsj+iZ7nH8Mh7d/KvQl+TIAIfHeQp6v4L/+Hh6xIHeJ8UuAi/vMwV1SJpjIyIvz/v6uDwutgDRl1/mtFt/GLzIbUqMc25i1gctwJ5i3fG8DaOoJpDgBSWKw8gbw7eMNvfZCTD5gElGAEtInhF
GuYb+IzHDRgB+3CsCYfPcBPYNgMSXuGg65hEC+wJ/UVSJ24IDDsf3Ax90fego0M85cz4NKRowXYASbbGkwFQ5FoDFdl+skvZnoKrJlpDGd68JoDYJ/h4Bkk32OV3OVwLMiTk1KMHtQQaLVQk4KpYEWjTNVkYN9QVzCZa56NgG9uCDddYLgwmyJTntv1uVjOlSdHJYQRjKL5HnUBHIaDj4PEKGTFKB8TSV4aKnTr+FYxwdTBiEkJ+N6HCI2RSbE+
w66ehDAwT0ekVBi0STFTp+pjquaElhoPS+P+gXTH7dkXZXKSRzmnrVo4Sn0IP2CXyfNWJsnk/nwM1SzgeFFgmbVW4GrJ3Jz9iCQx8uDSBw35FqB1gkODJoJNnvjAMOHE91gIZwTOxOoDKC2GhCvn4Jj4lgTjBLwWGCTh5H6u7wTE1yUAMnJFjJHSkVuTWI2BibNSTMuZwSiNXRDSRid92VFglulEbMkyLENxnEfn8gwH1hBmGoqUG5lOfhk1T09
sYZ9BLSAvmeREuADHGh5FWAh24D40gBfyUrIsTCEKrKJhWOfhMDkuZmbQkvOugsmbhqA7PrFcwQk3n7m+0qJxQuY1CT7TI+wgDTCK9PKSBj1K6PUq0xt1Ay/H044X43EMl/FpHyqY5hr0ec5j8OQqJyrIJZHOpAzjNxm2LmvEDPuYeHGKBibJxHTQ4rWCzkIFOScKD+yIDPo82lFLcTBFMA23Hq1QG61m2GVBdsrNvSX+/hCDqUymaooNVFLRNF
gmwTawN6pqH0X2pskk2Mlky+TRJCZhhsg2jtWHajJIiJyo/yCgt5Uo1ms6r3OFQ+jyN03rHKDNGhwEKPIIoud1zR0oOdPOKxM41JigVKaFjXtFSmCnGQ4YCWAlMP0i+ByDbDdZjRRQNaC0tdKWDwE2MEuGE2MEmCXJIcK+kde2ZWxe0I1QoBPzcf0/xBq2/M0oP4osgFYreoUnB2NzpsbHOTzmna3hrNcBB9HzxmZe+Lo/eeevgvkYDUu+ynCev
tEXWDQLr8xm6sp0IlZ1zIOED2rhSx5iIll5ABz1rJeVHLHl6eMu9YiN0nk6VcAvPH1CIuR/dm/4eIGedSH2sbyZ/QXe1wpiGWOuD8UOSyrlnlnqsglXKg5ezcsTny9xsn6EHs2XoFk5Fvq9KAPny3hE+YmIaH6MHrAp+MRQm9wbhNtx8krgMczOF5+OyKoygyZrxlSYY2R+bG4u4qFU7svIcsu08iIFnFKmVWfYZTiq2e5grNydmcfORtGUsdVT
XebfiELyKs+/cTLBYhuVsUOS9SY0mjx/ThhiNGxcsbsKj+vnBViDKg8AbzT6WTMDZjcpiaHFWwBKmG9lQHFIwn0RJtyEF/bL+tBhyMou6gxz+1QmN8xmCYUyzpihIEYl85IfcGDeC6+TqLFp3KPwzuAIiJBuZCmL2jNK5F6LEV4bes0ZEGNlmakyNbIsRJAI1rZaFpp3mOdlgcekdbUsNN9UnJcFDQf4pmVhsuYQWnG6CG2VzVNqXMVlwzdBJ/v
fSkgRG8e+YlZFJDY4YiErIfJ4CWa9oPJUOC2qMOCGgMBEuXjXOJ4FQW6AqaX1IpATnIbs8gsmgnULts0b3AE+QwYoqk660qbWiDROMH/zpBrSyITUsKu1ccOSwidZbNkEgU+BO5lMkuPUAssdTyRuZIYKdvws4uScoZNQ9ekz2yeYXfYpsMAhVl+BWLapMkgNdYXkIOOeSA4ay3MmmWB2vVO2orjVApKzf6V8lFVe6vtsFSt4FLUnVo+mLsUWFn
dRxJFjOUijGBxMtKxx5QosDAoF1tm7M0INLwsObJjUPEWMLIxlyoS7OM+elw0jw1Hr7PylPHSffUNeOsEIMcgR5HItzl6yuT0cjhnmi/2s4FQNJ4lqAGeHQpX+fcWZYBl9Dfu0nL4IT4ltTMDs4bmpyLCgjE58oBy8AB6r4AbfElBK/C1mGUJuMfiis5EQyLOrarjgD/xtiwoWGwevQqAoatPJCJJYxBx6qTiyeZ6pUaJ7LEYjveVAThiG/EGtx
pfULKkN4lH57K0zB/3s8PI1hdodCXZyF1gYgxO9WvRuCIOt9W7gIGkWKHkTmeFQxiM6RswE6JP1m6Rc1KZjdS5wCLN7D1hUklipyJ+eDHLyV9DpWh6RzYlzNMDsrbARtVm5SG+YqzDnjnguxRLolOEgJlV0LR5wsS3MQTuOj2VY3FNvK1DLXIq0Ji/+YXE/kyv+o/ific+szv5nYgM8+5+IblPlf6axhBeiPSK/0TD7n9FDU87+Z/TFRbOlPJhq
wmNoJzwmUS9lwik8NKGa8KTFmBb/Ey+Bqsr/pPFYW/mfRH+Mlf+JLyJW7ieh8372PxNn3Wb/M0lwNfmfuBBlZv+TQ+PK/0yjDLb4n4RudJUDmqbVFQqzTagc0GSKcUplclyoHFBkRlzlgCZZLZMD2kx2lgAtD89NiSO8Lx8rFQA4yAwGgZ1IRNbBesxLNksIPueazQ8ToUdVXFRWGXocCyxjSKJhsgebYlGpskRSHEouJ9dWafKOCdesu4A4Zs2
acsfB1QPJ0VrWvLjYpvzMPcBOuMe6CnCdNqpgX0A3qy7AomhtrMCcZEHnnMbIrjF/9FbNSSMQ6+ecEcbiqrQCxh1iC5sqZzTBxWcEV+2cMwK+nHbIvBDDWJxzkJP1rs9jb4B2KIuB5hBEl5GpKegtpNoqXYQbZC77kykLpanSRYrzUXO6COWqytAo+VRbSRcBXUxzuoi7m/UBS5ud00VFGku6CNQjt1jSRTxPdu6thlM9j1V5rJxYXh2phvmRrq
q9LyHU6AscZgsB2IsHkoWav59SzYUXZ03yRbpkayYhrBdzWeFqlLQGe6G3DIMnBAtPcOYxrMJG1XDIskqwElBYmCTUWMI5SqTqDbCOu/Q9RnFul7AX6ZmQL+GQ8RPsYwUDv6vqF15UcI5mpvqsQvl7YwLnDQ9bNw9ZXGY4NOXVcGfWT/OhJC8QgPpWziflRiwTSsmKSJIWm+AgKTrAWngSy3zFOKlQgCbNWh4sKQrbZFjFunxSuYXjxlfYxyhOR
um9lNOf69Zxnn3GnkQCp96TRNoTdaW8EF/al8Fl9CtjP+KNFthleExtd17qO92S41ORL1uXR5GXgg+PxdRzg5SgqrkRijz5ULd34hFM+N2i/7z9ONHn5vGNqZqsMr6Cr8hK6a+RpSxgP50pzpbw6fhRvpkxcPaBnNd3t2e//cu4e3l39h9HO8wIx5QkiBz2Yj2e3pHVwybVuxJpsnLzmCoiBg/AYO6cz/t3RjxMhH1YPAQrhoNsRoYcPeAOLmIj
CauoHM8XBIGN1Od9MnywG8yHlx4dwzz5+CgqtJ18gINg+HICsywRrHL/Us4fc5yb07hjmNHjOVyIcuneeva+C3VIZFg9U+9gScw8OqqOz9ZO3LBI/tqZW3g106mZmSbkXUQjokCwdYX3BEZhXrEMFko72z10b4mMbNlYteBr3EZiZVZNFhsAdjftiVqEcBILm9xeZReCtTqRG8Y4O6tUbkZxHlkTW5z9E8nj4eDktpOVwrEQEk6wrAjBy1xYBlm
RIjkDRV+KiSlKza2xlRrdjJ23M8zcOyTPhZk6j0cbq003uLypGh0HoHoePYlW0hV34ARqPXMP+l7Fmbsep+v9zP12ZeR19v+joTk+CmVuZHN0cmVhbQplbmRvYmoKMTAgMCBvYmoKPDwvU3VidHlwZS9UcnVlVHlwZS9GaXJzdENoYXIgMzIvVHlwZS9Gb250L0Jhc2VGb250L1RpbWVzIzIwTmV3IzIwUm9tYW4vRm9udERlc2NyaXB0b3IgMT
YgMCBSL0VuY29kaW5nL1dpbkFuc2lFbmNvZGluZy9MYXN0Q2hhciAzMi9XaWR0aHMgMTcgMCBSPj4KZW5kb2JqCjE2IDAgb2JqCjw8L0NhcEhlaWdodCA2OTMvU3RlbVYgNDAvTGVhZGluZyA0Mi9YSGVpZ2h0IDI1MC9Gb250QkJveFstNTY4IC0yMTYgMjA0NiA2OTNdL0Rlc2NlbnQgLTIxNi9UeXBlL0ZvbnREZXNjcmlwdG9yL0ZsYWdzI
DMyL0F2Z1dpZHRoIDQwMS9NYXhXaWR0aCAyNjE0L0ZvbnROYW1lL1RpbWVzIzIwTmV3IzIwUm9tYW4vSXRhbGljQW5nbGUgMC9Bc2NlbnQgODkxL0ZvbnRXZWlnaHQgNDAwPj4KZW5kb2JqCjE3IDAgb2JqClsyNTBdCmVuZG9iagoxMSAwIG9iago8PC9TdWJ0eXBlL1RydWVUeXBlL0ZpcnN0Q2hhciAzMi9UeXBlL0ZvbnQvQmFzZUZvbnQv
QU1YTUJaK1RhaG9tYSxCb2xkL0ZvbnREZXNjcmlwdG9yIDE4IDAgUi9FbmNvZGluZy9XaW5BbnNpRW5jb2RpbmcvTGFzdENoYXIgMjQzL1dpZHRocyAxOSAwIFI+PgplbmRvYmoKMTggMCBvYmoKPDwvQ2FwSGVpZ2h0IDc2NS9TdGVtViA1MC9Gb250RmlsZTIgMjAgMCBSL1hIZWlnaHQgMjUwL0ZvbnRCQm94Wy02OTggLTIwNyAyMTk2IDc
2NV0vRGVzY2VudCAtMjA3L1R5cGUvRm9udERlc2NyaXB0b3IvRmxhZ3MgMzIvQXZnV2lkdGggNTA2L01heFdpZHRoIDI4OTQvRm9udE5hbWUvQU1YTUJaK1RhaG9tYSxCb2xkL0l0YWxpY0FuZ2xlIDAvQXNjZW50IDEwMDAvRm9udFdlaWdodCA3MDA+PgplbmRvYmoKMjAgMCBvYmoKPDwvTGVuZ3RoMSAxMDg2NC9GaWx0ZXIvRmxhdGVEZW
NvZGUvTGVuZ3RoIDY3NDA+PnN0cmVhbQp4nO16aXhcxZXoqbpL3973Rd2Sbre6W5LVklrWLlugqxWMjC1sGUs2MpIl2fIqeQPbY4+UEAzIAjNAZognJMLDR5aBcNXCjgxkMAESYCZg4rA4gQESEiYEBxKM3zeAut+p2y3bJLxs37z3693bVXXqnFrOVqequhsIAJhhDDjoWLo8Xv6zLWv2IuY1TL39W/pGRJG/DYDUY/2u/ut2Bh+d/JdlWD8Jw
EvrRtZvWT/e8RCA8CqALrB+8551m5e9tRjAdBbA9urQYN/AmTXfXwOQ8x/Yv3oIES5i+Bggl8d6ZGjLzt0Ht5q6sF4IQGs3D/f3uZ/3zwAEe3GO3C19u0eE70kiQGgM2we39m0ZlB+oPYf1SaQfHhnesTO1A54FCDP+giPbB0eO3GjJwfo1yI8LON5EHwMBJOGwUIE9oumSm4Rn6ZQE1CjxnMDzlH8LSlMnoHc1jjIPE1y5PBgE9n4o5ia7YaFE
yDeChKSCyCffL7zIZgMf5gT1xjRoAh5uxjIXbIixILUU2mAxdMA62AAjsAt2w16YhIfhw1RK6z1H70P6ZtgO11+gp37xuW9/6nTqgDbbn3jEXNElfCC8yB/g+7nvIjeQ+nnq9eTu5ECym/tnxjO5mvSSjeQ68sW5PmQNWa8B95E+solc/5kBF8NReBx+Cr+A353HpQhPbCQLoV8SJ+zXep+C/4Q34Cx8QgRiJ34S/tN84nMYvpOBXiYzVKdBBpi
gX4cfkiRSD0MzNCM379J93I0cox+A/VCJ79/wcGZ6iFxDr4dJci9tpl30dfrti+lEgsUo+3Zyxx/3JR4ikzhZQNrIMrKWjJP3aQVphF/DhzCLmnASGR7BFfM2vEcokYiLXEFuoVfST0iSbBTHBTv/+8+MtoFcjrJtJjvIEBmCcwzWtHEX5lvRk/wgn583Bk+greYTE7eWJrjF3F7u94KBS+CKexH8oo2epevgIRiFO/Hthm5SAr1wA3wBfoT6/4
B8it7M9HgPttiE7xt8P7+H+yFJoFdeDeuwPAWryO3QD7egfFeSLPrv4IJp+ku4F06Ta7hGuJPbQ76PElrJMPJzF/Z6DabhEP/i32KD///8Tz78T3XZuvfgQYw7D8K3yXf5Y8JL8Bu4H07DFnhaaexc3H55/cIFdbU11VWVFeXzy+KlJcWxonmFBfnRSDgvFJRzc7ID/iyf1+N2OR12m9ViNhkNekknCjxHCRQT1dfcNZWliwVCoVB3Sabu/2xd5
aK234dUcHymUeAPOmX/QT3nD+q55+tLVHCpbeHmFjbwFLT9SgWnSlwqsFmI80qcKdOpdWBjuHWDmtU80NuLPVrCtqDa9kE8w4o29pTR0BxuHjSUFMOUwYigESFsOzJF2i4lGkDbWhdMUZDMJcWqI6bSaCtLG1XlYC8C4RYcCSnOC5SZ1ImJi0mA3eYgZxoiqtis6rR5gxtUpU+Fg8Gp4hPjEzM2WNsbMw2EB/quQc31IY9TwEVbhzqZHltZ6h0K
qjwOrmUBxARbh4LjYaaO1qFezMMt2Otz8Yj2NHfdFDoRUB1Ytqr2mHoZtrhs79sBbrzVtyHIquPjNwXVyau6LqaGWN7d3e1DhsdbwzggDta6sQlF8cVLitMyZRQw0LuRzbmxj/HZujE4fnBQ43VC40Fr2jqEhun7c63Gx1sHwq0DfQNN6dGbVaVTK6BzVZcmIKqupTuDyjRACq9Relu6Q2llty/ramaMhftaAmmzn8f0ZjCIaJ0jBhkHi3AANdg
fVGFZVxib1rJssBbG+2s15wlhKC1u77jQSxWitnBw/CNQSW/4zHufxfRlMGLU9hEwsC3c1js+3hYOto33jvfNpMbWhoO28PhUe/v4SGsvztrRhb1mUo8cDKhtE92qrXeILEDdMw9oW9bVEAjZu+eqHXNVQJdCxzJq4qAW8LMoU6CWobMrFERFrejqDqCeuhjciXC6ZI6EjluLNs6ojelosPa8epozYCjEvPPgjAJrsaKOXdWVrgdhbSABSjyG9u
hllBNzFPcKRhmbo5zv3hvGWR7WzituVco//7HaPM7WoQUq8fwJ8mCarjqbu7gA7U5DNMAxyBDDlV6vemMIF8bG0Qgnw6otpgpdJwL13UGbHSMAs97ycPtVq7qCrePnvSCNyUjK/ABdPdw3NJ5ZSszpPx/bvnxO4cxjcUkfRI2Prd2IToOfvgkWfkLjNrXtXCgQGreHHcG6eHfaq20nw88SDFwY1mwqqdfEIlpMw5kWqZy3Fol/yJtKmzu7LkbNR
TQkdHwuAUNY01SY3HzVlEJuXr6q67gND5k3d3YlKKHNvU3dUxGkdR0PAigaljIsQ7JKkFWgna2bBJW09oHjCsCYRuU1hFbvnyGg4aQ5HIH+GZrG2dIT5WsTKUCRwqcpylxrHnFSGjem4bRnCpi4ikFQJEWvmKiZBqYIQyUQ8wh6iJ7AtImYSWAKey3T0DNkbEqvBNItxrCFkubw5hUXpl6xqmvaBNhNy3GiJvaU4FWDeZ0O8GLBYZGjWEXKA6Yy
UPBEzkG850ev/wjimM0vC9lD9ihmBJt/PCbAJ6wEBFD0Q5j9jtyCPXzH6JN4hFQJLrJpvbGGxGNnoOEMdmddf5f8Gp4bb8Eeh3HfHsWzmx6WKzlCVRmqppdylOpIlcTpJOAUjnLcUmyJAykevb0GwKgYidVYhgVHBZduwGA7N1ve02OviMd6KuI90NBwxlEX78HJCGNWe/nR2UO0YfaJ5AT3S/5o8p3k27Nj7NqS5mAfggLMO0Y5vgq5ZlNZ9Da
cSmfVEd5FBkTbuTPaBChDQ1oIHHPfp7nkOrpZePGTdtQhG0lw4UhOiMISJVglVIVbhdbwLuG6PDG7ymAwBarMnElaCeuButzaLHZNoAJrgVJAAwaXaSBfk4XNdGZOEJSjh7hEncg+4TCbudzj9XiEyvyC/HxEVJRX11Szj+BqujR/dU3NFzqeSo7Tpi88urjzmuRYfVFV3/Iqf9WacG6zIz/AfTL0WENBk9frT2YJL8Yrah8db1ht9+qSTVQUch
zRDpSkPPVz/kr+Bjx7l8A+xUWLnEWrhFVZG4WNWTul7Xm7ivT5M6mXj5psNaQ+m8lRYzLXZGc7C+VIPDIaORThI5FgQyFfIhkanIYcKPEXD8etceKxoStYo3KURqM6v2ekFNWKFov1MKnLmW4bWN2OUsdQ7FgPqdKkdrs8KKQ3rYG8/KpKlDZSU1WZH84TdWF7dXVFkHfbQ/R33VurSitWLC/tLYjUlcW7O7789MCaa4l09y23XHr/0tzK/7qO5
BF98j4SfVdvdtoaq5cuLLo5t8zn9T1z9/7DJaURg9hzWUmYWK3znvjBLI+aOJB6lz8lulATOdCsxCuFSlOlpVloNjVblgtXZ6/LHpVGHUauKcB7iFsyKDYDBMzbZJ/O6XdvzdXEQhk1yRo0Q6Z5tnuYQFEboDQFOuZNKEO5g9uybmO8pyR8WXh0P1mX/ODZzn1t1uQUWXPl5IanXqILvnl7bu7sf1gM33woeTZ5NL+wVnTN/rRpWfJ59ONKtJmP
/yIUwaDineeMhBY6K0It3FJ9e1ZrQCooMttqLDOpNxUrAjbFgpnNq5j4CDOfEauRSI4Cemu6rg9ivdgfEEditrNnmDtWADNNTMvQMrEeIY+5n2YKZN3jtYfzNX/My1iLuWSFXTMZffDgOys616xb2fmLv+t5ZE2J+5JIfu/CA3fe88WmgUi43FGSu3ReRXdu26JFr//jvT9f1NYciyd/4ipzuXMe/dq37s91u0scyZ+Y84wWK1qkOvUWfwNaxAN
htEjJQvPCnMXmxTkjTiFchA7JscwNgUY7T6RQk2RweYkfhqO5AeNIBE1hmz3vaQ2aHKFQVcavqP2CMCFiv0gW/obkkbyVoaJldSfeXNx8yXf6ura1kzXJI/7O3L8fHdxWumZXtmJzucilxHDnqx2LVkQLyH9+kkcLzHb1a/ffFUGumXXu4A9ALsaG9Uo4aq40N9KlfKN5eWQH3euW/IztaL3RCHmXivykj/hY4ESzsFLJwmXj89nRPllZst+wDQ
MGiRr93Eg6XKCJKuJp+8R65mIGWigIdhuEMHeHPCxifNYqTk1AHX06+f3kg6SeZONlnZ8lQm1pye7LLrlufmyRNxq77NK6PTlc38C6HWIuKSNZePW9PPlucvbvl2yQ5UDA4yy2J9+w51itdvrm8M69G1hEdeM20inmgg+6lXqMroobjJYGyS6YJStY/TIE9WV6RS/q9WCRJLBaZWvcylntVuCMfrDYLEHLpEW1CBaM4V4MB/HyOIsILB5WzJY3z
JbHMbKH0+Zxh9xs9YSrKtATmeW4zoBrRf7GK4kneS55ZGLi1Z8t/lKZYBKdSzbpz376D9zwWfn55416Fq/3IbO/RU9ie95CxSUquDLEJkGgApH4rwvXgp+kdwJLDSF6ifHcoecy0ensGcZO/EwsvRvUsG3t7eQRssaQvI1s5/sniZ3p4gBmb2tzFByjBPeWi8cU+DJBETqEuTFxxMwGqY2E3dIj6CK4rmOwVomLQbHAHXQX8DonnuEiYBJ8uXyW
4JNifugLeY1+U8Dr9/WNmVTTSRNnYlPZ9OYak6mk2FYSL1FKekv49GQ9Z2fLbWfsdZocDQ5v3SzeiHtC9srMItbZPwuH3OmVkc49HrddeEq0WhvqCpeUJid1CNXGlhUwtq+++9r1X503OH3Nkn2xeJzOX749EgmFg5++Tecv24FgYeDTt/n+fYuWre1bM1heXv3l3bPRtJz8EZTTA3VKhLqcrkpDq2HELdjMUouTtwjELLGF7Ov1EZvRb97qTbs
+C6712kbJ2P9cnt38keSk0epoqYt1lWsc/kv/A8doSctNwfxQMJzh5vTzoK3T1/nHcJ0aMbpEFbdD0fO5CodbN2yLNkSJDyMiiyJsybEgws4Y6SWm5eT87NqedX7J8Y8lX0z+Jnkm+QKZjyvIRcqSXwnlyEvK44uDuZG8QHZnRdFKvxyk87HVE6SBuImPXJJ8IvlfAzcWFoVy5hXcvH79aH5BJBKJ7WG7UnKAP4W6suGudLXiqCJVOS2kJWeFtd
+6X9ifJXkw0E9jQEEHeFfJRcAocq4mC68XAo2cXjLZURzZ6NX5Jdyjzs7tUVpQdNTVaWGRpPem81p0fGbn4k8l338GNyemTdybnnw5eXhwE+5c2c2lY/toY/LD5LH8wmSxkNqFu9Nzyd/edxduXP9uMnwj49Hcbn49xon+oya9A+3O/NSEBy6+xSEYBL100dnIa/XKXmrS+fVbPefPRsxlZ2NaWJgS2cH4OJhSJxJ6Zw3gegwcB0vqzQTGTJSkO
xMp5vwhE+C53TmuxaU1e+qYBL4V4fzBEnuRnfPpdEHPrI3vv9fT7PKGKGX8Lky9xc2ituvgHsVvdUO57LaVL3BXlLeUD7o3+vf6t9feL5tktrmGTY4aGjTZa0IKTu+NWSp5yBkOjYZoKFTYkMNP8oTPBHZNaCu24nljA+iDQa8lUMlwLr2nprJyIcfFAiPe272TXtXLezEUVsS1YyEu3guhXjsseesu7Mj2irlIX6X54v95i/ZqDd3awZK8tu/1
y3OylLr5f3f5Fdsq2wv3xr90Y2tz89P7rvtBS7ZjSbR4S93iDZUrS3ZV79l/RcvlT8rVEVLoLM3yhkrLCwodBq913r03tN9YWVEfDyXftsTtLn9lLL/YbXQ7Cv5p/9JD86sWaDtD6l3uCuE+CECX4jayHUeSzHyDQSf4fC5Ugs/IFBBETzAacxpyluZQ0WD266yiLAY5TgTOxj3EcVy8p6IHd4J4T+ZggiDbGSpwX2BKqGLbgWbukP38Iqxw4zm
k8uUnDxwga8hVyYeo1XJZS/ZqR27dmEd9hprPksbk42eT2xd2hcPzfIb/ZbUjv/vxrPEVvh9j0kIlahRzxP06zhnE9UTdgh53CXuLYHDNRSUDuqhXiw3optoJI72W0icMdmy1X8QPXh++kjyy+u4N33iU9Orttub66GCMrNm3eOmpn9CfzZ5auTU/HInIXDbTm5XdRJAPE6jHwZh682G9CxZLzOGGGcQFWW4keo4XDJJgDBCXUEzCQoFUQ2qFBV
KVsYW0C1dILcZVdAW/wrDSuIkO8EPCet0oHeF3SXv0Ow17jUGTH6fS+UVBxOujpDcC5RAWBOkKaBWp3sAsMLdSAXCXVixUTBsBfZBtz3YsMCLeZJvFD+mBWCxGSIjjQiTkdOJHZ03OJCee/kFyIvkoGXngJVL17Lf4/k/uoS/PFvH9s1n0HZZQ4tSn7PtclNhIspRVkqQTeEHk9ZQSo8EIBk5i7BkNoKOUQxZ5kTD2Hub1Lp7Hy7FO97CIVyaRU
MEo8UA4XjLodaIgGQXKi4YyvbUGWCbOpE5OY4lr8eRRLA2Gi+5+ZqtZMVNR5OMVGU/DNRdjouKOU1/PkrfuJqE0dtP+p24q9WmFZHtK+pw8HaSOUrRTDTNbAktUDoaqo1RxRRnuhFKAgJ4KUhb1SEU0X7pa2kwHJL0o6I0eIcsYFYqMa4VNRgkV3AM9sVh3SNOsplrC/zS57uXXklvJPcmN5PCPT5E7kxtIc/J7dD4tTz5JLpl9hflRGWpVRK3q
YaVShNdr6WHKuVCFDXQD7dXtoSM6gUqNRNJxjYKg59GfJI7qdIw7PUZjnXHUSChTRiyOaqiIs0hU1zDLtt6MItDX2aXbTUK8+GkR9SWBm559h0beobuI7hezE5BKpfdYcYLmA/vlVIRb1wI40ZeC+R35vfkc5EdFiMZ6qpBIVggcNyxO4Pkp7zhwqRPH8IzGcdq3AUctzEo0zvaDuHYrISTs5IaTP/ntC+JE8nrt+wUA8aMnj64pHb7WWv8RGCX
tl4Lv/PjN3aw8NXTvf3+86dP77XdI7HdEPe6s6Qf7SSTZDWB/9eNNHy+w3/FHvzLeJmVQtCuT/g3u5t6F0b/mFws6xr4x+b/38Pez7yQ+B38XHNZFL9CEps9v91fN9RyUCxY4wNdCpaCHav4EVHJWdhdIP3QjO2+fhw/o7oUDgoztP9DaH2B4bjfWc2EhtxzcSNvPcLpcsPIvs3iAc1QxD/5/9zDe/kfHW0NWYBH+s2/9X/nuv+g9kn6J7s++E+
QtuoKqXD63V3sf0N4f8Y38l/hXhGp8bxMrxIPiC+ILust1H+o+lKr/xnfxX/hu1m/UltVtMIZn20Jc9RRLBVBr/MO6ANbSX1SuYv8y4PESBzsBMjCBCNbSMAUL3J2BOdTP/RmYxzY/z8ACeDD2pGERIiQbOmEINsAOCGbyPkzrYBi24rhBuF6j9mM+R98Jg7AFRrDFdmy7Xfvfwh6NuhXpOxG3Gd9BGIBSxLZguyBShrXRdmGLQQhBI1wJXZiaU
KYYctCH4w/jqH1QjLhh7D+AUXIQ1mOPzdosHThSGyz4i3ouwPVSBvNx/jLt/Uv6XI2zbUfuNmiSBzO9/5KezBLakxph/0H542eq89pGLyXMiGQWcxvmCqbbMXHQQD6Ca7V0Dk5i4lMnSCxhMlcfR6A4EZ2XAVyhNDCtt1UrM6Qw4fdriMJps5khotNtbVqZkIMaIZoIZGcAtycDWO0ZwGDSgLxEQUEGyM1NA9MGAxsmb9pkYmVo2pvFSi7h9WoN
uEQWm/j7xJ3IlTOAwaUBzgT2PZ56gngSy1dkgCVLM0BrawZobs4A8+algelIPpvBk8jK0mbwJDyeDGC3ZwB9Wh9Zifnz08B0cTHrlJWQQxlKTm4GyDDqmMZhsIkj4UuP60gsWZIBWi/LANH8DJCZyTGneTlhNGYA8xwm00ZOOJ0ZIMOorKmRFBCSKJdxSjHhcGgEmihM249MF8xjzNBp5A5LMsdlJOHzZQCrrfp7xEIEsIOMehGmzZql+Wmcl5U
JvUFryc8pik/UX5IBrrgiDUyv7GZt43gN1JQrJfR+DdAnlOYMoHViQGlZBigoygB5kQzgn+vlcmuAKxGJZID8gjQwbXJWWxstBG8imK7FxIFM8P5AbMSKO4hMrAm+Q2ZsgSIbfdWpX8vyu7/xy2W/Ib92+eX337PJv8UE55RzdCY1pvjOGU3V54hfPvOeUbZ9cOgDqrw38t7j73Hs6vixzVXNDmTd/+1wVb/zK7/8qyq/rJ4mk6fJ7afJydPkxG
mCVfUUmTxFbj9FTp4iJ06xasOr5MVXGuSXX/HLYy+Rl7DofWXkFfrcs0Xyc8/W1T5HjM+0PEPV19gXVMdew8U18mPtu6obf2xwVkcmOid2Tnxp4r4JdeKpCZ3yJKk5bpc3YHoC0+OY/g3T9zA9hunRq+3yI8cD8lGEjx33y9/FNIPpOLJa32CXL8F0KaYWTM2YmhrcciMmBeGGKrtcXuGSK6pcclWlS67EcrJK4yRUZURH2LZgQfUb24iyTe+sP
jSijtA3hokyjMo4uVVr5dnKeF93+zp1Haes11urvz5I1AGNtHCAxYxJEvyy+mXacAe59tDoIRq89cStNLhJ2URhiGifjqHeIW60j5StVlaPrh5bzdd+1S6z/h9+1YT9nybKNJlCw6kut/yQyy5/B9ODmB5wGeV/dVnkb2OKFdnlkSJSXGKRS1xm+WvBZll25cohLIOuevlhf0T+un9QDvjL5VH/IT/1u/LkHzovl92uuOx0BeUyh+LocNzu4Ecc
Y46TDs7h8sl2TOAiHa5e14iLK7MQEImV4CdOGsgwGSUPkcfJC+R9kiIGK6Dv4fkcY/MoPASPwwvwPqTAYNDXyFZq5egL9AUuRVMczzB6qUjmhSKZcvmyyVwn8HUcrSNQ1yGQGRxNdbRDe2eT6iRYLm+a8pTH2tWBZU033nprjvqP7Nf3sZzuGQnbdKlEJbd1qxL7hVgD2SVQe3bsxM+OnSrXqoqtQ32qGG7ZwSoWVrGwiqVVtbKKNdxCVFfrkOp
C7M5YbOcu1n9X7PxIF6AdLO3AcbWH1Xdgw10sg4va/fGzYwdB+g7QRojNDbNzZzonrIlGi80lZONPjfc3PIzt2P8GKo2yswplbmRzdHJlYW0KZW5kb2JqCjE5IDAgb2JqClsyOTMgMCAwIDAgMCAwIDAgMCAwIDAgMCAwIDAgMCAzMTMgMCAwIDAgMCAwIDAgMCAwIDAgMCAwIDAgMCAwIDAgMCAwIDAgMCAwIDAgMCAwIDU4MSAwIDAgMCAwID
AgNTcyIDAgMCAwIDY1NyAwIDAgMCAwIDAgMCAwIDAgMCAwIDAgMCAwIDAgMCAwIDU5OSA2MzIgNTI3IDYyOSA1OTQgMzgyIDAgMCAzMDIgMCAwIDMwMiA5NTQgNjQwIDYxNyA2MjkgMCA0MzQgNTE1IDQxNiA2NDAgMCA4OTAgNjA0IDAgNTI2IDAgMCAwIDAgMCAwIDAgMCAwIDAgMCAwIDAgMCAwIDAgMCAwIDAgMCAwIDAgMCAwIDAgMCAwI
DAgMCAwIDAgMCAwIDAgMCAwIDAgMCAwIDAgMCAwIDAgMCAwIDAgMCAwIDAgMCAwIDAgMCAwIDAgMCAwIDAgMCAwIDAgMCAwIDAgMCAwIDAgMCAwIDAgMCAwIDAgMCAwIDAgMCAwIDAgMCAwIDAgMCAwIDAgMCAwIDAgMCAwIDAgMCAwIDAgMCAwIDAgMCAwIDAgMCAwIDAgMCAwIDAgMCAwIDAgMCAwIDAgMCAwIDAgMCAwIDAgMCAwIDYxN10K
ZW5kb2JqCjEyIDAgb2JqCjw8L1N1YnR5cGUvVHJ1ZVR5cGUvRmlyc3RDaGFyIDMyL1R5cGUvRm9udC9CYXNlRm9udC9CSEJKQVIrVHJlYnVjaGV0IzIwTVMvRm9udERlc2NyaXB0b3IgMjEgMCBSL0VuY29kaW5nL1dpbkFuc2lFbmNvZGluZy9MYXN0Q2hhciAyNTAvV2lkdGhzIDIyIDAgUj4+CmVuZG9iagoyMSAwIG9iago8PC9DYXBIZWl
naHQgNzM3L1N0ZW1WIDQ1L0ZvbnRGaWxlMiAyMyAwIFIvWEhlaWdodCAyNTAvRm9udEJCb3hbLTUzMiAtMjA1IDEzMTEgNzM3XS9EZXNjZW50IC0yMDUvVHlwZS9Gb250RGVzY3JpcHRvci9GbGFncyAzMi9BdmdXaWR0aCA0NTQvTWF4V2lkdGggMTg0My9Gb250TmFtZS9CSEJKQVIrVHJlYnVjaGV0IzIwTVMvSXRhbGljQW5nbGUgMC9Bc2
NlbnQgOTM5L0ZvbnRXZWlnaHQgNDAwPj4KZW5kb2JqCjIzIDAgb2JqCjw8L0xlbmd0aDEgMzA1NjAvRmlsdGVyL0ZsYXRlRGVjb2RlL0xlbmd0aCAxODI2NT4+c3RyZWFtCnic3b0LfFTVuSi+1trP2fPa88pMMoHMZMgDBg0khARMYYQ8CYEwgJkQYoIQEjQqIBh8tVRbQ+MDe1RA66n2JRxb7RBRgsdStYhUTdtTqVpbrW1RqDUe67HWKpn8v
2/tvUPwcW7vuff+/ufemay91l57rbXX/tb3Xt+eEEoIcZLtRCDNS5eXlDa9eNfrUPNbSJ1rL12z0f4jVyMhtArOT6+9ckvk633ddkJYJSHCu+s3dl+aHckZIEQuJsSd6u69av3fPdXfISSwnZAVV/Z0rVn3ZuA7ywnZ8CH0n90DFc4n1BZCLp4B51N6Lt2yreSqybfA+QoYr6f38rVran7U/gNCLn0c7vnopWu2bZRecf+NkMu3QPvIZWsu7YrY
5+yG8zvg+rc3Xn7FlkyGfImQTZV4fePmro0nL/hWPpynYE4yEYRv0duIRFTpbqkMehQYuXAf+RLzqozZZYHhR4TW/WTCp2l5JEISJMJ+K72ZWU2IcgN9JkLIvXhNLJEO4d0AYjAkHBGCDiKSdyGvhHqRhOAYI9PIdHIuKSdzSQ1pIM3kAtJK2kg7uZhcSa4iB8gL5PfkT2SE/IX8B/mIzmS/HRvj48ZIMe85g1SQ80k9WUySJMV7riG9n9dz7I/
/w++vx0bHdoz18++NY18Zu390lM/9v/SR3oR0iGRD8oslxE/I2ElIb2NCiEk/ISSDqworI70AGANYIB0j2n/1fp/7OUaG4bsLoHLArDkMdcfIzeQ+8g2oP1NDyAPwxc86ch25HlrsgjZW+RvklxPr2Qw6m4bod+mLpJaF6HT6FCz2i+TP5M/03+iX6ArqozW0h04nt7By2irMlyQoHyCXQa8L6fP0efFlchmcvQijdtD34do29gt6m/Alsp1thy
s41+9lvk1KySG43//yR/0frof1wfXAD67H/5HP/6H1+ORtpDdIAI5DJEzWwjFw9lWAQIA8acDAgIJxzKzOpHivwOm7x97PvAHn387cL70Bo/2XPqp1v3WkSOzjUH8nMwQ0Ssg9MO8D8Hz3ka/z/Nvkbij9t/1kdn1WLfsJHulN7KHEhV/dcsXmTRsvv+zS3ksu3tDTvb7roo4L21e3rWpNrVyxPLmseekSXlrcGF3UUF9XW1O9cMH5ifnzvlB13
tw5lRWzy8tKzj1nenFhwZRYfl7I79HdTrtmUxVZEgVGyfSaWG1nJF3YmRYLY/X15+B5bA1UrJlQ0ZmOQFXt2W3SkU7eLHJ2ywS0XP+JlgmjZWK8JdUjVaTqnOmRmlgkPVwdiwzRVctSUL6lOtYaSY/wchMvi4X8xAkn0Sj0iNSEeqojadoZqUnXXtkzUNNZDePtt2sLYwu7tHOmk/2aHYp2KKWLYxv30+J5lBdYcc3c/YyoTrxtWiioWbMu3bws
VVMdjkZbeR1ZyMdKywvTCh8rsgHnTG6K7J/+xMDNQzq5qDPuWBdbt2Z1Ki2sgU4DQs3AQH/aE09PjVWnp159IgSP3JWeHquuScdjMFhjcvwGNC0V6LHIwF8JTD428vbZNWvMGrlA/yvBYpotTNNkKoqfcC1AdmCgNhapHegcWDM0tv2iWESPDex3OAY21gBwSXMKhhgae+ymcLr25ta03tlD57aaD1qbbEz7lrWl0qygNtKzBmrgb34sWhmOelo
RTMpCeGQAWDSKD3fTUIJcBCfp7ctSxnmEXBQeJImSeGuadeKVJ6wrgZV4Zbt1Zbx7ZwyWKu1bmGJhoRWxoKbT/LuyJ5TeflEEroqF/K8A/uB6JC0Udl60tgfzNV0DsepqY0lWpNKJaigk1phgrNk/owTar+kEKG5ACC9LpUtiG9P+2AKjAVREcHk3LE/xLma3tH9hGlQrs1e6pKYa5xWpGeisNiaIY8WWpQ6RsrHX98+KhB8uI7NIK84jnbUQ1r
uwZiC1bn06rzO8DlB/fSQVjqYTrQD21liqqxURIKanp74e5ivWavaCZ/tEa6sxPrlSoEY4iBARoCJSC4fYgiq4oAMm8FNElgVVkRQNE6sZ3MVsgaWzxhFxbRfW4yUBuy6sD0dbo8bnP5lS2JyTVJBWJ4ylQ8X4nIz7fO7UjNY4oamRmq7qCRM8a1DJnKA52mfPkyEszBtDDxWXs966JBQAU4A6BsPwKlzFENJAJBXrirXGAIcSzSl8NoQ1X9/G5
bHGZatSfLUNfCCRgYY0AdxJAAFWemeZuGO0qzTOPo/qGhv/E6oDtB2INawbiC1PVYX5mM3jLABoekVq4j3CFq6whc2ffcFLGmnjigXnTAfWtWB/jO5Ytj9BdyxflTqkg866Y0VqkFG2sHNB6/4pcC11KEJIgtcyrMVKPIngCY6UhBOVtw8fShCynV8VeQU/XztECa9TrTpK1g4xo043blTIb5QgDK6IxpWE1VqEOtWo287r+Gc/wQdPaFJCTdgS
DuZk4f0Uqwah5jHQhW2UPOygThreD72SvHqIbt9vS4SNFtuhRcKY4Y6VZ269clXqYQeBbvwIN1qAH8CIUA+AEsRGTWQd4sK1rT0Dna1IySQL8Ab+aJrG5pE0i82DiciOtBbrWpC2xxZg/Xysn2/Uy1ivABbSLArdr8cVTFM8tqWiMU9ZeEAfgWWKITIMDKzbT4QC5FjweLwgLbypNb003hpLXxSPRREdYSFV4oiu6FwI3B4RLFa7BrAKUIwj2MD
+RAKRq+cz8CiZui589f8LOLG/2GytwhUdrzxGQBUhZxDmfwVjDvGRkqkJmAN128frYOZnEIsPBPf7/x21IihlBzpjIHmBMaZImBosVcAhI0NjYytS0eHwSGsUWOZqSKtSaVsc1COpYBG0q8PUCdV16e1r1+A8yMoU9lUKGta2Avu1BoQmDWkbjGAzR4AWtbwPslXotBZwbU2MF6EaJMT21nRrHG+a2tDK2bKeJvWxuWm50BhTKsQblbQOeGOlXM
YAS9cK+jGzwdzI8pRRE4ZTuFmrASTFATNfG4NLazsjBo4sB5Zt6ARa2KjpAvYsFnbxpIXNi8TQX+xOLW07FwaEPyzbz0XRIhUora3G5PlZv9kA7q2n7TCjwgmgNDsAdOBSA84F/vphqtj0SRxm2RBJxrYBj8dJ85EUuJx2FjSsASXG6G+Hmlil1VlFWWc3xzhi1Cr45A6AO7CEobG9sauiEz7AO1DJQfwj4UNAqKR14JMV6bb4OdPVT9Y6efXAg
Or87A4GvFTneM4rWcFaFP6QI8JxfIst2s+WxHlOeT6wKAYqAivABEqyAIQTjaxrxVYxFHrIxT63EZ3QCPUwPviAfp51Rs0zYxkH0t1nn/aMn9ZiAkOi4FxDSYSH4CI3mr44nO4FnLSa4FpEBkAyz0XxPJd3rsPUCcszThCA+IBvSC7b10ZSFwGaw4Ag32sH0LxZu8YEmHmn9GXxs4YEiqCANjAQPk56e3OkszXSCToAXQYqehjoEPLIerBxYmtQ
CDQbz9O8iuuiawYQuQlI9dZwWlmRgoZdsSjI+DTyHgP6OEfRJBgSHhiIDaQ5xdZCYxi+EAiuATP42xiPrelC82s9Wl9dvG8tTJdDB0cL18SAirugmsMSAAdM7yI8rB1A4669Mw6Q8Ax4ByJzBoD5toPcEAvXXtAJQgplUYQv9ZownAEQGvCsFQYyGtoKsKGB/DibS+P725WCMzX87/K40Vjlo8LMkql0s9WEUxIWNsXTLFgJF/HhaXJVyuJQAl5
uAPAmAKvC2DuSZitS5vLw/g3YNWwtmNENarj0MClrfwHd0TxRKq1OZzUm28IA2HOgbju9UNguXkgEopDCRJZ0j/DP4j0KCZIKdDEq91A4JaRkdHSElnS0QzZzhs8T9RREPdHtAhndzkiGwBBklEARxisYe1ucJ/2chEkeldJfjacS2yqjlDyQ92weEyqVeoXRbEJFSQpl5U1WZDkYyJ2k2mx+r9tl1zRfcU5lTn2OUMwqWT0TWE6oSK/Q63RB73
b0OZhDC/aGpN5KuV5msq/Xb+vdre3VGNFyAl6S62aTXL2iape1oE9z+iQyf75epVeVVFWNVuHx1aoqfIaRV0eO40F/sf1Iu/7ikfZ2Rb/uCHwU/ZNH2tGO35kzwonJokonOR29vU6n5iO52QGP3tvr8fhkOA3CvULzy+aXlXnnlMTLykpLPVZhxsxWKpQFYkLMF4UUKy/jqUyIQioLRCEXLl/7raeu/dK1mZeuvf6abzy+9gfD62/oplO7v9T9w
9GvraVT1woPZ/q2ZxbQw5i2069tp/dk1mHanumjXwM95MnMCnax9BNiJ50c4tMr7VSqI5TDybZBkKiznqRIDxEq5Dq5Re6WRUK3Emmr7AJ2OX/+iD7S0d5O9RerXoTlJe3wyOGEQ5a29kIDurUXGoXmx+fH8WECzKMHA4Vw9LKLjx599ncZ6SfLM38Y/c3olhMbbmFuOp/qLE7OmtVmPqs59WpK7VEFUi5ToZLUA7LwuTkWq3SuvEheJV8si0IF
qSMtpJtYMyQuGaeo8zlOnKWxNDBPPsNcPltxfJ6+8tkeXSjP8np09uTRo9/P/C6zYsMJdjNoJpOXt47+KvNu5snRv8AsZwgr2felwyREHXyWt6copSvtVHhJpy8HKLNTPSDaVFEQQ05Z9hY5K5x1TqE4VBmqDwkhn3OHj/qKvBVeRrzZXa6tLtYV3Br8alAQuuU+mVFVD+nFeqUu7tOH9GP6y7qoBkKB4kBlQEwF9gWGAscCLwcktjsINwWwBF0
2vKFL9oqKGlSLAFqqF57/eEf7UW9wjn7EeOpN7ZtMYMCF4fYjOiCxd84XSjzQJjino30ca3Nk3W63eWwqPAB1CKLocLudLr8n4cUlzRkuLRme4ykrLSnzlCHK4sFTVobrrASDSlGRohRVVBQVVQSDReVlAaWiIshWPvjNkqtnJ9viN5R+M72qvvO6+emqby6aI3YLG+b11N777URXzfJwZFdBx/DSxS9cEv4WwPjBzJ1MoAHiJudyGNsFJ1VucH
qIdoNO9BNHYE1Hj+rDMOFHiK5rN1xC4iH9CK5i0ezyWUWF5bNml5VmBfzy62U/mHxBcl5Fy+WZO+tvWTt9+tSm8prOxFd/hfj2/Njb9ENgLnZSye8SLBIqhDqhRRCFG+ptKRugm4PcINvJ/BG4IfABhNAjMrmhF+pCBnbzu8Ty8Y70onmp1DxINBuy1lYoIn9LjL0t/FV6Ae6SRVfy++R7WhQ5KBfJFnH1ySrpd1K2w023yTtkJshDY+8fcOtyI
xTeStidLiiFHA5+fuKAz8ew8OYBXeeFDw+43bzw1gGnkxf+kGix26GkORwMe7b0kX7CWB9uoGThuCQLxyQRHJM4cECAo45HHIpMxnFILvYmuTgSCRa5aHGABobG3k3wmkCb4NKx4GqzQVfSaNOdLjgOjZ161OGAglOAtgfwChYSDrwqhPCSAIw2Ho9jGonrI3FOo3Hrg5g4ctY5R84RxE6HzdXWCyMH2noF6Qzp6qSsFOk2ls98ehSKswoLY5EE
JafePPnen/70l2NUvPPm2dtWZ94QbLSK3po5kLkoc0+mmy6iT47eS100+adXNiJGHIMFe0z6MVhYdxkYMQ1ITN6qMHKBmotQUjWEjzo09h6sCsBIdSAI4Px0wo7QUoFcZDw/lchxOqFkQwirKdpDGaGKwBTiUERkT68Oe4HuaIn1mIDPI5wED1BZSDAA2aOMycTBWdR8ILXKHOgBTxv1SOWzZ1eUeeh7mRc3jdVWiWsf+9c5x1Z9dD4+wXmECD8
FbAuQ3/AnyJZ0N6yryI8CPzJ+9A2NvX0AJ8cLVs1BBzxUyE59uGR5OmCK2KLotFKv11N6j75N36Hv0RU9hO11aJ+YjlDQ/QgF3R+0aVqfj1b4Wnzdvj6fSHxfJln+VQGb3OYMOJxcvuJzwnKj/KjSn9ZfxIVubx+Jz5zRTk1QhBMezWaTKfGt6iUOp9zW6zQXu8wDLAdgUFZOgc5j+bJSNNugdIVGAzX0udveWHZr5Mv5z9zywjvfzBxk84rZj1
+9+7mV51980ZafDH7v49EPDgCMLgWKfBBglE8v5zA6J5RHlaxgFuu29dn22gTSn7U7i+2ge4AiPXs8jHm8tAjUG0ZiOUFEcE5vUHg/UYePb3O2BHVc7aAXaSjoxctYg0eETFBH3AhKLZNkbDbJgc0mRbDZJN5sEoL7cmw0aQredx8V+j27PXs9Bz3PeF7yyKQ7l3YLfQLrcW9zM5aSaTFBgYgiehuRUZzUeVu83d4+r0xzcrS2fniOgzbBZnMLF
HUzRoS2iEf1hlDsuNv8Eaefr8bIqyAO4Ng+jNy8fWRONug7SHA80ZBJhyPHTSQ9Eo/rw6AHDb84bLSBZSMgU7NyNFtbr6b5SURo6404vX53W6+fr1oZ/KFyg7hbUZFVFgHqjIFKU4oLCOtnMGolC44iMNJLOy/aRbO+faNuy/z79U2t7a888V5/2xfvzGT+dNHjPXf3Uv3ab3z79bdadlw1fN/Vj0emPn3z8681wONlgyouA+VqxEln8lV1SiGk
WMlh8sR3OXN0DI29zvmmA9klroDD4psOXNASXIQ6R4sD1UcxqBVpzCFyNilGOCFFkEJEl7zVfoEqXEBwXM4+LX5MOOt284IxLhQ+NLgD4dgA568lKhARiMr5b53WonVrfZqoue2JUA5ptCecOh41OBK7IjhXqatAtaYG6wBgjoxU6cMdsCBASe2vWixkpGrEYJzD7bAuBjURJCfdLhNJdYireuF+7AxLiYO+yXkK9cQ80XIKQj1AaVTYfHi0S/D
V3pF5KJOkD9GdmU1052bh8OmL72bfGv07UND1QEFPArSDNIvDOkt1UMUWtAFroaJdvoBmIUzo0Ng7nLNQlFEICl5ASFCEdQJhQEP+FjunGHsWXrFnI4thpFvtU/tVga30dnm3eoVVWVTQK92UKe6gu8gtELeTZBlSkjVmIb91ulxQalNdWAMc+IlELi+pXnGV4M3CsjeEbbxtTqeAgBwBZB4BjgJ4HY8f1V9FMTNsihsukSwxNKIf0V8c5opuOB
GgalZbr6oyt9MLnMnJpFW9zNQjOaKXcj3EEw1EPRy59Wh+Ecd7KJyqZr8efWPR5udfygSG+5t2fJHmZN66kT1Xwp5+IHNPxfu/H/315r2X005aD1BeATitAZSdppZeKoYQTniUGyWaIpVivZgSe8RtoiRuL1Lr1BYVwSYR1S2tMmQH0ripvIDKNHMGooONOlQZZm1ov2XzUajEZhNftDwaUGSN0R+8tohe+PXRJuHRL59/6471fwad23N4SebLm
eczT2TeATOvFdb/NS5lJpOpTDToLY9TWp4DV3GyRW9ZWECSmYyEx5mkcUluVAxkkLHN24kOYPSN20K0e1LfJMZaHP0ORgNZ5Vk1WSuzHsmSSJYvlOeIhloesh22McHmwBFAuEJ3G9dZbJyR2jintclIZ7ailn7Xbtde10GXSFzWXV04D+zmQvpEisVCwslVmeiklv0CFQRELGzMC9iYF7CxYJG3eYkXPkqci92FaAuKPkZ8fHY+PjufjN18nPJ9
Xuzgm8bxtQEfeF82ZbvdtCtra9adWYLQn7c7j/XkbctjdFqETptKV07pmrJ1iiCgvviMLKieEIijPOLIEsNT2jzhNtnjlCXT2vGYijxP/C9u6VWw/MctbWpEP/6pKu+cOcD/53DMb48j7yCWKA44SF5WniecJXumtPXC7cJtvbIpjj3YCzsiCyk8o3UrIirFwOhnF4CYLozlB/w+OeDPKivFU7qm/cpXf/ijX3xxOVXf/1Wmeg/t2nFpy5G9v93
Ru/Hr64SS0sGO7xw+/N3OZ0ru+Mtzv6MPXPPOZdu/llzzyI2Zt/qeu/T22zYu24l69aKxk8ILgIM6yaFrOAbOVsESU22UgeUFsBV1rnuJSCXbRJGWkxqyknQRsBJZCFqKHkJtnhZY/g8PYvsWF3VZXNxlMW9e4LiBIjrBESerpd+2mwtYsd5GiY3fx8aFus0xARc5P7NlcVwMy4yASQNs6YALuDoWEk7NDvw9u01msuyjqFeYPPJ4wsmZJPG1OY
jTYS7wcBwAXoLOfCLT9tYR4P8d3Nt/sXy1zLocWx2svb0Vah4ldAatpkJ767heDcs6ype7HZjZca564tfQtlGz9ohyNiys7KBwQ19br8NY4nGGJhXNJhWGoeNFVkZA0c431pT2r2mhSz3JO5966y+P0j9k+vdmxnqv+0pPJvuSGP2nS5d++OuXqDz65cwHoy8IL9A537nxpvtx/bj1JS4EuyhImvj6TRbctiJ3hbvO3eIW3TfUB1IBRgIh+QaiO
G7wohk2bohV6VXcHvA6buglMiTF60OhFv+kUeb7LAPNSuJCy1A7/eK4ycaICHz3gDRMFKLR1TizQ0QFgm1z63SxI6HDkbJKrV5LaT3aNk2iFTYq1NlabKg+ivWU1jFKU44dDlhxmyBTTSK1iqD5/cBGakVVlaeJc0VWoJQrTAgpgK0bJQUX3+XiPPHdRJHHA6WI3Q7HjXJQKpKYImFWIdVJfdJe6aB0UrIRCTjQI4gnEki71xNh7EWYpFFbPUu4
dbKYMUlUVFGVGCDQfO5hGpkzR0ecca1WqVCv9qjb0GGwiXtKwmm1rDUOFklH+6ZXQTbGTQeKF5TCkD7CZSWn9g6TyXS0L2xOgTTRVHhQVRUkRa+qUqqqWg0GAnqHKtlYfa/NJoJI4vMIWRMxTBkhKsRoGaWQv9g1+rve19nyclY8euCP9GFannlOGv6oTGwavQYkzi5YkwrpKHGTEOjtRzm+XD4lgbQlgY2GS8H2SUPSMUmg2wKU1cPK7ND2aPu
0Ie2Y9rJ2SvtQ07RADXcoImxZozIZgadkIdEpnIYVrsUr+XwlnHp1TjXNq1GcQSc6cUQnMno7UrmTc3OnJQGg8DInXV6DnZ2W3MBCwo2jOqcoNEiLqEAoGlymfmQIFcpHRs4B2pOdn2csXoAySsbCu3xkKIwlynBoGgOjgFbk1uW25ApM0zy++mwln9blt+R35/fli8H8ivy6/N35z+T/LV8m+chwst1uujg/PyfI9HoxJzeCp7n1VBUZ14ZK9Z
GyUtSHAAE2l42UcmOgA62Ao2eM8XHLHATJiClL8OSI6ULCDig2NF9+fa/PJ9Lc+l6qMjFY3ysy0x6wzIFo1DNlovpPPaAmlc+K5gseU1bEWGXmQmq/8tfv7Fn90L2ZNzIL5rfT3MzH65Z2Vzz+4PeelA45//Wh9fsC057a++SbUnamTT753Oih0X/Tbrl75w60h5vHTopXSb8kAXoNx5nBkwFKFED+FqC8L+r0ajsNAP7sIHvIPjJEjpGXySkgf
MURdBQ5KhwicXDl3xGUazycw3tkXCcPxyAP1zY8XlwqjwOXx8O9NFgDx6wKcpIwdivcbZub9vkp6wJiEVYJFwvCNPdcNxPsjt10Lz1In6Ev0ZNUJvSkAyQYoPgOIuAU+h0CAXPhFwk3J26/I4G5wyVY/AIK73EEEQyzlBfetTSVU4kCrqo0+G1cZ7Rx/dHW4LL5dezk5z4fv4DuGEMb5osJkgb+uAZR2tHuKRtXKTomOmpQOe5oP9pu2YGmc9Vl
a+iF8YWGXhh33AmsgBLAPH5vWWlFUI5GCAiQaKn4hYWdP3vyT//+o59dftlDmXcyv888Cppv8N+lG75fmzmQ+eijzE//6a4H6TfpclpPB1FmIBfYI/2EqMRLlxmea38C1yDkBHV4G7RQ3TvczF3To2xTGC5xv0KLFar4kd4US+PjXNbOeQD3kPHzIOcDXGdTGOcARnmcghWt2iRhLqtNsvyfIOV3LAo+jS2gpHA6Hhr7OFHKTSFfiPtYhBZnn5O
RlQ6U6cIqDxWKJMoCDqo56imzeepFk2T1kdIySIba1nG2Gy1uCnyjjFdHDPpE6nRQB1Kl6LGIkq8SJ0dcG6RDdKhF8+mPMr+mOUuBR68/fXTh2l++mzknVzqkZW7KPHv6lCR9fEij59EQU4HScG2odAjk+S/5yuSFGGV1mqYoQaVIqVBExUmqpWpFLVIrUOhYoFMt0KnjoFNF06tmgE5FpyeCm/dBGKrcpOauNsPBhjD0c4ebg9aLIG7qbVK9qt
qYsVkBTG3kLOCADoHbOVX6Ca79+KgI8KA2VaoHy85GQGaZYEFWxQ1kNOeMRC+kJzK5bM/p+4RLJCmz4YHRdw9Ihw4QEwb3IwzoVITBwyqptnP3GszUjma/3WaDUi4+jJ0/A0LAzsnQbjly7aiEIgCwYLgZ7Ro+tR15fz4+r92Gz2qvA9FEFaFaVHFYRQyKRaJARAuyogVZcRyyIoesaEFWRKTkXj5LconGLHjhg0SA69F1DqUedQmU4TZmaBNci
gNMP5gA0vhoVfuECjCruZKmK6ADKIqhA/D+IWsAjnWeqCfmKYNjmUd4bXT7sWNs+zF2ZLRKOjT6CGv8qA7gegiA+2WAq0B+buhjEkizEk7TEi2WqFAdImc8YjI6xZCjiwqwdEZIMT4i8NHjlqvmhOWqecsACxFNx4wh0KHwjgF4EkGg8HMPQoVQ7rHJ5d4btCQ5Xx4a+5mxsqQOgEQRQPQsQMS5SB0x3DLhh3kbAAJ6MuGpDx2TDsFjGvgjvA/P
KZG9pl9FDInsmPiyeEr8UBSJUE3EOoVYWgGxVppYK03GV3r8kTKWE8pYYCwYpEME/ix47uTPUycL9eb0YWXfPDN5/U1UBTfBYh4kQn2vNf24Of9oYNcxtgue4WP0rvrH3pa+A8/gYHnGWtlAOQ3ZQWsWI3ik/OhK8OliAF9iksMVchW7Kl2CCoVKV70r5drnGnIpsqwqHJgl7Zv0FxGXxhYJtIbRheoVKlusXasxoVigxRotgintpnSPSIHh77B
T+tkDElLrkGorHfUOhnsvjBXjhmeRo87B5M2KYzN01OyiqG5VtK09dtqtUPsVTLlCsNnY1mcEWiT0Cf3CXuEl4aQgE6HPRmm3DSzOkI312HbY9tj22YZsx2wv207ZPrTZUmAFiJQsYmAdgFEgUorigykgQfrpRLn/N6oh7TIFyLdf3C3uFQ+Kz4gviSfFv4ka7xOkdbSFdtO+RMOn+jrNvkj8dWKL2C32fWoUN7FtYnSTuElhNocqq3amGFQMIu
QEX1vja0r5dijj3gTUjxjKvz7ajvoenCDZmhUdvK6Ddxt3PCCOt3L3AVC+SMEAUgQbgXtqeE9O+fNx15Gr/zRGDQOgjIpvPJR5ojRz8IHD1NtG2+mCVXSq8ODp+cKTp5dLhz5+QTyHc4JdY2+LXwXsstHHDSmjUUlmAmEyU6pVWNFqQc3hssJhCpfXLOHy3gFTqrxrig7uqZqwl+M3RcvphF/ToKQjSat2RQgKRQI6hQxim+gLMolN4MQmWMTGt
TJTPXvf0soy446khB2HFzjT5ntjAa7BaQQEJhVlm00AtBeNBRrWh4FEHgYVVUTTC837RHJIpuROmW6VETMOgpJDaQ+lBHTH1bSXXktxL5kSMD1jcpm8UF4ur5WvkGUhRItpJahSKbqNju8+9skHZZnwhedbxLiYmzDb1ErP6P2oQ0w800cWYpzmnFajQPjEDkhbBbIVUKKV77ZjRABMm1iPY3F9XHoJPc5lFJiH2DBqP9zMfn/YL5Z8/IZ06LRd
+OtHZcC1QXOX/Oa+KZemCV/KQ9lKJxV6dMrWAtf31siWOw4Kz/P1lQ3/Hi98cGDc94+rIVtWGRYSXITKIUcN989X45LgTkkR6Se7yUEigyqJbJS7bwhX9AlX9AlX9Ak3FUkQ9/UZceu4yH7ctOOclbkRq/xYdjfY/C5+tQHYiCBwtQ01bVxJb45/mn+u/2q/GHAXuMvdW91ie3trPE7BznrNBDso2q9ZKrelZ3Pg2twNYFoL/oZeQZi4F2qq1xH
iQ32bq3Gsmc6nbjqT1mQey/wi8+fMM7985pHhlzKrH3uK/YnOoz/IXJm5L7M7003TNHk68xC+TMZmZ35h6dyFoHNrxEenGxzdAXIzyJ31ITwCm2R6jWKvptVMQVvY1LFf4QvCC1y3nuD4fT/h4ip2XUBhRYwRhiINiYtZxMXGiYtx4mIWcTFrOZlFUwwtnXOQhlidf653kXeVVyh31bhWugRBsnsdxMWn6eKWvqsBmLkXe/AtGW+DxAwHCSwJqo
nxONjAINVQmx4XgbAcb5p4P2Js0xr7KtzYccEIguRt6JVM+3ZcZ4x5Zhtuf7RneYFeeOyPJeyLo8/nb/6SQrdkrihms0afR416ZcbLfjP6R40WUAdA/T6A+j7pGHGTHHM/K9jt6nMx6hLtpNbtzs3iW4lZNXa0RUxt8a0Ex1B7Xa5eLVYr6DhCL5ERMSAhU+I7B5aFKFnEA4XTnGag8BEHsmTBVrJc4ZKldGD3xFRcAClcD7KpJgDGtAsI00dXZ
V+cfXW2oGfLNpdH8DVQKmXzrRm8SXYDiAHJUMktYJeVlhmw7vikdWmq6B/wEIEq0ODRPY0agN+l+mhDr88nqTicmt3Qqxq6uqFRerhkoflFAP1SMGc8flmhdNyfkC/8JHPVwq8fs9PoAqY/sJX+y+kn6qsPfDd9eDLbqo2CkunOrB54NTx6Iaj2U7Qtd17Ta3gRhB3SL0khfQfXAmOqQW/JVvJzXCHuHOaOfVe+4soRC3xBPzpboIou9nvAKCoI
NngEsaHAxj2Y+rB3DpjX3jkgBHH7f7gE41jMIW9Up1BFp6QgUhPpimyNiNPsVKgv3lfMenzUp9Qo+RX53flCfg7Jqal00X4XJa6iPpGy8sldk7dOFsrzavK68rbmiZpjrmOR42LH1Q6pLJ8K0Faz500WC+r9KX+Pf5tf9HsqLKWCqxMK4fPEaXoEw2rShwHvh9thnu2mhOfe1/aRI/pxdPi0czaP18L/t068tTWccCs5ngKxoRf6Bxt6PYJl+Jk
b1ibmFBWZGxxBpRDQCF3fWcGguWu9oqFy74Ktty6998pdface/Y+O84q/W7t+67TGLdt2XZX522s/WTg0tWL72kVfaqyofaL/uy8vfWjS7C1tlavnVc6pe3rP994EDPMCvd8Oeo1iRp5MLlJosUiV26k4ndtyt9PqIkYJUzmfA6JOeDi/5C4dppss8gOLRb6Z4JYL8yLFM261sHykY6bUi/VneN7ImQgUpLg3Qddv53RmA6NeAqvYYGql88d3ia
MB9oNjmXPFL0vSRx9L0oEDXCs7Kd4Ns/fQQiPqRDeUG35sEcCyrtY4w9csa1iz5ISGLAefQePWGD6HpiI1adYWDBTGOC/inXFEDf3dXgSEVuej1YbY5p6yzzeHZNMc+sgyhz4wrSA+R2LdY6Kd9E4ixK2sOm+BVC7VSCslUWpwgfggnIeNtJ9l5OHO2oTTM1JCc0noEuPdUAfiYrrMY2yHAftDBJpSvuvYAzff8cCxzJ///YPMB6AGBW58cN9tw
punpdf+/v4JtA2doPmib0GmixHG/HWaZhDG4tgvEk5uXomMSowBkpRwXkhLcALh/TJ/J6RS7OSGfsKBxr2O6k6dSkkFmCWqGlKL1ZQqSrWyUMvkKwm7koK1ubUOd8lwyyq/iDsE0gdyJvHCE4lCfxaUpuAeRb1IYRQ0PypM80Mm4q3UBsq4AaeO9s2bECTUCDBB64F/2zs2m0ACKJ3/D83mH7rX59wHaP0ggMiGMOILwfcgJMP+YHd0jb72Gr2K
XvKSXxr++KdiBYc5UGW39BjooN9FmD9KuR2LuzWJJViaplGh2EnJNpH2QVFjNjuYO6psFyUigElqI1KRTItVWkwoUC+TayW11kZq7axWsNmdkgCinp3xqQCXOop/5rw573LDp8PysHJ8clBFkIgqqOpEX4oh9sCgAnuRb6ncnrkjk36WpjNXPE3n0NafZubQ19ji0QPsQ/YUHX2RTRs9b9RhPuMNgFcqeYk/owyqGV1MDBcnXSxYBYKIYLfzmic
S07EEhndQa9FAyagVlVr1aipeDSqgzDlUDudLXpMvjT7CORB3mSDOCEjBMSyp8jaZ0RaMaNpGWLGwTWBEFoggMng+wwjy8o1tvl1pcKuRN/UPDPgY2MOhQgRBlqHXuK2BkameMpNvGYv84LFM8c/opfTSn7HbRjey24Spo9vZdlzpZzOr2V3Sm8B/jVgLG6mWWKVCiYLeOHNr7g/jcQsJN/cN24R6KtcTEGaG4DEUmI72qleNcEUi1ffCVXQuno
mI9pl+xGfpzzN/p0pmtTLwwN+ffQBn0QKzKOSzuJDPQifVgiRUgG1Hc03f8R8SWdxXLHPfscrq4R4KQdeGEQVgTWEYlCY+B8rg7i4ZZiJPiMoGPo68nBVmZsIU/g5TWf2APPsBbne9LZwQF5IwKaDHOUYUcV9NAXJXu4MX3kk0cEj4gj5GuyN9EcaK3fVuRg66n3G/5D7pFkETCLililBdqCXUHeoL9Yd2h5RQQZPWtCNAA9w2D/D9lIDl9uShp
R7k/AEefhrgdhavrUZGHeBBFYGi6JJKiRKJb7RL3DqTuHUmcd1X4r0k7rqXeA+pcK5AhQKOvk5DJjyRKHXCiFb8nEhYKDs3qamupOoOuYvdlfAsKfce9z73kPuY+2X3KbeDuLG/L8gasZCYifdyexdNXjWZCZOTRA25ddKoAumQRgHjcBhRVUcsyRxJb7ad2b2KofVyVzSourBCgL76q4bY+BVoLPqrgN7DE3Xgs8JgN42MHG3Xj3isnXuuwQA9
AOaHQSmYnMSIJG8oATeLJXuZ3e11JHvhrsaG2/yc4TO7rgXGdvgUUGV0HoHHozY8/mAgv1AwVJuy0gp2YvOfv3iITnq1avGpwc7m2T9u+dMLK7ZcEV815bZHn77t8mt2Htzxnd/nULHz3unzj5/MbL+lpGMB/Z3/jq69X0OrsR+k1TTAZJ1MorMM+6XFTlloSZ39JTurs+8GoGjc+W3FU6L9wo0Qu7WdardkMW/D/d7IeYPc9+0Vm7xNCguC+dj
P/sYkwi1H04T8wNinZaKpDX2E3lsoaZwdcfWCId5ZZmQiwtUkxpkU42rSZLBrpoXnhheFhUDSFbasLCwg8UMpqVK7y64qAiGGJw3Nw/bPMGKsfZj2TUaEb8JPJJfK7K5AshcGCMPa4SDoUYWvycsLFHSK49qQgE5gxQSPf9yIkenUhR2Hw3fW/5Z6Mu+8tfh27daCp/YduT92XdMa6aPRjwrmZX5xKvN+ZniOMG10l97w2G8efb4K+Mv5QNuPAG
0H6RcMLbNGot8CWVGcXZkNa+bc7dzrBP6rOLEoOC01ymnFSvKC3djyPpVYw/e8lSWV3nov6/fu9R70PuM96ZWIl29oeLlq6o1ge28I23plBLiXk6jXi8D2cjeKN1SglWs1moCREYtEQXAkcdedOZHUOIk73TSJ+6KMEL7nj5scpzi2YCGRzTczkgGNG/oav5mWdNsDihXmF4+/ygnq1Xj7yNk7ZWdCY6oM0uJLpDvdJODWkr0wiJjsDShmxJMpU
cZtAL6hGcsn5bihmSX88MJJt9d949HHvrf9+sa7/vCbzB/oVMqWPyW8fOOkWb/+0eNPr71vLS38GNj57FqkksaxEeFtoBIXyTbfDcgKG8/X5Mx2NNU5qTOCKO20di6dpt4KJdWMQfjAikE4YbgxnTwE3YnSyoxAeC+xnkcg+DlX9C/pl40XfYjMXVxyDveb5XCnGWeiMl8hmcdEyJyJyjkFPBZPmOaZ61nkEYSU0COwrBCubRaPv8tKCh5cChdW
eZK2ehtlLk0wXGKsUbDbQGwc5HFRihMpBnEdWCD3hcXP3r3EJYlP2L0c5bIMeZ2b2gUb0YSsZK9gtyfcKB1sbpsn2WtTHAYJYaD8BDIqh9Vh5bMIcDvcYOLLpkdLZ1cI56790U8/opFn7r/g8OH66+76Ee0854s6XbqWRt79C125hP7lo7Awu/dEOnPdnAisFdCOmAu0k03ymfHmz4ARf7I+QFNBKgwpdEC5W3lAeUx5VnlFkVmLRDG+Zoe6R92
nSsVqpWq8z2RVDanH1JdVB2kB8cjUfO6l5iSjcixWeWi9agSxcTJR85bUTaYsGEKx2s1F6t7QwdAzIVsI9Spcs5Dl74bCbznJhgxE4IXjnK2G0COEo2IBiRhKdPISuqT/TKC/qOs4nM4JWecLrOfiyurciaZzTNI5auixfmW3shc4mJKcps5VF6mCYMShCvhGElO53uggi1UMbLM5nVByTG7GCLiHff56HhLndtNGs2DGxoVdrnpCqZTKoTlJP/
OHnC7aiEdi+K/scMo9UZodq5IOu9+kdUAfYMMoZrmqqP8KGS+QfsemMwjWjmzZipvGl0uOjBc3tZvaNuE75f7JtLl38mS/6pCSvXCTnGSvX5kQ7Mt1KX/Q4AMK4FpRYblegW6CrICf5iuyEp1VVCg6T5/ubtv5nUubp7dtvvnZW/75W7c9/cb1X8xM+dIFSTtbVr+USY93pTq+Nj0y7Wu7x6jtvp1fvnZ4Pt2QXLLliqYVqBmeD+xiDDhFgPzU8
MEGEVr4tgFC6xxcmq1eKgQqbfjmEhgXLodil5qUJntTvYMSB+Mx714z4P0dLsscSK9c43JEeAB8Fq451P4lkcODXviOusOWBMXIzZI+h+aWfcRSZKomuA5QzI3oVfpR/Wj7Ua6aUP4ah0PTFLcLmKgc8LFkr49YLwQY/gSDhwbLAjHQ0GPlZdy9wp6dW9qySXrllcP33PPs/cs7pCr/V7rCk+47vUnYed/wW5ORbzZnVgvHxC1kBqmiPzDiQOqz
U9k92duyRVIUr4gz1kW3UiZE9FyvvKQ4Xhmvj6fiPfFt8R1xJY7cFB81jgjEYzvi2XOX5LoQRrnonL4RgZLLeWHuPBJb4py1xJJdXKZ5uUzj171fAHtrR/ae7H3ZQ9nijtCe0L7QUEgsdlQ6GEEfFWMXz7x6Juuq2FrBBD1SUZwTzAsFKjilVyTzEjawxPN2q3vVg6qw277XftAukOLlasFyO6cIj58ZpGF3mAWPXzZohIc+UCF57sxxJ+vMZOB
cl10OmOpmXB89aritj48CWh9HZ+pRrxXFZ+71WYx35PjIUV4aOXocI7qsUD9DZ5mWHQoFyLlCsvdcl1q8HNTNeXpOUAjkVSR78/IC9oLlvXDfmWdEJdc3g3Mwwxd3yviLO74KQ4eBhY/ll8+aXVHo4YteEVR4GJgic+3TiCPG10Fo/pnA4c7u+2/+8p2PR/aVnLhk6R/e+sE3Wzuu3dzw7Hf/OffCi+KPTv/m/szfnut5kzatve6q7q7N12R+s+
fy1gXXR35QfoHvYirve/38zVsv6Ljr27/VdaFg8tS83Tfe8egiSbx53cbbd25ZdzNSWT8hwq+Bynx0hhHTHuAcXtGDOqO4T/Qo9xE18Xem0Mz1oRaJEtqHgjnIQ735K2I+LlR9XNWEay9yfOONuJD28S0h7J3w8Vhx1d6kNuErFEU2gdisqC6bpdPyl424TmvjOi0/5zqtjeu0Nn4jm6Uw21Dl5XqAzX+xeLXIuJbk5hEgSbdPs2luRRtXWz/x+
t0EjRWRIW7SMwhfh81NsC8oRLw/11hR0vIwDq6YKh5LbQWTQghfeUnNTQWHDxf+y6oHnmTf2jawbPbpE9Kboy+ct/T1p0Y7kJIB7E9KR4ideMjfubXpS3D4AYI/yp/0GsF6KsEyFXHj1Yq9/3uCB+gJHpejqc9DiUdEeHk4v/O4eKyexe88xitvvGAG1nj4OnjMN3TGI/dgwRJcAHpUDPDw+JzLdG43cgZKrpX5HEFB0nQZ7e4X+YuMZ2n+AMjR
owYgue4C8HM5NJlc2yu73a5lwBKRTPSj8fmfiFgWgBNGPbRxZk3NzBk11RW302XSkZoZeDqz+qMqYIIf/xvyQG9mNSvgkAuSEUMmZGNUDNcggCd5Pc6Qp8kP8FP5nrTMAcbdBoLIX25o8VPitzDMj9t02NdvvaPjR7hhVz/XLREcft7dj14Ivn3qX+mmHC55Z8HFv9KFbzYLzqTDs8zvcPll0znRziF15q3HjnaD88A1/jqviWhehxOErYsDy+f
zLuv1jQPrUy/dlqMTFSHmF+kPDCBVZ3Yf+fqv6O2Z02cA9+GeB/p2CAP3ffzKq78gRhwBU4DSVfKqATsNzXsf9zY/YTmmn0hM4+GBGr4HVqFZ72mpxtu7gsyajIDAl6h4VlTvO1Yo4HsGjZqhgKL55tPziSB35vCYTOrjXNxw6uCLMGH0ilHbQekZiVFNzVFRqRLlpGI3vEyf3icbPWq97xU+qMjJXt7SjM/xebinORDZdXhtc2YnLREPfrzhgr
UPmNxOngQabR59i3O7ymgCNYooj6hUcilVoz1RVhStiLZEd0efiUqkqSKP5un4lHkqPmJeLj5eHk47iI+YxzXXPM6i8jhpwbURg7TyeMhpHlrbk/Dx89SmCoUqfDSFk6vCfYbK+GgKH03hoykqjgbXRg6YUZmZBH/LQ+HuRkVvUjxBT5HnpEckSM6cfXq4+5/TsW6zcbp/3wi58/BBPZaB6xlnpx7OTj2qySbeTyznDIJr4Z5IMLcotyJXoKEEV
6QTeJPQdJyG5ecSSSjBFfGEC7XwLLc/S0iGHcmsPE3VPFpYyVK8shF6wylCf3UYX+xAX078EwuLKzuBEY+/r2OcmJtYnLFkh/x+Txbhd/DKYZDRcB9HsjfLFMWmi5ibrsCnTTZ9hl8HUQSbPFvq+E3NtqzDfRfN+XL48LXzL/vem6sjD62+/1F2/+jK2adPsb8vbUuVn35LLLn2tp1fSD49ODrLlJsvAyZZ+z8hnyE33UE3o30+Spo8urkgxzkr
91hy04A8XwMuNydA3sOXiL9sfoZN89X3GO8TykY7HQnGc5b0NFd5XFZ+wFfZZoa+jQtNC0+MC1xwWnL0IyPez+YVky4PyDxNdimmvDxbWk5cIuBk7ROlpYsYPUFeuoyl+CxpGcQgAY+Q033V+bcWHr6+6sJf0U52+fe/tmTO6RNiycA3MytGN5j2p8bflwmYHrWCIHfMBhOoGh6UKK0MUs+SIA/s6ZZFWTR/H+A1K0LmtBUhc8KKkDluRci8ZUX
IvG5FyJxILOOWv2MJBsTsJQfJM+Qkka0gS5GYvxjAZSzh8fD4ewIYMjMxTMb4hQEeLJPlMmOvSKNPxyO+S41qCv4wAD+6sMLrhKIrabP7QljyJQWA/AgGqHOL7rNcNyZJoKbK9wJsYHPY7IIv2SsoZ/zus4yfCSCxfHx7CeQGvsJ0PrW/8mYmc/r1N8bIMTrpq7szJ67/Bsv5kM7M/CZzOjOa+RU9l5LMpS//K731OPdsZlaL02Ed3CRMtxo+m0
kc209OollL6rS/aaxO260xDcFsbWweMHc0j1s7moZGo+Hmgrm1+VZiMkJJ83io2ESbgoxa3s2T7G9M/i/4N98/498s+5R/Mzfl7HGyFqVbYazGTxdlUz/XePzc2PcnndlWnE02//kGHsKRVKhLkJ3WFSxglBNrdNoV3lvhvRWFv1EAf6ZX1IxA/4Tc2sRtRusNkk1IO7B4PuYikuL0J3uddkFWskGembSDe/KoLRUg1QRm42L6Dc9olvlaeb5Ma
w4f7r3rRGaMvFf9jSzvlgp60b5DxVvOy0SlF1K9mROZd97PPDdDmD56W3gmve25xyvRCwfW5H/AiqIXrpqvaMDwwtndTaSpzkVd/HVml7ETxgvvGXzEJVuvBvIFdhnvuPLCMQ4hFwozO3/vlAswF6pOF/O3CP1sgjduSD4mC6ZTznC+uQzi45TLPS+may6Lk2cO97+12CgrCJYHa4KWXy7I4R/kfrmg6ZHTTI+cy8WDDTXDHeeUbZyhxedbLriz
VggdIRN9cEBeo08bPjgfcVG7TQiiC84hG763sxeIetDp5sGf5QhWWE437isVypf/5Dd/p5Nev/mqsisOJ6/51oEDd31tcWY1/eNyWkBFSuk5Xcs+Okf8a/KVA4/9vNaKic7lq/Nzw2etAUDRMYa/k3NMF59xveRiLtnWJDf1gD5hqWGKpYYp42qYwtUwRTRf+XjngKlSnLZUCsPowppEAcdm90TFTyaSxmW7xpIOVVY0h2llD8dLzxbdaEIdNTY
nwwkntNNU2cFACDgQUGVxc+vZ8H9YyBxkw/Pmd+0+fLhnuKxT2BZ/7IbRu8WS7//Ya/jt2WmAQZQGOAziMY6fal4ojymuoIsVx+pjO2ICmeug5ZOocMxDPdIS/ir1JOu9k0m45bqK/9pEkASX1Dvobsdex0HHSXzJSeSen/xT2bQoTPGNmSI3LY5Q1pWzNYcJSnaO4BfqvSlvj3eb95hX8rrPxOBgJLJCKN/R9Xt8YFckI/4QFvxJd8TuVsYjHp
/uaNefbvfw7VzrFyb4S0TtI9xSMl4iM51vxltkNtkfCYfcJAI6TcTucfvR8rScSObriObvSpSWzyo6V7BCdAzPEo/PAVw8f+G9a9IP3NC2MPrEN7YOzt60ubp9647rNj/78L8kDvTccfHiqnlLW8u+csei9KrEzO7yeXP+6bLbvoO4txThLqVIgLw77nVLzMfX2VVfyMeKg7Rfp/puFd86JrJNsPFAG1uTISI/RCFp/LiOxkWl1/xdCCMSmVhsA
/faE5O40MwyhCYPTCnkorPYfNXgNLpEoTTdV+VjbicDFpn00qSaVLx2xbCvuBlVBZg3IaaHG/TxKuCzuMNoICUHrUf3gpHltUuSTWY02cu4iVVWWlYCR5SWsfKy8gq+VT2+y1FY/ty11x6mhZlX2roaluReecuXfijctev1hsxLu0bf7t9csHfyj24DqF039rbwR7GEeOlkjq1Ffo6tfX6qNSlNikqDap3ap+5VxX71oHpSFVSH+XbPR9bbPeOv
Br1tSDo1y4zdfsd6I+h5q+m7B8w3gN43XldRSdMp74depniD3iKvQLyWqunF8fnGFArQGHfk8Z/v8fJAcC83k70i35biBrKXC1bu9vMJSZdNc9lV2dTeP6kGnvW21abNIyPt5oaF3evSNJeAO30KduYRQKYWSD3o66oAEy1WLnP4euh5L114T/bhw5EnV6f/VSwZXflhbx179+N/u2P+hmcfYz8G6DoAur8TS4ls/FrefsbDe1wio3YJ3ySXRCb
g6zwH+Zs+oqrwnV8wM14d5sEUc85EG3rO7mS2PbtpoqcC0Bv/itV6vneB+xaKsJRJS8/EkEvG7++l2DYmydcRdh2P2KmkQ5QV0QoMa58RCPI3QBx08ZAVwYPxOxIRN1G7DJMw43c28UChTSNzvjDhxQOQRuMBPHzGnw7gsZVmyn9BwzT6jF+sHfWydxBWINnfBEx0GzG0h4hz7PWHMXDHhJrXaReTAqywXRacbpfT7nBakHM6PfoZyOlH+OwmAi
/w6b5ml0/1SKQWq7TSTYuATRaJlNRRyiooFVRPsYeRSme9E5UyRw2IL0V0LXV7HEtr7FQQ7foe5z4no90ygNFZ52xxdjv7nBJxuvHObrgzv4dnznj47FEeNIBBBu0eAGBH+5kvfzGjFSWSj8qy6FRVuy6AZWI8goGX3Eg0DUUJMLLcCH00ABwpGPmnvgfmzcy89hQ9j4afenT9jgcub059/4vsT6ePCFVkbMyIHZGTrJBUA/uUyS0BQrRHGSku8
nob4rOgBd9F4y3qjRbNRouCKX6/0QIqmNHiJWihkFvGZhFsQ4mqUNFow+1N6Ti0WcZH+bVmtMjx2jxn7qPxUZLGfSYb9wkFbTajBedSvEXKaHGaEHdCo+kAJQG/IDTE2+HGlF4tSeyUnCQCOYdzMwdlRGCqQOG4g8zHkA1ccQzifVjYDlX4M3n8VxxjPnbqDzf/i5zMPEybOHROSn7li3DHUuPJyNfpdKIn7EzIrmMkO4Q3nRXHeGO4/l3AW4nU
83u6GG3qA8QR+Y6MyF/Z4r9JpNBloqSJMhnnSGCRDvMXtTSBLesVOFc3XjRDJ9kfb6crTA8iJc9LklAvHSe6+XuL56Xg2fSt6nhYjLJV1Xe49vB3p465Xnadcik77Hvs++xD9mP2l+2n7Aqxr5dc6xUERNXIb3GPoYqWjB5vNwMdXHZpfS9zre/V7QmFg6YsZ7jU+JEG5HexfCXG/Q6oGtaX3zR/d15dQZurqyZ5U2xZWDr+86amFdc0NSU0/p9
/pNhLN5at+2WHu+qvxG78L5MH1xzMxvyFluvu+fjw6EntWuX3iC3j/ymI4n9DyswhxC58fDiT0K791P8QegWE9Hb+30PehbSB52+xu0g98NiCT/2HkXfJk2aaYZ4/aObPYw59EpCOQToP0qWQsiFdb15bAakV0iKr/Wd9xCEiiv1kl/hT0iyegryBjP+3E6mK7GJz8X1Is62T7JIeJH4pDPk6aH+l0VbcR+4Tfg3n3yNeaQaM8TDG+UH9FuIUbz
PKMIdnzbzlrPvPgn5bSb/wATkf8kaxnZzP/gplEeo7SD+rJ83s3zFiGfquJrvk75J+rBcbeft+7CPkkl3CF8j5wnSyFK5dJ/yZOKzxhffOlP/RD87pc6+14+7omQ/O76zr5tw+1Q/m9T87j/G+pfTq/2rf/24f8TukXPzZp+Hzj34Q7z7vmrUWgPOI78UTvn+wvvQcup2VwrcLvnvYHuEy4efiGqkRpPwj8iMKU6ttU2ybJn618+wtjnlOh/NW/
Lrmuh7Cr1vX53tmeT70Pux92He1//sBLfB41pXwPRW8BL4Pwfdd45vty34t5/7wtbn/OmnB5MvyivKORNbC9418Lf/x2PYpGwoqCx4rvLLIU/RE8QX4ner63G/eWd8Z5neB+V0+dd34d9t/+v3n/xbfwbO+b0x9Y9p504s4x3yFLAQJOA0SA3lRQm6ENV3jxl/LwasKWYX/WU60QRn/951RpqQQzowyA/v9brMskHlkn1kWoc2bZlkiWdRhlmVS
SPPJChBEG8gVJGIe10BaTy4nl8G4EdLHr66Fo3V9C+kil5KN0GIztN0Mtfgf6PDqZXB9C/+PdL3QZh05F2qroV0ErlzOR9sKLbpIlCwAzWQBWQT0kCRxmMFmqL0IruJ9unjLJrIcrnWRbqjt5fdphrFqydx/sO9ckB0zyEz+P/Pw+4/1ugDKm2GOG/jzR8z+/1hfwv/7H3wyH+P/H/z05xBZQf95sLkwb4jePdh8LmR3DSYx2zO4DLPdg21jkO0
abItDdudgcxZkdwzWnwPZ7YP1WPlPRvb1wWZsedtgcizvfBvtpgkyRvLoejNfMxjCy51G1jEoYXZhwiGO5f34ezTxPU+g9rtD1DFYmvetIRpIDOblXf7MzOhlkC6F1AvpEkgXQ9oAqQdSN6T1kLogrYO0FtJFkNZA6oTUAelCSO2QVkNqg7QKUiukFKQWSBdAWglpBaTlkJKQlkFqhrQU0hJITZAWQ2qEtAhSA6R6SHWQaiHVQKqGNEQrBi9XIZ
s9eBlm5YOXYjZrsBezssFLMCsdvBizmYMbMJsx2INZyWA3ZucOrsfsnMEuzKYPrsMsPrgWs2mDF2E2dXANZsWDnZgVDXZgVjh4IWYFg+2YTRlcjVlssA2z/MFVmEUHWzGLDKYwyxtswWzy4AWYTRpciVnu4ArMwoPLMcsZTGKWPbgMs9BgM2bBwaWYZQ0uwSww2ISZf3AxZr7BRsy8g4sw8ww2YKYP1mPmHqzDzDVYi5lzsAYzR+LJajW6oWVmX
grSBZCWJWfm1VbPzKuBtHTJzLwmSJHdM3YndjfvFmfsoO6b6c6v3PuVH37lx1/5+VeknT339vywR+jcsHED29lGd66iG1vozuZ7m3/Y/OPmnzdLO5fdu+yHy4SdyXuTP0wK869dei1rvqbzmo3XCBuX0I076YydnTs37hTIrRT+ErduvJWRW2fcmri1+dZOOJH1jYmNrHML7byCbqympLgYiMXrURMV7vnCz36WRd3fzvs2G6LViZtg6UOQ/JBc
kJyQHJDskDRINkgqJAWSDEmCJEISIDFIFBKB9HpIjf7Wr0ZfdKnRXznV6HGHGn3BrkZ/qanRf7Op0V+oavTnihr9maxGhyU1+ryoRp8T1OizTI3+lKrRY0SNnh+gN5MyehNZSW8FC+ZrkA/AOeY7IO+HvBXyFOSrB13v553voXVwvhDOa+GIdLqclNIknNdAf6yvHhSQUhcOMk7WF0DzlVC9DC4vhbx5UMHLSwdlfnkBVCeg+nxohnkiUUHG8mK
umnxHTVSriag1eXLNZLFmEqvJJTU5akjNUv2qV9VVl+pQNVVVZVVUmUrUxiFlLNmYVpvbUvspvbU17W0kjSsWpH0U8uULDsGNxr56S/x/4+eKBXTSgsZ0eHlqUNi1a9KC1sZ0KZYJmbRgfxaB8whUxNK7lq2C2hkzoEWc1mxYvoA2Nqf2q9Bg4Wojz9I3zttfUVGzIWL8Q7bO1ur9M8jGh0uBb2dvDG28gn+2bLnik5//nY/zOZ8t5DMqCfn/AP
mZRx4KZW5kc3RyZWFtCmVuZG9iagoyMiAwIG9iagpbMzAxIDAgMCA1MjQgMCAwIDAgMCAzNjcgMzY3IDM2NyAwIDM2NyAwIDM2NyAwIDUyNCA1MjQgNTI0IDUyNCA1MjQgNTI0IDAgNTI0IDUyNCA1MjQgMzY3IDAgMCAwIDAgMCAwIDU5MCA1NjYgNTk4IDYxMyA1MzYgMCAwIDY1NCAyNzggMCAwIDUwNiA3MDkgNjM4IDY3NCA1NTggMCA1O
DIgNDgxIDU4MSA2NDggNTg3IDAgNTU3IDU3MCAwIDM2NyAwIDM2NyAwIDAgMCA1MjUgNTU3IDQ5NSA1NTcgNTQ1IDM3MCA1MDIgNTQ2IDI4NSAzNjcgMCAyOTUgODMwIDU0NiA1MzcgNTU3IDU1NyAzODkgNDA1IDM5NiA1NDYgNDkwIDAgMCA0OTMgMCAwIDAgMCAwIDAgMCAwIDAgMCAwIDAgMCAwIDAgMCAwIDAgMCAwIDAgMCAwIDAgMCAw
IDAgMCAwIDAgMCAwIDAgMCAwIDAgMCAwIDAgMCAwIDAgMCAwIDAgMCAwIDAgMCAwIDAgMCAwIDAgMCAwIDAgMCAwIDAgMCAwIDAgMCAwIDAgMCAwIDAgMCAwIDAgMCAwIDAgMCAwIDAgMCAwIDAgMCAwIDAgMCAwIDAgMCAwIDY3NCAwIDAgMCAwIDAgMCAwIDAgMCAwIDAgMCAwIDUyNSAwIDAgMCAwIDAgMCAwIDU0NSAwIDAgMCAyODUgMCA
wIDAgNTQ2IDAgNTM3IDAgMCAwIDAgMCAwIDU0Nl0KZW5kb2JqCjEzIDAgb2JqCjw8L1N1YnR5cGUvVHJ1ZVR5cGUvRmlyc3RDaGFyIDMyL1R5cGUvRm9udC9CYXNlRm9udC9BVVNZTkgrVHJlYnVjaGV0IzIwTVMsQm9sZC9Gb250RGVzY3JpcHRvciAyNCAwIFIvRW5jb2RpbmcvV2luQW5zaUVuY29kaW5nL0xhc3RDaGFyIDExNi9XaWR0aH
MgMjUgMCBSPj4KZW5kb2JqCjI0IDAgb2JqCjw8L0NhcEhlaWdodCA3MzcvU3RlbVYgNDcvRm9udEZpbGUyIDI2IDAgUi9YSGVpZ2h0IDI1MC9Gb250QkJveFstNTgyIC0yMDUgMTM4NiA3MzddL0Rlc2NlbnQgLTIwNS9UeXBlL0ZvbnREZXNjcmlwdG9yL0ZsYWdzIDMyL0F2Z1dpZHRoIDQ3NC9NYXhXaWR0aCAxOTY4L0ZvbnROYW1lL0FVU
1lOSCtUcmVidWNoZXQjMjBNUyxCb2xkL0l0YWxpY0FuZ2xlIDAvQXNjZW50IDkzOS9Gb250V2VpZ2h0IDcwMD4+CmVuZG9iagoyNiAwIG9iago8PC9MZW5ndGgxIDg1MjAvRmlsdGVyL0ZsYXRlRGVjb2RlL0xlbmd0aCA1MDUxPj5zdHJlYW0KeJy9OQt0E9eV97356mN7JGRboIJGDDJOZLBBgA0lWLEtY+OAbdkOI4NiyR+wgwnmF1wCjbdJ
aqK0TXty8mm7J7AfDtlssx1B2hjaNG1DyGfX6SfNZ5PlJD35dbtxk91zst0lsbT3zcjEkDSnaXv2zbx5737efff33htpgABAAYwBB22tHZXLW+l9zyDm37Am+3amRsgrdBMAWYvw1r4b96lfSvfPRfg+AK5p28j2nX6/53sA/Gso5Mz24S9s+923jz8B4P5rAKlicCDV/9b1q14EmPsUjl81iIiC9+XrAeYhCIsGd+4bvWox/zLCi1BmcnhXX2r
Ju+F2AN+tSD+5MzU6wg0XugE+V4OwekNq58CiTVe1Iawj/zMju/buy2YBZS9YxOgjewZGaiOv9CPcgPpxeD9DfwgCyMK3hDCOCFotdwyeom6ZUofEUVZ4AHEcZpWNHaoK7NonvJXdirbcQp5UAY4yGl8pnGazocdQJD6ZB53AA+oFCl6cSa2AqyEFA3AD7MvlLsHsZJjc67MvU8YlRcAxOM9crB6+EjwAubexvsMq00hAr2ZXoy3oSuE5ABrC9i
mwXy7nzy2EJ4WkECbhbbyscgFxPGKs6yMeyPM8APfAd+E0xuVFeAt+NKvP8I/DL1ifNpNT9HZiI4thnFbBN8h5lPNbUoHXe+Ru0olyHiU7SQVG6jWS4L7EP0b6iAPhb5DryLu0in8JjsNx8go+j9FSxD9Mf063cz+A/6VD9G0Yo2MwDg/CXrIK9l405j3U473L/PwmFONzAnzQZz4vKej5YviJ5XvL+9YzuzXbbY4q/vBbuf/KvonwHdk7hNdR2
p9U5Jn5+sHPHzCj/bvsBJsZPfwcnIMfoueOonfPIwQIf9PsnYO70aIfwT/BXX/avH/5kj3+SVj6KnsSgz77/6MF+T7Wx8jdVI7Eb9u3d8/ukV037Bzecf3Q4PZtA73JnusSW7d0x/Wuzo5Ye1vrpmtaNjQ3rW+MNtTXXR2pXXfV2s+vWV1TvWpluHLpkorysuAibaHf63EpRQUOu02WRIHnKIGKqNaYVI2ypMGXaU1NSxispRCRmoVIGiqiGi/l
MdSkyaZeyhlBzm2XcUYszshFTqKoa2Htkgo1qqnGZIOmTpDudh37X23Q4qoxZfY3mn2+zAQKEAgEcIQa9Q42qAZJqlGj8cbBdDTZgPIyDnu9Vj9gX1IBGbsDuw7sGeXaSIaUryNmh5ZH12QoyAVsWoMLRlP9Rlu7Hm3wBQJxEwf1pixDrDckU5Y6xHSGO9RMxY/TX5lQoDcZcvZr/amtusGlcFCai6bT44YrZFyhNRhXHHzDiyYPGBVaQ9QIaSi
sJXZxAmIIQUVT0+8DKq9NvXMpJpXHiEHlfWBdg9YbJKYHWPE1omfT6UZNbUwn06mJ3FivpipaOuN0pkei6Fxo01HERO7MHT6j8StxQ0kOkjXxvKGNsRZjTvsW3aDBRnUwhRi8a7VAjS/gijM3SfVoMjosEGDG3TERgV4EjLF23YJV6PWdhEhlKG7QJKP8eIZS3MUoYzOUi8OTGobKmFOvUx8XZ1kQTebvGwe9xlivilS+zLyDeCNdNbiyZG/fIG
tTA2mtocEKSaduRBqwE0nl3RjNVFUifyqJXhxiHm7XjUptxPBodRYDIlQW3qEO3RySH2Z46g18G8iPMiqjDUwvNZpONlgKMllau34awrnXMitU36kwrIA408Moqcd4l0XTev82w5/09WPqb1N1X8CIxNHtcU0fiLME0BTjitd8ZsTi+VFo22XcM8zMcikoq6aLWCIgQm3Eh1a3FgkKZoIJsmSpW6vqxAczbDhLnoP1LpHDs9jWNzESx4bWN/kC8
YBVPkUlX14nIWjIs2QpiLiokzXPH1TN4mYKXaFGBxpmKXiJUCGvYF7aJ+tJmS/yE+MImYWzaYbEBXFTQBxFMSaKRdHL1oCqawNaXMMcirTpzDbmazO+LR1aS3u3bkbbygdQ080GYO5EcAHWuFfkc8fiq7GgP7TqWlo+ZdVh2qa15v601qGv9Zl5QOs79dmCfTMJQuvbPpGgMdHpdH8GuCDLf1+GmB2h/o640RqKa0ZvSAsw45ZUZGRwBjqT9bh3
MHW1xhTqiAqb6qYzkQhTdfDjWuHGdNh3kGnhhhbS0lmHoijUZTRypD0TIUc6uvXTCr7wHenUT1JC65N18cwipOmnVYCIiaUMy5AMUBnAJMUQkE1+3+kIwJhJ5U2ECfdNEDBx8gyOQN8EtXCKNVGZOVEEKFJ4ixKZ4eYRJ1u4MYu7PM8tI0VhlDOABxuYRKtkgMUgYhcicsQWcdICii5lqJOIOYO8NgKnnKSA+DIoM2aiJ8hYxhbxnTYlxfKcY8j
JcGMXcag5Y5slCOezDO/6yIKubv2UE1C++USOOlYwdb2DGH4836JqP0vaQ/HBdDLOthwowQTHmxhEWwcG1dahxqLTsGsDdYZDq2P4WoavtfAiw0u4XEgJweFfYllnEPbcogc0V9iXVqZYtKWgDj5iLVeOTaBO5HKdemDSNxUP4HLcirVbN2whPHqF4AbkW89qEtHrjbG+FNMKunQ2Vgo298Vxac8IRJZmw4YSbHkJyNFojmFLFgf1YealNLOLaN
x9xuJGMsQm1Yfi5pJXDGjS1hhimSVTKGMTVcbTbm25uX/hdmEPjrPGhrpBh25hfAjiZHHLZZITNe/TkNSXVK2M6cDtwDpv7D4LM4BLny8bMKvdlyeCdTY6CuyGbSkKxJv1HUvZtiUEpXjcUt6ExvMMOLdiOFCjslmuzA9A7yCpmemC9ziqylh/wsS0T0BMG8X9gyltSpKQbBQEm1N4QFrjHYjRamYGy2wfdeRlnLWwErPciX7HDWIid0L7QmBWw
Z2EHaAsG8GHP/ciEE9fjjC2hJZUyJdjC0x0Oi0XfPIAy19ywcWWIVX2opBOar1sawv2sTMGW4Y0cdqGDN0UMltitukNGp5ENMgqvotxuKICan+ccWlsb2Xb2x9kIrOY2HFvCk8rn5+BSB6yIpo2tl8KDl4EG1nF99XgUutdBO0xd/aAcb3PGI6HLrKwsKhpPADWsFNgjTl4PatJjNTFtYFrAFOPrZyxPlXvxYxHgXiMNKbZW3RfKu+7/EzGDaFL
ROLiIJhBKIiZY4y1qcm4msSjhrTjm6APlyS26jZ8ldZS7HRos+xp6zZfeVJplueA50jcZ0idOjIOaAE8VQy2KVneZzry+bUDvnRaSxvm4m1EZhRfhmuvmTV4j4S01AB7y9/GXvIHzLGNqK7pHSbNF9VwQQ8g2vQlOg53w1726Euz3xAJXNxC0JV2p9XVadyVE3ig8GV91ybx9GKHlGqGOuVDCJ3QzKA4CrIYbUHGaK0Dps3OUCYhBT/CmPeukMU
sm1JRs5hutM2wmIuKdXaHDFpag0RmPIl16zObFcfIzejeCGaVj41WDdqp58Njjm9mQ30zAbOGIcY8VvKLLBMkR9pmH1dbjZKW2BYfOnYJ+9kIY+Q6boy/DjiQoCxSIhzljvFHJSiFavY3i3SUIAhQOT09RSp7Etgsq5rjCriCAVdgjIPpMQpZQBEwDdjF4/LWbJoGSDEUwRrjtpAemaNzg9xv2F9FBUS6pcAF9lsUUN44S5QXps8pkz2JZVW+74
PCK/ZbdkAo7FXOVi2Lz1m8auWKxWUrV6wKLy8p9oj/2vVIcU//huj2A9n0zts3LZi/tGNt61D05l8wCwQAwSlMov52OG/OOdQkrBcpr9sJvVJcI24Qu8XrxYNiWvyW+KBoCworhajQJQwI+4XbhLuF44KNK3fqTio7vc5y56iTpzZOJHYBGiWukZdlkR8RpBFxvUBAkHcLtiZKBV6SeVmgUFtb63KvrpxSTPecx9a9+qpKr4Id1+rVSFqd2N2TS
LAfTLRDjxQCoRwviJJsszucDpe7dHV8WVVPgvQkfBG3jTYN22y8AEy2vHsY5XtrQ9YMIXRLgMOLhAnBdmpH1r4t+ypt2kM3Th/Et1RyRfZFYfJCmC+Yfh29cnXuHd7N18N8KINp0yvjkqfUQ2G/Rg4GyMEg2R8kB52EG3WSJoGU8zV8E8+RQXlUprRUIYrogAUbi8ulhaUL6cJN4yIRF29eRPQFRFcJUK9vQcxhK4rJilcpV2qUJkVXBpVR5Yhy
n/KAMqE8pbyk/EYpAsWtxmy2gkUxriDm9jk4h1tiPrP8g24735OYUp6fUiaVyUQigUmRmEpgZjzxhHIWMwN6EuibBDD/gNlJMEfNA86mxtBVnNuLMhfFhjmH4i6IDaNwdFgYfRY2feZejV4LiqK2EHNpUWB56QptobSYJZWr2FNq4rkyTS32hJevpK8s/IetD50jpYRUrH33qz2r/urk+29c679m2aprF0fU7Esnfr2jZv1DR8/8sujRyp+uezX
79JsvVK+a20Z+WPDTr/8a8h7X0eNzwEvmmR6fGBfvFU+IHAyLh0TaVUK4pgJCFovVIm0UCXQVEbqe38xTIs8rn0dlySuVSzVSk6RLg9KodES6T3pAclgoBghS8aZqNyl1V7vXuw+4x933ukU38WwimyQnGXfe6zzhfMT5pPNtp+icK4nkgDguUuhwETF2pbRG2iBxXKm0WdouHZB4yeb1lHvooGfUQz3byQFCgRC+NFbEx2yOIhYiK0A9icnEbu
V59PpUomf3Hhaf3VMYNXyeTexO9JjXR4FiwXERj6dIsvEYH0dRaWy4yIwJRgUDEsZwkEBJSXh5dakYWAiuFRBeDsWeYKBMW8jXT3PS397+j/HUrdkL72dfJ6tf+Xcy78Pf08J5v32B/PPY1+KP7SB+QqbJmuxvX1za8x+424wDiHH0uR+Omh6/Rg4Q2Cj5SbX/hJ/65Y2SRKqlExKVlI2Sq9S12LXetd31tkt0qbLX66Wyx4tLwltS5CnhYj5nr
MRvl+0uu08qkdwiS9R8rirnJ9leZSbo9K/QelbZ1hUp8Xo8JSC77G7Rx8WGcaQzNlySt7m2Noxmu5jZARfmnii5NNeKsnwnXIqZWLrK3ONcQs+jNYPFF3rjlbvmXvhOePD488OVD3SeepIefa4u9OEH9FxrovHKD7N85XV79q2snTw1fRVY9vPL0X439Jn2L5E9aP96N3HLG1+0EclWaltsq7Ztto3b3rb93iaDbQ4fK3TbbXa7WGiuRDQPjepJ
7J7+Vd6iAmchmHQMYaFlSG3YXEmBy3RHtbmaoQPVh7ULDy/d9uRj5+mO27+4bumHF/jK/tE3J6d3oYbLcu/Q/xQGoBi+bGpYqyyWq+X18gH5XvmE/IiMOyEB0cbZNo7C/wBlJ89iuBffgsvn1MyhUFQgsJ1DtMUgxrkdHAuKMjW1VmFbxjnMucpEAqG1CJ1PnGXqu6ydwCFQm0hJbJiK5p6wXDmLT3a2aCvDK6tdgeKAy8MSsdjcHR46dOgCKcu
+3NTdvWnz3xz7Drft6Ze3Zp95Ohva27PsrQXfOwHmFwRBe3GB99ijPUVr3weH9Z/yQ2MbHmbtc5sPf/sDffolR6n0EvI6L35xIOzrBvuS4Pi7D/TsSkfpx75F6Dz+JGMdrho3kiGs78HL9F1o/GP+iUXeW/+Uf3A/rQgudqp+Bv7/Zv+o/+UKZvTVF/vHoYv/5kfwJxXxNRjnT8MlX5i4HRbMVcAybMo/9Ur90dc7f95FjlsX7bnsepWrmnXdI8
bMLNFxMVDTHAoKVMKXsXNTwZm8iRJ0s69jvA37+5ipZp9AFUJWn0Ih/H2+z0ETnMz3eeS5kO8LUEKuzPdFqCIR6IRBGIK9oOafKazbYBf70oa9Aya1D58z9H3mN7cR5NiDvHsQOwxfMKk3IH0f4obxGoB+WIrYBuRTkbLLlLYfOQYggPHtgg6IwybUMoQa7EFsL1LZPAMm50akV0AdjhtGSTHEbkf6sDljG0pthDWfWcoa9EMV5sdSs636zOOvR
ewetGDI9I6al/RZpYD5RRNL9gP2rfXjJeLurHx317tUmWqbSk4dmzKmhMgE2Rpx2goaX3k553+Zhv2PXV1E2NZSS0qgFSuFO/FJSDHhwQd+4jkZW+q/+goyh8igIewmhSbeRZwmrBAHhsFPCpG/ElsnwhXYOhAOYyth68JWxHYetgK21djykdK2Jf5nHDn/896c/1dYn5uX8/8S6wSBk+Fc1wShkRyZ7so2T3d9GP6gazL8L11Phs91/YDL+c/Q
nP80eaRrAvuPYP/nhTn/z7A+QR7vOnvN412Pizn/9yDnfxhr64Ok8sHaB3/2ILelaZm/G2sH1hjWdqzNWNuwDjUs8+tYN2O9FusmrK1YN2JtxBrFWnSE3OwldyaOJqjiJa8CuXn/nfuP7v/u/sf2/2z/q/sldQ+5eQ/piRHl/sj9I/d//f5j9//4flG9q+qusbu4yAj5+hfJyOGxw8cOG4dfOyzsupkUHfIfUg/deYgvusl/0503cZEbSStt5Vr
5VoFPjo6MGpGuUa6owd9Q2XBnw9GG7zaIUF6OcXW75Eh1US337LMlRCuMLnRGA/aoKkf9YnQBH51Po5+D6DzZK5fIHtktK3Kh7JTtMv4iwR8IVAa5ZULKxVoMuW2LniHka3HD3QItnXWnMey5274a+sRSR+bXtRi+Dv0kd8898+viLcZy1geYX5cpgTxsVM2Ph0h0qKOOtLTpGRnx9VuttkQZWZepro4OqdYHkGS8IVMFI6eWY+LPHfGO7L2k7L
Oay5XYuw8+rpn34ygcz557vSH4P+rlyxgKZW5kc3RyZWFtCmVuZG9iagoyNSAwIG9iagpbMzAxIDAgMCAwIDAgMCAwIDAgMCAwIDAgMCAzNjcgMCAwIDAgMCAwIDAgMCAwIDAgMCAwIDAgMCAwIDAgMCAwIDAgMCAwIDYzMyAwIDAgMCAwIDAgMCAwIDAgMCAwIDAgMCAwIDAgMCAwIDAgMCAwIDAgMCAwIDAgMCAwIDAgMCAwIDAgMCAwIDUzM
yAwIDAgMCA1NzUgMCAwIDAgMCAwIDAgMCA4NTkgNTkwIDAgMCAwIDAgMCAzOTZdCmVuZG9iagoyNyAwIG9iago8PC9Db2xvclNwYWNlL0RldmljZUdyYXkvU3VidHlwZS9JbWFnZS9IZWlnaHQgMjkvRmlsdGVyL0ZsYXRlRGVjb2RlL1R5cGUvWE9iamVjdC9XaWR0aCAyOS9NYXR0ZVswIDAgMF0vQml0c1BlckNvbXBvbmVudCA4L0ludGVy
cG9sYXRlIGZhbHNlL0xlbmd0aCAxNzM+PnN0cmVhbQp4nIWTzRHCIBSEucjNmFIkRaiFBGsCZ6QiKECvSQfJIZyeZAxGIax75Jud97cwtogLqexgVXvcsUS18RQ13Q8/7NzTt7rTiipNqdQ+smfGiB4LvW2w4H3X22REc926L8Au9GwKjMgw7otw4k2REQkJYJvPv0o5AO0I4ACdsCbsFs4JNwR3C65S/7knTgLOEKtyr44s6FLObZJ4nyR+/iv
NVbvRaSn45+0FV0SBvgplbmRzdHJlYW0KZW5kb2JqCjE0IDAgb2JqCjw8L0NvbG9yU3BhY2UvRGV2aWNlUkdCL1N1YnR5cGUvSW1hZ2UvSGVpZ2h0IDI5L0ZpbHRlci9GbGF0ZURlY29kZS9UeXBlL1hPYmplY3QvV2lkdGggMjkvU01hc2sgMjcgMCBSL0JpdHNQZXJDb21wb25lbnQgOC9JbnRlcnBvbGF0ZSBmYWxzZS9MZW5ndGggMjc4Pj
5zdHJlYW0KeJxjYMAJ2NjY9DQ1I51d6nx85zq7rTc0AZJAdqSzs66GBisrK26t2IEAP3+jj+9mXcOtmrq40CY9o0YfP34+PiLNdDQzX2lpg8dAZLTCytbBzAy/gXy8vEA/EmkgMgLq4uXhwWXmYjtHMsyEIKBerCbXk+VONDdjhieFZkIQcjgD4534OCIYg/C00Uix95FRIzgogGkef/okFQHTM9BMfS0tKpoJQZC8SXVjgbmbvPSPH4HLEFeqG
wsskTYYmlDdWHBZRxPX0ihsaZQSaJRuaZTLaFQmUL0EA5pG0/KWdrUD7eoyiMnkuRlPzQsHTuZUbifAATGtGqAsSa0aOIDUHVEukDaY6wZwuQTJ75B8hEcvAPrcu/sKZW5kc3RyZWFtCmVuZG9iagoxNSAwIG9iago8PC9CUzw8L1cgMD4+L0E8PC9TL1VSSS9UeXBlL0FjdGlvbi9VUkkoaHR0cDovL3d3dy5iYW5jb2F6dGVjYS5jb20ubXgv
KT4+L1N1YnR5cGUvTGluay9GIDQvUmVjdFs0MjQuNTkgMjAuNDE0IDU3NS44IDMzLjExNF0+PgplbmRvYmoKMjggMCBvYmoKPDwvQ3JlYXRvcjxmZWZmMDA0ZDAwNjkwMDYzMDA3MjAwNmYwMDczMDA2ZjAwNjYwMDc0MDBhZTAwMjAwMDRmMDA2NjAwNjYwMDY5MDA2MzAwNjUwMDIwMDA1NzAwNmYwMDcyMDA2NDAwMjAwMDMyMDAzMDAwMzA
wMDM3Pi9Nb2REYXRlKEQ6MjAyNjA5MTgxMDU3MDQtMDYnMDAnKS9DcmVhdGlvbkRhdGUoRDoyMDI0MDYyODEyMzIwOC0wNicwMCcpL1Byb2R1Y2VyKGlMb3ZlUERGOyBtb2RpZmllZCB1c2luZyBPcGVuUERGIDEuMy4zMCkvQXV0aG9yKEFMRUpBTkRSQSBCRVJFTklDRSBSVUlaIFRMRUNVSVRMKS9UaXRsZShGVE9fQ2FuY2VsYWNpb24xX1
BTdWN1cnNhbF8zMFNlcCk+PgplbmRvYmoKeHJlZgowIDI5CjAwMDAwMDAwMDAgNjU1MzUgZiAKMDAwMDAxNzQ4OSAwMDAwMCBuIAowMDAwMDAwMDE1IDAwMDAwIG4gCjAwMDAwMDAzNjUgMDAwMDAgbiAKMDAwMDAxNzU3NyAwMDAwMCBuIAowMDAwMDE3NjUzIDAwMDAwIG4gCjAwMDAwMTgwMDIgMDAwMDAgbiAKMDAwMDAxODA1OSAwMDAwM
CBuIAowMDAwMDE4MTEwIDAwMDAwIG4gCjAwMDAwMTgzNzIgMDAwMDAgbiAKMDAwMDAyNzExMSAwMDAwMCBuIAowMDAwMDI3NTMwIDAwMDAwIG4gCjAwMDAwMzUyNDggMDAwMDAgbiAKMDAwMDA1NDU5NSAwMDAwMCBuIAowMDAwMDYwNzA5IDAwMDAwIG4gCjAwMDAwNjExNzIgMDAwMDAgbiAKMDAwMDAyNzI3NCAwMDAwMCBuIAowMDAwMDI3
NTA4IDAwMDAwIG4gCjAwMDAwMjc2OTMgMDAwMDAgbiAKMDAwMDAzNDc1NiAwMDAwMCBuIAowMDAwMDI3OTMzIDAwMDAwIG4gCjAwMDAwMzU0MTQgMDAwMDAgbiAKMDAwMDA1NDAwNSAwMDAwMCBuIAowMDAwMDM1NjU2IDAwMDAwIG4gCjAwMDAwNTQ3NjYgMDAwMDAgbiAKMDAwMDA2MDE0NiAwMDAwMCBuIAowMDAwMDU1MDEzIDAwMDAwIG4
gCjAwMDAwNjAzNTAgMDAwMDAgbiAKMDAwMDA2MTMxNCAwMDAwMCBuIAp0cmFpbGVyCjw8L0luZm8gMjggMCBSL0lEIFs8NzdlMGNmZjEzYTkwZGEyYzRlMjZmN2ViMWVlNzRhZTY+PGFkZjcyMGQ1YzRhMzExMzA0NDQ1YWYzNWM4ZmE5OTQ1Pl0vUm9vdCA2IDAgUi9TaXplIDI5Pj4Kc3RhcnR4cmVmCjYxNjU5CiUlRU9GCg=="}},"resul
tado":{"fechaRespuesta":"2026-09-18 11:57:13,017","ok":true,"status":200,"statusText":"OK","headers":{"connection":"keep-alive","content-type":"application/json; charset=utf-8","date":"Fri, 18 Sep 2026 16:57:13 GMT","server":"Microsoft-IIS/10.0","server-t
iming":"dtSInfo;desc=\"1\"","transfer-encoding":"chunked"},"data":{"folio":"180920261057127055","mensaje":"Operaci├│n Exitosa","respuesta":{"idEnvio":"311596418","mensaje":"El mensaje se esta procesando con id 311596418."}}}}
18-09-2026 11:19:38||BIG|info|{"peticionID":"mu7848aahsfj4ru1bpn","tiempoEjecucion":"247ms","peticion":{"fechaPeticion":"2026-09-18 12:19:37,716","method":"POST","url":"https://sac.redunica.com/seguridad-ru/Bx3Nw8RtY5/01/Jm5Qv8NcK6","headers":{"Content-Ty
pe":"application/json","Ra8Km2QwP5":"eyJhbGciOiJSUzI1NiIsInR5cCI6IkpXVCJ9.eyJpc3MiOiJaVFJtTlRKaVkyWXpaVEZtT1dSaE1XUmtPVFF6TUdRell6VTNZakkwTkdNPSIsImF1ZCI6IllUUXhZMkl5WW1VMU16RXlNMlptWWpOaE1qbGtZMkZqTnpsaFltSTNZelk9IiwianRpIjoiTXpabU56QmlORE13T1RWallqbGlZV
E01TkRCbFlUVTBaVGhtTURJMU56az0iLCJzdWIiOiJNbU0xTldZek5UVTJaVEJrT1dVek9EUTNNV1U1TkRBek56TTNNMkU0TXpBPSIsImlhdCI6MTc4OTc1MTk3NCwiZXhwIjoxNzg5NzU1NTc0fQ.rp3C-o9RjONa7Pk0IxdFNWiOHcOMUC3u26JKO401Du3I7hMgJUCJmpqtnk3x6URN5uLG_9XTyQs5TAyXDSu2RepXAZiZT85MoVmmB5VVG
Lp-12QCXaJelRNQUvGZTJeRx-AoaZErza8YBy_pWJ5w7vFcILKz6FTZiVklnPzERfYxWU1tSUvF6bP3vE04dUa7yMkqCx7dp-HORV64MIjFZxWwye3TH-X9jL85xVg4hLg4wUkux0bBszItQhHtOYg4_1sJv34ra-ZCuekrPTskid4zEcgYNGctN9dlJXyRtocI34DiDC70oMUmGS3sZanUrT0RCEnZUjwl84TnRFFVGw"},"body":{"Tx4Nv7
BdL1":"019f429c-d9f6-775d-b222-08bdf67c7049","Ld9Xp6QrM2":"mu7848aahsfj4ru1bpn"}},"resultado":{"fechaRespuesta":"2026-09-18 12:19:37,963","ok":true,"status":200,"statusText":"OK","headers":{},"data":{"Na7Xk3PmR8":"z8VHLh0AxALuiPdRDuNNohruqBkn","Ws6Pk9QmT4
":"https://internal-apigee-prod-alb01-1366664713.us-east-1.elb.amazonaws.com:8081","Qt4Lb9WsC2":1789751152515,"Vh8Jn5DyM1":3599,"Zm7Qx4LpK8":1789751977764,"Kb3Rw7NmQ5":1789754751515,"Py8Tk4VmN7":-264}}}
18-09-2026 11:19:39||BIG|info|{"peticionID":"mu7848aahsfj4ru1bpn","tiempoEjecucion":"950ms","peticion":{"fechaPeticion":"2026-09-18 12:19:38,032","method":"POST","url":"https://internal-apigee-prod-alb01-1366664713.us-east-1.elb.amazonaws.com:8081/captaci
on/productos/circulo-azteca/gestion-turnos/v1/turnos/busquedas","headers":{"Authorization":"Bearer z8VHLh0AxALuiPdRDuNNohruqBkn","Content-Type":"application/json"},"body":{"idSucursal":"10043","numeroEmpleado":"38136","numeroPagina":1,"registrosPagina":20
}},"resultado":{"fechaRespuesta":"2026-09-18 12:19:38,982","ok":true,"status":200,"statusText":"","headers":{"access-control-allow-headers":"*","access-control-allow-methods":"OPTIONS,POST,GET,PUT,PATCH,DELETE","access-control-allow-origin":"*","cf-cache-
status":"DYNAMIC","cf-ray":"a3d204482db19a65-IAD","content-encoding":"gzip","content-type":"application/json; charset=UTF-8","date":"Fri, 18 Sep 2026 17:19:38 GMT","server":"cloudflare","x-amz-apigw-id":"D57arGgPoAMEZ2Q=","x-amzn-requestid":"1f3ae94b-ff04
-4cee-9347-6e2e623e7f73","x-amzn-trace-id":"Root=1-6aad72aa-09671bd75dadb6d9779bb6d0"},"data":{"mensaje":"Operaci├│n exitosa","folio":"1809202611193863136838","resultado":[],"paginacion":{"totalPaginas":0,"totalRegistrosPorPagina":20,"totalRegistros":0,"p
agina":1,"ultimaPagina":true}}}}                                                                    
18-09-2026 11:19:39||BIG|info|{"peticionID":"mu7849bc9jcqwlw6f2e","tiempoEjecucion":"290ms","peticion":{"fechaPeticion":"2026-09-18 12:19:39,050","method":"POST","url":"https://internal-apigee-prod-alb01-1366664713.us-east-1.elb.amazonaws.com:8081/captaci
on/productos/circulo-azteca/gestion-turnos/v1/turnos/busquedas","headers":{"Authorization":"Bearer z8VHLh0AxALuiPdRDuNNohruqBkn","Content-Type":"application/json"},"body":{"idSucursal":"10043","numeroEmpleado":"","numeroPagina":1,"registrosPagina":20}},"r
esultado":{"fechaRespuesta":"2026-09-18 12:19:39,340","ok":true,"status":200,"statusText":"","headers":{"access-control-allow-headers":"*","access-control-allow-methods":"OPTIONS,POST,GET,PUT,PATCH,DELETE","access-control-allow-origin":"*","cf-cache-statu
s":"DYNAMIC","cf-ray":"a3d2044d99e9fbef-IAD","content-encoding":"gzip","content-type":"application/json; charset=UTF-8","date":"Fri, 18 Sep 2026 17:19:39 GMT","server":"cloudflare","x-amz-apigw-id":"D57a0HY6oAMEY9w=","x-amzn-requestid":"60d5a46f-3839-4471
-a5fe-a74586221261","x-amzn-trace-id":"Root=1-6aad72ab-651e27fd4f4ebed12f813c72"},"data":{"mensaje":"Operaci├│n exitosa","folio":"1809202611193993003664","resultado":[],"paginacion":{"totalPaginas":0,"totalRegistrosPorPagina":20,"totalRegistros":0,"pagina
":1,"ultimaPagina":true}}}}                                                                         
18-09-2026 11:20:58||BIG|info|{"peticionID":"mu785xt750k76czsy23","tiempoEjecucion":"263ms","peticion":{"fechaPeticion":"2026-09-18 12:20:57,452","method":"POST","url":"https://sac.redunica.com/seguridad-ru/Bx3Nw8RtY5/01/Jm5Qv8NcK6","headers":{"Content-Ty
pe":"application/json","Ra8Km2QwP5":"eyJhbGciOiJSUzI1NiIsInR5cCI6IkpXVCJ9.eyJpc3MiOiJaVFJtTlRKaVkyWXpaVEZtT1dSaE1XUmtPVFF6TUdRell6VTNZakkwTkdNPSIsImF1ZCI6IllUUXhZMkl5WW1VMU16RXlNMlptWWpOaE1qbGtZMkZqTnpsaFltSTNZelk9IiwianRpIjoiTXpabU56QmlORE13T1RWallqbGlZV
E01TkRCbFlUVTBaVGhtTURJMU56az0iLCJzdWIiOiJNbU0xTldZek5UVTJaVEJrT1dVek9EUTNNV1U1TkRBek56TTNNMkU0TXpBPSIsImlhdCI6MTc4OTc1MjA1NCwiZXhwIjoxNzg5NzU1NjU0fQ.d4z3s7jBiahVrJUJ1CZQDxKXKOwqxDgi7eP3ynIFqCGNAeu6Ip7bhGLA-BUSGKiL_RZAZBkBOyH5gSK3PoW4cjDczhV8U9C5JqgYIW9TI
fs6ESHLUR7MmI_CLdrWW7fVoVy_6njiEegoL2V7KS5JdHi8sWedg6IWgG1dhN5AHMHzJEuc0Mi3OKIbWlXo6LQsTJyK8n7q39qrKH5gnhCqM0RXLOVINd5jvTii6faE_pZ55zCVqC6VVuIw_EMcVXsnJtAynM5DAU7b96_STlHMxhY_FlNdwdeUjt5Bw_6v7OEMajgJBzrtJIjiQqdXa8efzRqzegvIiT38u0kbrWhTaQ"},"body":{"Tx4Nv7
BdL1":"019f429c-d9f6-775d-b222-08bdf67c7049","Ld9Xp6QrM2":"mu785xt750k76czsy23"}},"resultado":{"fechaRespuesta":"2026-09-18 12:20:57,715","ok":true,"status":200,"statusText":"OK","headers":{},"data":{"Na7Xk3PmR8":"G8KRPyvPn8xGiG8xTSmsfwI3HMmU","Ws6Pk9QmT4
":"https://internal-apigee-prod-alb01-1366664713.us-east-1.elb.amazonaws.com:8081","Qt4Lb9WsC2":1789751502475,"Vh8Jn5DyM1":3599,"Zm7Qx4LpK8":1789752057502,"Kb3Rw7NmQ5":1789755101475,"Py8Tk4VmN7":-837}}}
18-09-2026 11:20:58||BIG|info|{"peticionID":"mu785xt750k76czsy23","tiempoEjecucion":"321ms","peticion":{"fechaPeticion":"2026-09-18 12:20:58,344","method":"POST","url":"https://internal-apigee-prod-alb01-1366664713.us-east-1.elb.amazonaws.com:8081/captaci
on/productos/circulo-azteca/gestion-turnos/v1/turnos/busquedas","headers":{"Authorization":"Bearer G8KRPyvPn8xGiG8xTSmsfwI3HMmU","Content-Type":"application/json"},"body":{"idSucursal":"10043","numeroEmpleado":"38136","numeroPagina":1,"registrosPagina":20
}},"resultado":{"fechaRespuesta":"2026-09-18 12:20:58,665","ok":true,"status":200,"statusText":"","headers":{"access-control-allow-headers":"*","access-control-allow-methods":"OPTIONS,POST,GET,PUT,PATCH,DELETE","access-control-allow-origin":"*","cf-cache-
status":"DYNAMIC","cf-ray":"a3d2063e5d0ae5e7-IAD","content-encoding":"gzip","content-type":"application/json; charset=UTF-8","date":"Fri, 18 Sep 2026 17:20:58 GMT","server":"cloudflare","x-amz-apigw-id":"D57nPHJQIAMEXUg=","x-amzn-requestid":"43a6383e-ca2f
-4bfd-a847-c4ab147a9747","x-amzn-trace-id":"Root=1-6aad72fa-2f0325346d2ce25857754cdf"},"data":{"mensaje":"Operaci├│n exitosa","folio":"1809202611205802806314","resultado":[],"paginacion":{"totalPaginas":0,"totalRegistrosPorPagina":20,"totalRegistros":0,"p
agina":1,"ultimaPagina":true}}}}                                                                    
18-09-2026 11:20:58||BIG|info|{"peticionID":"mu785yr2lnbmonj00n","tiempoEjecucion":"161ms","peticion":{"fechaPeticion":"2026-09-18 12:20:58,672","method":"POST","url":"https://internal-apigee-prod-alb01-1366664713.us-east-1.elb.amazonaws.com:8081/captacio
n/productos/circulo-azteca/gestion-turnos/v1/turnos/busquedas","headers":{"Authorization":"Bearer G8KRPyvPn8xGiG8xTSmsfwI3HMmU","Content-Type":"application/json"},"body":{"idSucursal":"10043","numeroEmpleado":"","numeroPagina":1,"registrosPagina":20}},"re
sultado":{"fechaRespuesta":"2026-09-18 12:20:58,833","ok":true,"status":200,"statusText":"","headers":{"access-control-allow-headers":"*","access-control-allow-methods":"OPTIONS,POST,GET,PUT,PATCH,DELETE","access-control-allow-origin":"*","cf-cache-status
":"DYNAMIC","cf-ray":"a3d2063f3c1081ab-IAD","content-encoding":"gzip","content-type":"application/json; charset=UTF-8","date":"Fri, 18 Sep 2026 17:20:58 GMT","server":"cloudflare","x-amz-apigw-id":"D57nQHeoIAMEAgA=","x-amzn-requestid":"39b93f5f-092f-4dc8-
baa9-059b9f5ca8af","x-amzn-trace-id":"Root=1-6aad72fa-45ec43ff677dde9219f2418c"},"data":{"mensaje":"Operaci├│n exitosa","folio":"1809202611205897871258","resultado":[],"paginacion":{"totalPaginas":0,"totalRegistrosPorPagina":20,"totalRegistros":0,"pagina"
:1,"ultimaPagina":true}}}}                                                                          
18-09-2026 11:26:14||BIG|info|{"peticionID":"mu78cpabdz57ncm6vtf","tiempoEjecucion":"190ms","peticion":{"fechaPeticion":"2026-09-18 12:26:12,996","method":"POST","url":"https://sac.redunica.com/seguridad-ru/Bx3Nw8RtY5/01/Jm5Qv8NcK6","headers":{"Content-Ty
pe":"application/json","Ra8Km2QwP5":"eyJhbGciOiJSUzI1NiIsInR5cCI6IkpXVCJ9.eyJpc3MiOiJaVFJtTlRKaVkyWXpaVEZtT1dSaE1XUmtPVFF6TUdRell6VTNZakkwTkdNPSIsImF1ZCI6IllUUXhZMkl5WW1VMU16RXlNMlptWWpOaE1qbGtZMkZqTnpsaFltSTNZelk9IiwianRpIjoiTXpabU56QmlORE13T1RWallqbGlZV
E01TkRCbFlUVTBaVGhtTURJMU56az0iLCJzdWIiOiJNbU0xTldZek5UVTJaVEJrT1dVek9EUTNNV1U1TkRBek56TTNNMkU0TXpBPSIsImlhdCI6MTc4OTc1MjM3MCwiZXhwIjoxNzg5NzU1OTcwfQ.NgZZ3XHtKSMMfrd0tmNTsfCiXvrCZKkDefsTemh-XhcjYuZEDyC8lzHeeEDu8J3-Ny_6yEdfhJBvich3EcNQ1qF0qqvhXAS92m1b-P2V9
TJtYKdKBjRGEc33xf_ghC61ZGlGJOwDwDBcRth_lHKgJdUYRP-Jopxtd4ngM_1LC1PhP_nsL7eFmCicRhXWFZLR6maZzZ1T8N-YbAa8H21qJmVJKVzhUgFZFIwMmnLcvAcJ5-nFue2tt4fhueXmsIwjlJRjF_dGrkzVM7nnSJ9GwK0t0Sztl2UWZbBEiV7rxh1YBR__VOv1Vw-ZwPyuEsyI7JN4lwXyHtFjB0a72GVcrA"},"body":{"Tx4Nv7
BdL1":"019f429c-d9f6-775d-b222-08bdf67c7049","Ld9Xp6QrM2":"mu78cpabdz57ncm6vtf"}},"resultado":{"fechaRespuesta":"2026-09-18 12:26:13,185","ok":true,"status":200,"statusText":"OK","headers":{},"data":{"Na7Xk3PmR8":"YzBuD8NsGbVA9mvUBnVceIp4ZrqG","Ws6Pk9QmT4
":"https://internal-apigee-prod-alb01-1366664713.us-east-1.elb.amazonaws.com:8081","Qt4Lb9WsC2":1789751578769,"Vh8Jn5DyM1":3599,"Zm7Qx4LpK8":1789752373051,"Kb3Rw7NmQ5":1789755177769,"Py8Tk4VmN7":-882}}}
18-09-2026 11:26:14||BIG|info|{"peticionID":"mu78cpabdz57ncm6vtf","tiempoEjecucion":"361ms","peticion":{"fechaPeticion":"2026-09-18 12:26:13,937","method":"POST","url":"https://internal-apigee-prod-alb01-1366664713.us-east-1.elb.amazonaws.com:8081/captaci
on/productos/circulo-azteca/gestion-turnos/v1/turnos/busquedas","headers":{"Authorization":"Bearer YzBuD8NsGbVA9mvUBnVceIp4ZrqG","Content-Type":"application/json"},"body":{"idSucursal":"10043","numeroEmpleado":"38136","numeroPagina":1,"registrosPagina":20
}},"resultado":{"fechaRespuesta":"2026-09-18 12:26:14,298","ok":true,"status":200,"statusText":"","headers":{"access-control-allow-headers":"*","access-control-allow-methods":"OPTIONS,POST,GET,PUT,PATCH,DELETE","access-control-allow-origin":"*","cf-cache-
status":"DYNAMIC","cf-ray":"a3d20df2ebc1dda5-IAD","content-encoding":"gzip","content-type":"application/json; charset=UTF-8","date":"Fri, 18 Sep 2026 17:26:14 GMT","server":"cloudflare","x-amz-apigw-id":"D58YjF1LoAMEb6A=","x-amzn-requestid":"bd3e5edb-86b2
-4b8c-939a-241b4bb4cb18","x-amzn-trace-id":"Root=1-6aad7436-626361d76b53be8b43d6e933"},"data":{"mensaje":"Operaci├│n exitosa","folio":"1809202611261424088493","resultado":[],"paginacion":{"totalPaginas":0,"totalRegistrosPorPagina":20,"totalRegistros":0,"p
agina":1,"ultimaPagina":true}}}}                                                                    
18-09-2026 11:26:14||BIG|info|{"peticionID":"mu78cqar4070k1d47p7","tiempoEjecucion":"139ms","peticion":{"fechaPeticion":"2026-09-18 12:26:14,309","method":"POST","url":"https://internal-apigee-prod-alb01-1366664713.us-east-1.elb.amazonaws.com:8081/captaci
on/productos/circulo-azteca/gestion-turnos/v1/turnos/busquedas","headers":{"Authorization":"Bearer YzBuD8NsGbVA9mvUBnVceIp4ZrqG","Content-Type":"application/json"},"body":{"idSucursal":"10043","numeroEmpleado":"","numeroPagina":1,"registrosPagina":20}},"r
esultado":{"fechaRespuesta":"2026-09-18 12:26:14,448","ok":true,"status":200,"statusText":"","headers":{"access-control-allow-headers":"*","access-control-allow-methods":"OPTIONS,POST,GET,PUT,PATCH,DELETE","access-control-allow-origin":"*","cf-cache-statu
s":"DYNAMIC","cf-ray":"a3d20df3fd54390e-IAD","content-encoding":"gzip","content-type":"application/json; charset=UTF-8","date":"Fri, 18 Sep 2026 17:26:14 GMT","server":"cloudflare","x-amz-apigw-id":"D58YlFmyIAMEXEA=","x-amzn-requestid":"ffe9fde6-7246-4423
-bf79-0654e02e0ab8","x-amzn-trace-id":"Root=1-6aad7436-12b738f127197a2c1d9c0384"},"data":{"mensaje":"Operaci├│n exitosa","folio":"1809202611261446898909","resultado":[],"paginacion":{"totalPaginas":0,"totalRegistrosPorPagina":20,"totalRegistros":0,"pagina
":1,"ultimaPagina":true}}}}                                                                         
18-09-2026 11:50:41||BIG|info|{"peticionID":"mu7985u25tmbkkfm83n","tiempoEjecucion":"540ms","peticion":{"fechaPeticion":"2026-09-18 12:50:40,779","method":"POST","url":"https://sac.redunica.com/seguridad-ru/Bx3Nw8RtY5/01/Jm5Qv8NcK6","headers":{"Content-Ty
pe":"application/json","Ra8Km2QwP5":"eyJhbGciOiJSUzI1NiIsInR5cCI6IkpXVCJ9.eyJpc3MiOiJaVFJtTlRKaVkyWXpaVEZtT1dSaE1XUmtPVFF6TUdRell6VTNZakkwTkdNPSIsImF1ZCI6IllUUXhZMkl5WW1VMU16RXlNMlptWWpOaE1qbGtZMkZqTnpsaFltSTNZelk9IiwianRpIjoiTXpabU56QmlORE13T1RWallqbGlZV
E01TkRCbFlUVTBaVGhtTURJMU56az0iLCJzdWIiOiJNbU0xTldZek5UVTJaVEJrT1dVek9EUTNNV1U1TkRBek56TTNNMkU0TXpBPSIsImlhdCI6MTc4OTc1MzgzNSwiZXhwIjoxNzg5NzU3NDM1fQ.CTez1LekjY28ClcaY3Tt1Gq-Mv6MC-akqNjpDpE1rArGf1IS0WMlhQEOkTNM2NlUtHC3-DHTxkIY6acd0qdgjgM4EO0YjH1uzrn8D0ISs
UWzV2KfuBfirXscXdboVpPVtcpK3rk7h-L-w_oqkrjKAs3xN6MC4vAx_fVTtVuW3E_v0VGgBrfJCaTCVloZ4MDTSl-JbOqJdj6SxWEzJd5dC3jJNiJJ8kgTAedhAb_VrwajTwMAg-mGrsT1xjAc-b5jijnrtlul-sVLCS53DFQRRlJIAZU2QomKAv8TPFIbUk8xeFOo_VLUeDdy7gimJGMoI0gD0-ENVtZ28IJfPz0OFA"},"body":{"Tx4Nv7
BdL1":"019f429c-d9f6-775d-b222-08bdf67c7049","Ld9Xp6QrM2":"mu7985u25tmbkkfm83n"}},"resultado":{"fechaRespuesta":"2026-09-18 12:50:41,319","ok":true,"status":200,"statusText":"OK","headers":{},"data":{"Na7Xk3PmR8":"L45uQqhYHVprDujW7gxdjjccUQGM","Ws6Pk9QmT4
":"https://internal-apigee-prod-alb01-1366664713.us-east-1.elb.amazonaws.com:8081","Qt4Lb9WsC2":1789751247163,"Vh8Jn5DyM1":3599,"Zm7Qx4LpK8":1789753841307,"Kb3Rw7NmQ5":1789754846163,"Py8Tk4VmN7":-116}}}
18-09-2026 11:50:42||BIG|info|{"peticionID":"mu7985u25tmbkkfm83n","tiempoEjecucion":"644ms","peticion":{"fechaPeticion":"2026-09-18 12:50:41,428","method":"POST","url":"https://internal-apigee-prod-alb01-1366664713.us-east-1.elb.amazonaws.com:8081/captaci
on/productos/circulo-azteca/gestion-turnos/v1/turnos/busquedas","headers":{"Authorization":"Bearer L45uQqhYHVprDujW7gxdjjccUQGM","Content-Type":"application/json"},"body":{"idSucursal":"10043","numeroEmpleado":"38136","numeroPagina":1,"registrosPagina":20
}},"resultado":{"fechaRespuesta":"2026-09-18 12:50:42,072","ok":true,"status":200,"statusText":"","headers":{"access-control-allow-headers":"*","access-control-allow-methods":"OPTIONS,POST,GET,PUT,PATCH,DELETE","access-control-allow-origin":"*","cf-cache-
status":"DYNAMIC","cf-ray":"a3d231c639ff061d-IAD","content-encoding":"gzip","content-type":"application/json; charset=UTF-8","date":"Fri, 18 Sep 2026 17:50:41 GMT","server":"cloudflare","x-amz-apigw-id":"D5_91HeMIAMEZsg=","x-amzn-requestid":"345b1a54-c34b
-45d9-bdad-776ad568945c","x-amzn-trace-id":"Root=1-6aad79f1-6b2963b53b84188f26c10f88"},"data":{"mensaje":"Operaci├│n exitosa","folio":"1809202611504106098572","resultado":[],"paginacion":{"totalPaginas":0,"totalRegistrosPorPagina":20,"totalRegistros":0,"p
agina":1,"ultimaPagina":true}}}}                                                                    
18-09-2026 11:50:42||BIG|info|{"peticionID":"mu798793q934j7nrieg","tiempoEjecucion":"156ms","peticion":{"fechaPeticion":"2026-09-18 12:50:42,620","method":"POST","url":"https://internal-apigee-prod-alb01-1366664713.us-east-1.elb.amazonaws.com:8081/captaci
on/productos/circulo-azteca/gestion-turnos/v1/turnos/busquedas","headers":{"Authorization":"Bearer L45uQqhYHVprDujW7gxdjjccUQGM","Content-Type":"application/json"},"body":{"idSucursal":"10043","numeroEmpleado":"","numeroPagina":1,"registrosPagina":20}},"r
esultado":{"fechaRespuesta":"2026-09-18 12:50:42,776","ok":true,"status":200,"statusText":"","headers":{"access-control-allow-headers":"*","access-control-allow-methods":"OPTIONS,POST,GET,PUT,PATCH,DELETE","access-control-allow-origin":"*","cf-cache-statu
s":"DYNAMIC","cf-ray":"a3d231cccf7a70a5-IAD","content-encoding":"gzip","content-type":"application/json; charset=UTF-8","date":"Fri, 18 Sep 2026 17:50:42 GMT","server":"cloudflare","x-amz-apigw-id":"D5_-AHWpoAMEtYQ=","x-amzn-requestid":"c1c72923-4203-4916
-95b0-e658ecab8531","x-amzn-trace-id":"Root=1-6aad79f2-0a25beee2397db5c42d19bd2"},"data":{"mensaje":"Operaci├│n exitosa","folio":"1809202611504205960666","resultado":[],"paginacion":{"totalPaginas":0,"totalRegistrosPorPagina":20,"totalRegistros":0,"pagina
":1,"ultimaPagina":true}}}}                                                                         
18-09-2026 12:17:40||BIG|info|{"peticionID":"mu7a6vlnyy9ywkwrqcl","tiempoEjecucion":"62ms","peticion":{"fechaPeticion":"2026-09-18 13:17:40,475","method":"POST","url":"https://sac.redunica.com/seguridad-ru/Bx3Nw8RtY5/01/Jm5Qv8NcK6","headers":{"Content-Typ
e":"application/json","Ra8Km2QwP5":"eyJhbGciOiJSUzI1NiIsInR5cCI6IkpXVCJ9.eyJpc3MiOiJaVFJtTlRKaVkyWXpaVEZtT1dSaE1XUmtPVFF6TUdRell6VTNZakkwTkdNPSIsImF1ZCI6IllUUXhZMkl5WW1VMU16RXlNMlptWWpOaE1qbGtZMkZqTnpsaFltSTNZelk9IiwianRpIjoiTXpabU56QmlORE13T1RWallqbGlZVE
01TkRCbFlUVTBaVGhtTURJMU56az0iLCJzdWIiOiJNbU0xTldZek5UVTJaVEJrT1dVek9EUTNNV1U1TkRBek56TTNNMkU0TXpBPSIsImlhdCI6MTc4OTc1MzgzNSwiZXhwIjoxNzg5NzU3NDM1fQ.CTez1LekjY28ClcaY3Tt1Gq-Mv6MC-akqNjpDpE1rArGf1IS0WMlhQEOkTNM2NlUtHC3-DHTxkIY6acd0qdgjgM4EO0YjH1uzrn8D0ISsU
WzV2KfuBfirXscXdboVpPVtcpK3rk7h-L-w_oqkrjKAs3xN6MC4vAx_fVTtVuW3E_v0VGgBrfJCaTCVloZ4MDTSl-JbOqJdj6SxWEzJd5dC3jJNiJJ8kgTAedhAb_VrwajTwMAg-mGrsT1xjAc-b5jijnrtlul-sVLCS53DFQRRlJIAZU2QomKAv8TPFIbUk8xeFOo_VLUeDdy7gimJGMoI0gD0-ENVtZ28IJfPz0OFA"},"body":{"Tx4Nv7B
dL1":"019f429c-d9f3-72a9-aa44-b076bc04a026","Ld9Xp6QrM2":"mu7a6vlnyy9ywkwrqcl"}},"resultado":{"fechaRespuesta":"2026-09-18 13:17:40,537","ok":true,"status":200,"statusText":"OK","headers":{},"data":{"Na7Xk3PmR8":"ynTSSrWG4w1GlmZRQB7UQIrfVVPD","Ws6Pk9QmT4"
:"https://prod-api.bancoazteca.com:8080","Qt4Lb9WsC2":1789754078210,"Vh8Jn5DyM1":3599,"Zm7Qx4LpK8":1789755460537,"Kb3Rw7NmQ5":1789757677210,"Py8Tk4VmN7":-21}}}
18-09-2026 12:17:40||BIG|info|{"peticionID":"mu7a6vlnyy9ywkwrqcl","tiempoEjecucion":"107ms","peticion":{"fechaPeticion":"2026-09-18 13:17:40,559","method":"POST","url":"https://prod-api.bancoazteca.com:8080/identidad-digital/cliente-unico/clientes/gestion
-productos/v1/big/productos/busquedas","headers":{"Authorization":"Bearer ynTSSrWG4w1GlmZRQB7UQIrfVVPD","Content-Type":"application/json"},"body":{"clienteUnico":{"idPais":1,"idCanal":47,"idSucursal":1418,"folio":70}}},"resultado":{"fechaRespuesta":"2026-
09-18 13:17:40,666","ok":true,"status":200,"statusText":"OK","headers":{"access-control-allow-credentials":"true","access-control-allow-headers":"origin, content-type, accept, authorization","access-control-allow-methods":"GET, POST, PUT, DELETE, OPTIONS,
","access-control-allow-origin":"*","connection":"keep-alive","content-type":"application/json","date":"Fri, 18 Sep 2026 18:17:40 GMT","transfer-encoding":"chunked"},"data":{"mensaje":"Operaci├│n Exitosa","folio":"ndcapiroumessprod07-2234690-55554481
8-7-x48-26-9-18-12-17-40-615","resultado":{"productosCaptacion":[{"sucursalGestora":"2784","numeroCuenta":"1749244412","tipoProducto":"17","tipoSubProducto":"0002"},{"sucursalGestora":"4624","numeroCuenta":"1347062980","tipoProducto":"13","tipoSubProducto
":"0017"},{"sucursalGestora":"4624","numeroCuenta":"1372057944","tipoProducto":"13","tipoSubProducto":"0017"},{"sucursalGestora":"2784","numeroCuenta":"1341402610","tipoProducto":"13","tipoSubProducto":"0017"},{"sucursalGestora":"4624","numeroCuenta":"130
3998767","tipoProducto":"13","tipoSubProducto":"0017"},{"sucursalGestora":"4624","numeroCuenta":"1390655587","tipoProducto":"13","tipoSubProducto":"0017"}]}}}}
18-09-2026 13:00:45||BIG|info|{"peticionID":"mu7bq9nn7e02xkh6t7l","tiempoEjecucion":"250ms","peticion":{"fechaPeticion":"2026-09-18 14:00:44,773","method":"POST","url":"https://sac.redunica.com/seguridad-ru/Bx3Nw8RtY5/01/Jm5Qv8NcK6","headers":{"Content-Ty
pe":"application/json","Ra8Km2QwP5":"eyJhbGciOiJSUzI1NiIsInR5cCI6IkpXVCJ9.eyJpc3MiOiJaVFJtTlRKaVkyWXpaVEZtT1dSaE1XUmtPVFF6TUdRell6VTNZakkwTkdNPSIsImF1ZCI6IllUUXhZMkl5WW1VMU16RXlNMlptWWpOaE1qbGtZMkZqTnpsaFltSTNZelk9IiwianRpIjoiTXpabU56QmlORE13T1RWallqbGlZV
E01TkRCbFlUVTBaVGhtTURJMU56az0iLCJzdWIiOiJNbU0xTldZek5UVTJaVEJrT1dVek9EUTNNV1U1TkRBek56TTNNMkU0TXpBPSIsImlhdCI6MTc4OTc1ODA0MSwiZXhwIjoxNzg5NzYxNjQxfQ.kIy0vfrlVXuJhIw5_GcLMRHkfjmt4nIrsA6-bOgiAnDnwlYikJLG8ShtTACcHSba6K3Jnts_pa7bvf8ralpWZjq5vh9u75oZHqkmGCDzE
JZjK9pPEWLo3_VfQn4vuDmUUEM_FlfhHoEra-XttHFPc3pdotjhyA2mAJ3INdp_1uk9j2O4Ww9K-pTSDFlGLbhuNIFQsUGIlVBIpjOvWibAuHHym4tKO5MnN_Q9Gy49qC-sF5Btdlp7HVD0mTBVRE2D_7wMG8TK7PaBPbkVgNbO4P8M27XXvd1XMt2rOL25CSIbs6VMzllm1mlYXUMHgBbGwcgIPPjXCSPUwbYUYN3fzg"},"body":{"Tx4Nv7
BdL1":"019f429c-d9f6-775d-b222-08bdf67c7049","Ld9Xp6QrM2":"mu7bq9nn7e02xkh6t7l"}},"resultado":{"fechaRespuesta":"2026-09-18 14:00:45,023","ok":true,"status":200,"statusText":"OK","headers":{},"data":{"Na7Xk3PmR8":"yyBBotbMgCz8YwYA8ioA80eAqpvk","Ws6Pk9QmT4
":"https://internal-apigee-prod-alb01-1366664713.us-east-1.elb.amazonaws.com:8081","Qt4Lb9WsC2":1789757751779,"Vh8Jn5DyM1":3599,"Zm7Qx4LpK8":1789758044890,"Kb3Rw7NmQ5":1789761350779,"Py8Tk4VmN7":-153}}}
18-09-2026 13:00:46||BIG|info|{"peticionID":"mu7bq9nn7e02xkh6t7l","tiempoEjecucion":"1081ms","peticion":{"fechaPeticion":"2026-09-18 14:00:45,048","method":"POST","url":"https://internal-apigee-prod-alb01-1366664713.us-east-1.elb.amazonaws.com:8081/captac
ion/productos/circulo-azteca/gestion-turnos/v1/turnos/busquedas","headers":{"Authorization":"Bearer yyBBotbMgCz8YwYA8ioA80eAqpvk","Content-Type":"application/json"},"body":{"idSucursal":"10043","numeroEmpleado":"38136","numeroPagina":1,"registrosPagina":2
0}},"resultado":{"fechaRespuesta":"2026-09-18 14:00:46,129","ok":true,"status":200,"statusText":"","headers":{"access-control-allow-headers":"*","access-control-allow-methods":"OPTIONS,POST,GET,PUT,PATCH,DELETE","access-control-allow-origin":"*","cf-cache
-status":"DYNAMIC","cf-ray":"a3d29867689ae721-IAD","content-encoding":"gzip","content-type":"application/json; charset=UTF-8","date":"Fri, 18 Sep 2026 19:00:45 GMT","server":"cloudflare","x-amz-apigw-id":"D6KOqGj2oAMEexA=","x-amzn-requestid":"68c2dbd1-bf6
1-4fa7-b7a0-11c7130667fe","x-amzn-trace-id":"Root=1-6aad8a5d-0eaf80f0391727ed0027a793"},"data":{"mensaje":"Operaci├│n exitosa","folio":"1809202613004537400832","resultado":[],"paginacion":{"totalPaginas":0,"totalRegistrosPorPagina":20,"totalRegistros":0,"
pagina":1,"ultimaPagina":true}}}}                                                                   
18-09-2026 13:00:46||BIG|info|{"peticionID":"mu7bqaq8to6ixyzh2xs","tiempoEjecucion":"280ms","peticion":{"fechaPeticion":"2026-09-18 14:00:46,162","method":"POST","url":"https://internal-apigee-prod-alb01-1366664713.us-east-1.elb.amazonaws.com:8081/captaci
on/productos/circulo-azteca/gestion-turnos/v1/turnos/busquedas","headers":{"Authorization":"Bearer yyBBotbMgCz8YwYA8ioA80eAqpvk","Content-Type":"application/json"},"body":{"idSucursal":"10043","numeroEmpleado":"","numeroPagina":1,"registrosPagina":20}},"r
esultado":{"fechaRespuesta":"2026-09-18 14:00:46,442","ok":true,"status":200,"statusText":"","headers":{"access-control-allow-headers":"*","access-control-allow-methods":"OPTIONS,POST,GET,PUT,PATCH,DELETE","access-control-allow-origin":"*","cf-cache-statu
s":"DYNAMIC","cf-ray":"a3d2986d7bdd3ec9-IAD","content-encoding":"gzip","content-type":"application/json; charset=UTF-8","date":"Fri, 18 Sep 2026 19:00:46 GMT","server":"cloudflare","x-amz-apigw-id":"D6KO0FrToAMEAQg=","x-amzn-requestid":"8b92cb0f-9278-48b8
-a034-8618a1cfa618","x-amzn-trace-id":"Root=1-6aad8a5e-434ccb0c7acb7fe20a0b517f"},"data":{"mensaje":"Operaci├│n exitosa","folio":"1809202613004616637150","resultado":[],"paginacion":{"totalPaginas":0,"totalRegistrosPorPagina":20,"totalRegistros":0,"pagina
":1,"ultimaPagina":true}}}}                                                                         
18-09-2026 13:03:05||BIG|info|{"peticionID":"mu7btada4oecbo1sesv","tiempoEjecucion":"66ms","peticion":{"fechaPeticion":"2026-09-18 14:03:05,663","method":"POST","url":"https://sac.redunica.com/seguridad-ru/Bx3Nw8RtY5/01/Jm5Qv8NcK6","headers":{"Content-Typ
e":"application/json","Ra8Km2QwP5":"eyJhbGciOiJSUzI1NiIsInR5cCI6IkpXVCJ9.eyJpc3MiOiJaVFJtTlRKaVkyWXpaVEZtT1dSaE1XUmtPVFF6TUdRell6VTNZakkwTkdNPSIsImF1ZCI6IllUUXhZMkl5WW1VMU16RXlNMlptWWpOaE1qbGtZMkZqTnpsaFltSTNZelk9IiwianRpIjoiTXpabU56QmlORE13T1RWallqbGlZVE
01TkRCbFlUVTBaVGhtTURJMU56az0iLCJzdWIiOiJaR1JsTnpVNFlUSm1ZV001TVdZelpUWmxNR1UwTnpGallXUTROR1ZpTW1ZPSIsImlhdCI6MTc4OTc1ODE3OSwiZXhwIjoxNzg5NzYxNzc5fQ.K-KzsagXHJulnkgtQ5ZaumV5ESxSWM_0f-8M-nD_4IOULT3qOkKj0SB7r5p3YJxLft8ywNgpMY8J6SIeDnOGRWJ8gCg1psL6sREm79v0hf
ExkNfjaH7b3fH1mYOiD2dVmZQgVxp1Us3BM9m3fRq4WMeKIXasuimCf5gVhnO7AB-y574OsfIQiJ5UyqxgPJPSJriEDo_4g2In9EFwVbNdOKIyTMwVGVitLhzQqCagkRGp3Qy8y-PyckaMuaO7hQdVqVRXxTE36MdgJozJhWCQbJDGKHfoEAAorYRc93tF2DlFX4xZvGn0m_329Udp5eRvkQemexRgg5r99A0g5e36yA"},"body":{"Tx4Nv7B
dL1":"019f429c-d9f6-775d-b222-08bdf67c7049","Ld9Xp6QrM2":"mu7btada4oecbo1sesv"}},"resultado":{"fechaRespuesta":"2026-09-18 14:03:05,729","ok":true,"status":200,"statusText":"OK","headers":{},"data":{"Na7Xk3PmR8":"hG0HitIjvPv0obhAWPuXj0ZuPVjC","Ws6Pk9QmT4"
:"https://internal-apigee-prod-alb01-1366664713.us-east-1.elb.amazonaws.com:8081","Qt4Lb9WsC2":1789758178906,"Vh8Jn5DyM1":3599,"Zm7Qx4LpK8":1789758185720,"Kb3Rw7NmQ5":1789761777906,"Py8Tk4VmN7":-63}}}
18-09-2026 13:03:06||BIG|info|{"peticionID":"mu7btada4oecbo1sesv","tiempoEjecucion":"336ms","peticion":{"fechaPeticion":"2026-09-18 14:03:05,790","method":"POST","url":"https://internal-apigee-prod-alb01-1366664713.us-east-1.elb.amazonaws.com:8081/captaci
on/productos/circulo-azteca/gestion-turnos/v1/turnos/busquedas","headers":{"Authorization":"Bearer hG0HitIjvPv0obhAWPuXj0ZuPVjC","Content-Type":"application/json"},"body":{"idSucursal":"10043","numeroEmpleado":"978348","numeroPagina":1,"registrosPagina":2
0}},"resultado":{"fechaRespuesta":"2026-09-18 14:03:06,126","ok":true,"status":200,"statusText":"","headers":{"access-control-allow-headers":"*","access-control-allow-methods":"OPTIONS,POST,GET,PUT,PATCH,DELETE","access-control-allow-origin":"*","cf-cache
-status":"DYNAMIC","cf-ray":"a3d29bd69c7bef60-IAD","content-encoding":"gzip","content-type":"application/json; charset=UTF-8","date":"Fri, 18 Sep 2026 19:03:06 GMT","server":"cloudflare","x-amz-apigw-id":"D6KkpFVYIAMEihA=","x-amzn-requestid":"90f2e77b-c56
6-48b9-aac7-8368b42af288","x-amzn-trace-id":"Root=1-6aad8aea-0ab5d3d44a9fef0426089a9e"},"data":{"mensaje":"Operaci├│n exitosa","folio":"1809202613030620457618","resultado":[],"paginacion":{"totalPaginas":0,"totalRegistrosPorPagina":20,"totalRegistros":0,"
pagina":1,"ultimaPagina":true}}}}                                                                   
18-09-2026 13:03:06||BIG|info|{"peticionID":"mu7btaqy98mc8vw1hmk","tiempoEjecucion":"173ms","peticion":{"fechaPeticion":"2026-09-18 14:03:06,156","method":"POST","url":"https://internal-apigee-prod-alb01-1366664713.us-east-1.elb.amazonaws.com:8081/captaci
on/productos/circulo-azteca/gestion-turnos/v1/turnos/busquedas","headers":{"Authorization":"Bearer hG0HitIjvPv0obhAWPuXj0ZuPVjC","Content-Type":"application/json"},"body":{"idSucursal":"10043","numeroEmpleado":"","numeroPagina":1,"registrosPagina":20}},"r
esultado":{"fechaRespuesta":"2026-09-18 14:03:06,329","ok":true,"status":200,"statusText":"","headers":{"access-control-allow-headers":"*","access-control-allow-methods":"OPTIONS,POST,GET,PUT,PATCH,DELETE","access-control-allow-origin":"*","cf-cache-statu
s":"DYNAMIC","cf-ray":"a3d29bd80dfb7d04-IAD","content-encoding":"gzip","content-type":"application/json; charset=UTF-8","date":"Fri, 18 Sep 2026 19:03:06 GMT","server":"cloudflare","x-amz-apigw-id":"D6KkrHnTIAMECwg=","x-amzn-requestid":"c15e2712-bc47-4d3a
-863f-363734d44c32","x-amzn-trace-id":"Root=1-6aad8aea-408725813aa9b9e927f3c449"},"data":{"mensaje":"Operaci├│n exitosa","folio":"1809202613030630593191","resultado":[],"paginacion":{"totalPaginas":0,"totalRegistrosPorPagina":20,"totalRegistros":0,"pagina
":1,"ultimaPagina":true}}}}                                                                         
18-09-2026 13:09:16||BIG|info|{"peticionID":"mu7c17zh1e1ph5qfrn1","tiempoEjecucion":"278ms","peticion":{"fechaPeticion":"2026-09-18 14:09:15,823","method":"POST","url":"https://sac.redunica.com/seguridad-ru/Bx3Nw8RtY5/01/Jm5Qv8NcK6","headers":{"Content-Ty
pe":"application/json","Ra8Km2QwP5":"eyJhbGciOiJSUzI1NiIsInR5cCI6IkpXVCJ9.eyJpc3MiOiJaVFJtTlRKaVkyWXpaVEZtT1dSaE1XUmtPVFF6TUdRell6VTNZakkwTkdNPSIsImF1ZCI6IllUUXhZMkl5WW1VMU16RXlNMlptWWpOaE1qbGtZMkZqTnpsaFltSTNZelk9IiwianRpIjoiTXpabU56QmlORE13T1RWallqbGlZV
E01TkRCbFlUVTBaVGhtTURJMU56az0iLCJzdWIiOiJaR1JsTnpVNFlUSm1ZV001TVdZelpUWmxNR1UwTnpGallXUTROR1ZpTW1ZPSIsImlhdCI6MTc4OTc1ODU1MiwiZXhwIjoxNzg5NzYyMTUyfQ.Vb_kJumQ_ScB9HeYUczpyfgQrifB16AU3tbsGYguDpHTQ7uUkhevhKAumUe8vqUKZJwMWrCHu7nhBFTq9hraDaSfkTWqZGq4mOH6V3Fxp
9Kz5XaswCrTfxggIFVxI5jvyTUmJCya7s0AkxiWS1OI3qhq6FcLY1z4GZUy85eFHXIEQyOC6Z9Gr9_58ragbZwfldi39uSxk3xePD0djGLg6aqZv7e0BmdXraufT7zqSGZjhd05Cg7NVxwWuEZMVWTaQErC8Qj_j5SwxdrLuKUrL7E_WaEkD_KNl-guxa7l4S3Yy2DeBnAv5ZrixDG5mJ6Lyu2pD82fdR9m4KiUaOlJBg"},"body":{"Tx4Nv7
BdL1":"019f429c-d9f6-775d-b222-08bdf67c7049","Ld9Xp6QrM2":"mu7c17zh1e1ph5qfrn1"}},"resultado":{"fechaRespuesta":"2026-09-18 14:09:16,101","ok":true,"status":200,"statusText":"OK","headers":{},"data":{"Na7Xk3PmR8":"8vP8QE5dkGfuMwQE2j5zAc5NFQQs","Ws6Pk9QmT4
":"https://internal-apigee-prod-alb01-1366664713.us-east-1.elb.amazonaws.com:8081","Qt4Lb9WsC2":1789758029670,"Vh8Jn5DyM1":3599,"Zm7Qx4LpK8":1789758555865,"Kb3Rw7NmQ5":1789761628670,"Py8Tk4VmN7":-261}}}
18-09-2026 13:09:17||BIG|info|{"peticionID":"mu7c17zh1e1ph5qfrn1","tiempoEjecucion":"1311ms","peticion":{"fechaPeticion":"2026-09-18 14:09:16,132","method":"POST","url":"https://internal-apigee-prod-alb01-1366664713.us-east-1.elb.amazonaws.com:8081/captac
ion/productos/circulo-azteca/gestion-turnos/v1/turnos/busquedas","headers":{"Authorization":"Bearer 8vP8QE5dkGfuMwQE2j5zAc5NFQQs","Content-Type":"application/json"},"body":{"idSucursal":"10043","numeroEmpleado":"978348","numeroPagina":1,"registrosPagina":
20}},"resultado":{"fechaRespuesta":"2026-09-18 14:09:17,443","ok":true,"status":200,"statusText":"","headers":{"access-control-allow-headers":"*","access-control-allow-methods":"OPTIONS,POST,GET,PUT,PATCH,DELETE","access-control-allow-origin":"*","cf-cach
e-status":"DYNAMIC","cf-ray":"a3d2a4e1698ce5e7-IAD","content-encoding":"gzip","content-type":"application/json; charset=UTF-8","date":"Fri, 18 Sep 2026 19:09:16 GMT","server":"cloudflare","x-amz-apigw-id":"D6LehGwEoAMEfCA=","x-amzn-requestid":"6ef605ad-06
3a-4ccf-b9fc-a0bce923ddb8","x-amzn-trace-id":"Root=1-6aad8c5c-0018c01b5f7d463e48cb3a29"},"data":{"mensaje":"Operaci├│n exitosa","folio":"1809202613091658850231","resultado":[],"paginacion":{"totalPaginas":0,"totalRegistrosPorPagina":20,"totalRegistros":0,
"pagina":1,"ultimaPagina":true}}}}                                                                  
18-09-2026 13:09:17||BIG|info|{"peticionID":"mu7c19a9o54ddbb00mk","tiempoEjecucion":"150ms","peticion":{"fechaPeticion":"2026-09-18 14:09:17,508","method":"POST","url":"https://internal-apigee-prod-alb01-1366664713.us-east-1.elb.amazonaws.com:8081/captaci
on/productos/circulo-azteca/gestion-turnos/v1/turnos/busquedas","headers":{"Authorization":"Bearer 8vP8QE5dkGfuMwQE2j5zAc5NFQQs","Content-Type":"application/json"},"body":{"idSucursal":"10043","numeroEmpleado":"","numeroPagina":1,"registrosPagina":20}},"r
esultado":{"fechaRespuesta":"2026-09-18 14:09:17,658","ok":true,"status":200,"statusText":"","headers":{"access-control-allow-headers":"*","access-control-allow-methods":"OPTIONS,POST,GET,PUT,PATCH,DELETE","access-control-allow-origin":"*","cf-cache-statu
s":"DYNAMIC","cf-ray":"a3d2a4e8eb323450-IAD","content-encoding":"gzip","content-type":"application/json; charset=UTF-8","date":"Fri, 18 Sep 2026 19:09:17 GMT","server":"cloudflare","x-amz-apigw-id":"D6LesFArIAMEqjg=","x-amzn-requestid":"c9a8973f-4a59-48d8
-a410-bf00625f1504","x-amzn-trace-id":"Root=1-6aad8c5d-7c11a57c0ecff9fe3d5fade4"},"data":{"mensaje":"Operaci├│n exitosa","folio":"1809202613091756159198","resultado":[],"paginacion":{"totalPaginas":0,"totalRegistrosPorPagina":20,"totalRegistros":0,"pagina
":1,"ultimaPagina":true}}}}                                                                         
18-09-2026 13:15:03||BIG|info|{"peticionID":"mu7c8n37o5yokaaidtm","tiempoEjecucion":"1286ms","peticion":{"fechaPeticion":"2026-09-18 14:15:01,987","method":"POST","url":"https://parcial.redunica.com/seguridad-ru/Bx3Nw8RtY5/01/Jm5Qv8NcK6","headers":{"Conte
nt-Type":"application/json","Ra8Km2QwP5":"eyJhbGciOiJSUzI1NiIsInR5cCI6IkpXVCJ9.eyJpc3MiOiJaVFJtTlRKaVkyWXpaVEZtT1dSaE1XUmtPVFF6TUdRell6VTNZakkwTkdNPSIsImF1ZCI6IlpXTXpNMlF4TkRZM04yRmhNbUZtWVRneU9XUmpOamt5TkdObVlUQmtPRGM9IiwianRpIjoiTmpFeFpqUTBZemxoTXpoaFpX
UTROekZpTjJFM1lXRmlaV1JrWm1aaE5ERT0iLCJzdWIiOiJaR1JsTnpVNFlUSm1ZV001TVdZelpUWmxNR1UwTnpGallXUTROR1ZpTW1ZPSIsImlhdCI6MTc4OTc1ODkwMSwiZXhwIjoxNzg5NzYyNTAxfQ.Pj07Ss9GXq04zaKnuaCS2_jaams1d5sQydDuAb43t0ujw1TzVEKHTbbkP-6zl_vwlTJ6v6zTjpfLSPnUXEDH_xsUoniTzLpBQXwF
tZNz65fXfAEuM6hEQncYJDcZcxwCrKRPGzQggSdeGLQYz3hICQ-GRj7557bFCX0mhT34d9le5u9ixzNT1nXOOxeY0DQNsR_kgGq3GJSnYNXAkv8YDKbIEUXHvOipPP9WNGhSWf0BY9KyuQKWHde897zSr7xu7aw5IQteHR6-wfX8cJXhXEbUxtUibAei9oVbLEwuUKQ1zuZrbXPpsqDGaI6uwwobqzSapRiEjhONqquQmx43JQ"},"body":{"T
x4Nv7BdL1":"019f429c-d9f6-775d-b222-08bdf67c7049","Ld9Xp6QrM2":"mu7c8n37o5yokaaidtm"}},"resultado":{"fechaRespuesta":"2026-09-18 14:15:03,273","ok":true,"status":200,"statusText":"OK","headers":{},"data":{"Na7Xk3PmR8":"g3fN5k9OKv1VATfAla0DjipsKPNo","Ws6Pk
9QmT4":"https://internal-apigee-prod-alb01-1366664713.us-east-1.elb.amazonaws.com:8081","Qt4Lb9WsC2":1789758903104,"Vh8Jn5DyM1":3599,"Zm7Qx4LpK8":1789758903104,"Kb3Rw7NmQ5":1789762502104,"Py8Tk4VmN7":-427}}}
18-09-2026 13:15:03||BIG|info|{"peticionID":"mu7c8n37o5yokaaidtm","tiempoEjecucion":"310ms","peticion":{"fechaPeticion":"2026-09-18 14:15:03,535","method":"POST","url":"https://internal-apigee-prod-alb01-1366664713.us-east-1.elb.amazonaws.com:8081/captaci
on/productos/circulo-azteca/gestion-turnos/v1/turnos/busquedas","headers":{"Authorization":"Bearer g3fN5k9OKv1VATfAla0DjipsKPNo","Content-Type":"application/json"},"body":{"idSucursal":"10043","numeroEmpleado":"978348","numeroPagina":1,"registrosPagina":2
0}},"resultado":{"fechaRespuesta":"2026-09-18 14:15:03,845","ok":true,"status":200,"statusText":"","headers":{"access-control-allow-headers":"*","access-control-allow-methods":"OPTIONS,POST,GET,PUT,PATCH,DELETE","access-control-allow-origin":"*","cf-cache
-status":"DYNAMIC","cf-ray":"a3d2ad5ca8a285c0-IAD","content-encoding":"gzip","content-type":"application/json; charset=UTF-8","date":"Fri, 18 Sep 2026 19:15:03 GMT","server":"cloudflare","x-amz-apigw-id":"D6MUzH80IAMEAXA=","x-amzn-requestid":"d2996e31-81b
c-4888-9b87-65c94aec5efc","x-amzn-trace-id":"Root=1-6aad8db7-633f7b4768c53db51c215428"},"data":{"mensaje":"Operaci├│n exitosa","folio":"1809202613150392932306","resultado":[],"paginacion":{"totalPaginas":0,"totalRegistrosPorPagina":20,"totalRegistros":0,"
pagina":1,"ultimaPagina":true}}}}                                                                   
18-09-2026 13:15:04||BIG|info|{"peticionID":"mu7c8oiwivcrgzz5j7k","tiempoEjecucion":"126ms","peticion":{"fechaPeticion":"2026-09-18 14:15:03,851","method":"POST","url":"https://internal-apigee-prod-alb01-1366664713.us-east-1.elb.amazonaws.com:8081/captaci
on/productos/circulo-azteca/gestion-turnos/v1/turnos/busquedas","headers":{"Authorization":"Bearer g3fN5k9OKv1VATfAla0DjipsKPNo","Content-Type":"application/json"},"body":{"idSucursal":"10043","numeroEmpleado":"","numeroPagina":1,"registrosPagina":20}},"r
esultado":{"fechaRespuesta":"2026-09-18 14:15:03,977","ok":true,"status":200,"statusText":"","headers":{"access-control-allow-headers":"*","access-control-allow-methods":"OPTIONS,POST,GET,PUT,PATCH,DELETE","access-control-allow-origin":"*","cf-cache-statu
s":"DYNAMIC","cf-ray":"a3d2ad5d9ce81877-IAD","content-encoding":"gzip","content-type":"application/json; charset=UTF-8","date":"Fri, 18 Sep 2026 19:15:03 GMT","server":"cloudflare","x-amz-apigw-id":"D6MU0G6NIAMETog=","x-amzn-requestid":"2eb4e300-bb35-46bf
-8a28-8cbc23934ae0","x-amzn-trace-id":"Root=1-6aad8db7-3ea4a2966308b2c024f58bf7"},"data":{"mensaje":"Operaci├│n exitosa","folio":"1809202613150307614064","resultado":[],"paginacion":{"totalPaginas":0,"totalRegistrosPorPagina":20,"totalRegistros":0,"pagina
":1,"ultimaPagina":true}}}}                                                                         
18-09-2026 13:16:44||BIG|info|{"peticionID":"mu7cashurfzoxw80v1b","tiempoEjecucion":"943ms","peticion":{"fechaPeticion":"2026-09-18 14:16:42,307","method":"POST","url":"https://parcial.redunica.com/seguridad-ru/Bx3Nw8RtY5/01/Jm5Qv8NcK6","headers":{"Conten
t-Type":"application/json","Ra8Km2QwP5":"eyJhbGciOiJSUzI1NiIsInR5cCI6IkpXVCJ9.eyJpc3MiOiJaVFJtTlRKaVkyWXpaVEZtT1dSaE1XUmtPVFF6TUdRell6VTNZakkwTkdNPSIsImF1ZCI6IlpXTXpNMlF4TkRZM04yRmhNbUZtWVRneU9XUmpOamt5TkdObVlUQmtPRGM9IiwianRpIjoiTmpFeFpqUTBZemxoTXpoaFpXU
TROekZpTjJFM1lXRmlaV1JrWm1aaE5ERT0iLCJzdWIiOiJNbU0xTldZek5UVTJaVEJrT1dVek9EUTNNV1U1TkRBek56TTNNMkU0TXpBPSIsImlhdCI6MTc4OTc1OTAwMSwiZXhwIjoxNzg5NzYyNjAxfQ.wcMFPBhJXdB-4oZ-7P7A-UeG94NgQoVMn_MmgXhSmcJms7ZIOoWjuR_1mUNdHMSDZawSS3RK1njkdOxnaYMmYjudocFzPFdXMJnOE
8uDaNzxaRJQAMhCWs1ygAdjDx4IDrR66zytOTxHTGPDX2Tp8r0eaRvytHSps3P7adlbLj4iYZp0SqDgi3XkO32CJl2gD37Ugl3zvswcPOS76BcCMFKfdZz-4svcgDmEvO_o35bG4lN2xRkucMeFL0Cbg6r74JP2jhyD5G2omVaKXkAfXwgtnZV34aV4kDC4YOsZSDQllDw75cO3okZj_NxKfSSHHm6W0jpIFnHPceikrcj_xQ"},"body":{"Tx
4Nv7BdL1":"019f429c-d9f6-775d-b222-08bdf67c7049","Ld9Xp6QrM2":"mu7cashurfzoxw80v1b"}},"resultado":{"fechaRespuesta":"2026-09-18 14:16:43,250","ok":true,"status":200,"statusText":"OK","headers":{},"data":{"Na7Xk3PmR8":"g3fN5k9OKv1VATfAla0DjipsKPNo","Ws6Pk9
QmT4":"https://internal-apigee-prod-alb01-1366664713.us-east-1.elb.amazonaws.com:8081","Qt4Lb9WsC2":1789758903104,"Vh8Jn5DyM1":3599,"Zm7Qx4LpK8":1789759003110,"Kb3Rw7NmQ5":1789762502104,"Py8Tk4VmN7":-904}}}
18-09-2026 13:16:44||BIG|info|{"peticionID":"mu7cashurfzoxw80v1b","tiempoEjecucion":"337ms","peticion":{"fechaPeticion":"2026-09-18 14:16:44,018","method":"POST","url":"https://internal-apigee-prod-alb01-1366664713.us-east-1.elb.amazonaws.com:8081/captaci
on/productos/circulo-azteca/gestion-turnos/v1/turnos/busquedas","headers":{"Authorization":"Bearer g3fN5k9OKv1VATfAla0DjipsKPNo","Content-Type":"application/json"},"body":{"idSucursal":"10043","numeroEmpleado":"38136","numeroPagina":1,"registrosPagina":20
}},"resultado":{"fechaRespuesta":"2026-09-18 14:16:44,355","ok":true,"status":200,"statusText":"","headers":{"access-control-allow-headers":"*","access-control-allow-methods":"OPTIONS,POST,GET,PUT,PATCH,DELETE","access-control-allow-origin":"*","cf-cache-
status":"DYNAMIC","cf-ray":"a3d2afd07cb0a6be-IAD","content-encoding":"gzip","content-type":"application/json; charset=UTF-8","date":"Fri, 18 Sep 2026 19:16:44 GMT","server":"cloudflare","x-amz-apigw-id":"D6MkfEXQIAMEXEw=","x-amzn-requestid":"b198c4d7-e47c
-48ed-9136-2d285d73d9b8","x-amzn-trace-id":"Root=1-6aad8e1c-6e374ba24fa2743949b03822"},"data":{"mensaje":"Operaci├│n exitosa","folio":"1809202613164480224852","resultado":[],"paginacion":{"totalPaginas":0,"totalRegistrosPorPagina":20,"totalRegistros":0,"p
agina":1,"ultimaPagina":true}}}}                                                                    
18-09-2026 13:16:44||BIG|info|{"peticionID":"mu7cau2urikyyvo5d8","tiempoEjecucion":"138ms","peticion":{"fechaPeticion":"2026-09-18 14:16:44,360","method":"POST","url":"https://internal-apigee-prod-alb01-1366664713.us-east-1.elb.amazonaws.com:8081/captacio
n/productos/circulo-azteca/gestion-turnos/v1/turnos/busquedas","headers":{"Authorization":"Bearer g3fN5k9OKv1VATfAla0DjipsKPNo","Content-Type":"application/json"},"body":{"idSucursal":"10043","numeroEmpleado":"","numeroPagina":1,"registrosPagina":20}},"re
sultado":{"fechaRespuesta":"2026-09-18 14:16:44,498","ok":true,"status":200,"statusText":"","headers":{"access-control-allow-headers":"*","access-control-allow-methods":"OPTIONS,POST,GET,PUT,PATCH,DELETE","access-control-allow-origin":"*","cf-cache-status
":"DYNAMIC","cf-ray":"a3d2afd19a3a172d-IAD","content-encoding":"gzip","content-type":"application/json; charset=UTF-8","date":"Fri, 18 Sep 2026 19:16:44 GMT","server":"cloudflare","x-amz-apigw-id":"D6MkhGQToAMELzQ=","x-amzn-requestid":"ca746d5e-ebc2-4f42-
a6a2-bf9f0f0fede8","x-amzn-trace-id":"Root=1-6aad8e1c-6a09c5f469e679bb02818e59"},"data":{"mensaje":"Operaci├│n exitosa","folio":"1809202613164479045438","resultado":[],"paginacion":{"totalPaginas":0,"totalRegistrosPorPagina":20,"totalRegistros":0,"pagina"
:1,"ultimaPagina":true}}}}                                                                          
18-09-2026 13:17:43||BIG|info|{"peticionID":"mu7cc2ougqenklxyx4t","tiempoEjecucion":"682ms","peticion":{"fechaPeticion":"2026-09-18 14:17:42,174","method":"POST","url":"https://parcial.redunica.com/seguridad-ru/Bx3Nw8RtY5/01/Jm5Qv8NcK6","headers":{"Conten
t-Type":"application/json","Ra8Km2QwP5":"eyJhbGciOiJSUzI1NiIsInR5cCI6IkpXVCJ9.eyJpc3MiOiJaVFJtTlRKaVkyWXpaVEZtT1dSaE1XUmtPVFF6TUdRell6VTNZakkwTkdNPSIsImF1ZCI6IlpXTXpNMlF4TkRZM04yRmhNbUZtWVRneU9XUmpOamt5TkdObVlUQmtPRGM9IiwianRpIjoiTmpFeFpqUTBZemxoTXpoaFpXU
TROekZpTjJFM1lXRmlaV1JrWm1aaE5ERT0iLCJzdWIiOiJNbU0xTldZek5UVTJaVEJrT1dVek9EUTNNV1U1TkRBek56TTNNMkU0TXpBPSIsImlhdCI6MTc4OTc1OTA2MSwiZXhwIjoxNzg5NzYyNjYxfQ.wIe6-hJCNElem0sNYejTp4twQaYWFZbSBJdmQtEMztga14_ae115JoEIEI0Wz2ocdL-xPwFvhOuJ0vNJ7zhrjgEGShVi6NOgnPSXJ
SKkAn3-Ng6JFOyuWgM39ZbP3e4JjLkzG0OSXv0VDwO0Jz5qO2DzdsapdISdvLB4wB9Yq6B-OA1f5aux1VAD_JncgYkgRLgej9VR-rYCjl-NhqJGw_hLwHoH1phh8IBGWXl9cdx7AFNILrcJZEN0CyrkiBKa6Hs6F6QTp73928sXWM-1PRu9u87qH58cpnXESAvRPmM63LqWLIhLRhgoKBfaICjuxd8JVlO6tmdLuZntrYZDeQ"},"body":{"Tx
4Nv7BdL1":"019f429c-d9f6-775d-b222-08bdf67c7049","Ld9Xp6QrM2":"mu7cc2ougqenklxyx4t"}},"resultado":{"fechaRespuesta":"2026-09-18 14:17:42,856","ok":true,"status":200,"statusText":"OK","headers":{},"data":{"Na7Xk3PmR8":"g3fN5k9OKv1VATfAla0DjipsKPNo","Ws6Pk9
QmT4":"https://internal-apigee-prod-alb01-1366664713.us-east-1.elb.amazonaws.com:8081","Qt4Lb9WsC2":1789758903104,"Vh8Jn5DyM1":3599,"Zm7Qx4LpK8":1789759062816,"Kb3Rw7NmQ5":1789762502104,"Py8Tk4VmN7":-43}}}
18-09-2026 13:17:44||BIG|info|{"peticionID":"mu7cc2ougqenklxyx4t","tiempoEjecucion":"538ms","peticion":{"fechaPeticion":"2026-09-18 14:17:42,863","method":"POST","url":"https://internal-apigee-prod-alb01-1366664713.us-east-1.elb.amazonaws.com:8081/captaci
on/productos/circulo-azteca/gestion-turnos/v1/turnos/busquedas","headers":{"Authorization":"Bearer g3fN5k9OKv1VATfAla0DjipsKPNo","Content-Type":"application/json"},"body":{"idSucursal":"10043","numeroEmpleado":"38136","numeroPagina":1,"registrosPagina":20
}},"resultado":{"fechaRespuesta":"2026-09-18 14:17:43,401","ok":true,"status":200,"statusText":"","headers":{"access-control-allow-headers":"*","access-control-allow-methods":"OPTIONS,POST,GET,PUT,PATCH,DELETE","access-control-allow-origin":"*","cf-cache-
status":"DYNAMIC","cf-ray":"a3d2b1407b9849a4-IAD","content-encoding":"gzip","content-type":"application/json; charset=UTF-8","date":"Fri, 18 Sep 2026 19:17:43 GMT","server":"cloudflare","x-amz-apigw-id":"D6MtsEeqoAMEKsA=","x-amzn-requestid":"4429c189-9f57
-4dcc-8a9c-cc837d844ea2","x-amzn-trace-id":"Root=1-6aad8e57-0406cf0b21e9fa3d4a88fda9"},"data":{"mensaje":"Operaci├│n exitosa","folio":"1809202613174365341443","resultado":[],"paginacion":{"totalPaginas":0,"totalRegistrosPorPagina":20,"totalRegistros":0,"p
agina":1,"ultimaPagina":true}}}}                                                                    
18-09-2026 13:17:44||BIG|info|{"peticionID":"mu7cc41xa55hardt7oo","tiempoEjecucion":"133ms","peticion":{"fechaPeticion":"2026-09-18 14:17:43,945","method":"POST","url":"https://internal-apigee-prod-alb01-1366664713.us-east-1.elb.amazonaws.com:8081/captaci
on/productos/circulo-azteca/gestion-turnos/v1/turnos/busquedas","headers":{"Authorization":"Bearer g3fN5k9OKv1VATfAla0DjipsKPNo","Content-Type":"application/json"},"body":{"idSucursal":"10043","numeroEmpleado":"","numeroPagina":1,"registrosPagina":20}},"r
esultado":{"fechaRespuesta":"2026-09-18 14:17:44,078","ok":true,"status":200,"statusText":"","headers":{"access-control-allow-headers":"*","access-control-allow-methods":"OPTIONS,POST,GET,PUT,PATCH,DELETE","access-control-allow-origin":"*","cf-cache-statu
s":"DYNAMIC","cf-ray":"a3d2b1460c9ef26c-IAD","content-encoding":"gzip","content-type":"application/json; charset=UTF-8","date":"Fri, 18 Sep 2026 19:17:44 GMT","server":"cloudflare","x-amz-apigw-id":"D6Mt1FR8IAMECMw=","x-amzn-requestid":"79cfb962-b88b-4035
-8efb-f591b57ec2bf","x-amzn-trace-id":"Root=1-6aad8e57-4e54091113ca5485622130bc"},"data":{"mensaje":"Operaci├│n exitosa","folio":"1809202613174418285035","resultado":[],"paginacion":{"totalPaginas":0,"totalRegistrosPorPagina":20,"totalRegistros":0,"pagina
":1,"ultimaPagina":true}}}}                                                                         
18-09-2026 13:31:40||BIG|info|{"peticionID":"mu7cu14qwxa4h06dk1h","tiempoEjecucion":"53ms","peticion":{"fechaPeticion":"2026-09-18 14:31:39,972","method":"POST","url":"https://sac.redunica.com/seguridad-ru/Bx3Nw8RtY5/01/Jm5Qv8NcK6","headers":{"Content-Typ
e":"application/json","Ra8Km2QwP5":"eyJhbGciOiJSUzI1NiIsInR5cCI6IkpXVCJ9.eyJpc3MiOiJaVFJtTlRKaVkyWXpaVEZtT1dSaE1XUmtPVFF6TUdRell6VTNZakkwTkdNPSIsImF1ZCI6IllUUXhZMkl5WW1VMU16RXlNMlptWWpOaE1qbGtZMkZqTnpsaFltSTNZelk9IiwianRpIjoiTXpabU56QmlORE13T1RWallqbGlZVE
01TkRCbFlUVTBaVGhtTURJMU56az0iLCJzdWIiOiJaR1JsTnpVNFlUSm1ZV001TVdZelpUWmxNR1UwTnpGallXUTROR1ZpTW1ZPSIsImlhdCI6MTc4OTc1OTg5NSwiZXhwIjoxNzg5NzYzNDk1fQ.T8qhpdp3CHV1NjBeM0krUrJxXyfxcroECkn_M3I63VJzKdVsCm_ZgUiUrKS-N9en1ga5oRXoR7qpXBSG7XZbGR7lrAV7nH6Py6-279GmDJ
XvswuPFE9EzxDqrz16YvhbYG4SWdJtzw9lp09VUrO5U8Ib--3JiN3-ssqWY71lFHOEUWsfltXBdE7PCuZFgueu9bw8qyUDDoNWOfnAWhxECE5bOQMe85wyYdNPdlFKF8v_cYoUIbp-2p6tc5roykIJj9vjGlqbz9p1JcO1PHpR1XI4CeJFG0qX3Dac4LBwx4583gH59gTpRupst1KjgFlMhoQrOf9acMNGVQ3s9b73Eg"},"body":{"Tx4Nv7B
dL1":"019f429c-d9f6-775d-b222-08bdf67c7049","Ld9Xp6QrM2":"mu7cu14qwxa4h06dk1h"}},"resultado":{"fechaRespuesta":"2026-09-18 14:31:40,025","ok":true,"status":200,"statusText":"OK","headers":{},"data":{"Na7Xk3PmR8":"1OfCbVkuEesx179NVnwewI0PGQmA","Ws6Pk9QmT4"
:"https://internal-apigee-prod-alb01-1366664713.us-east-1.elb.amazonaws.com:8081","Qt4Lb9WsC2":1789758110211,"Vh8Jn5DyM1":3599,"Zm7Qx4LpK8":1789759900025,"Kb3Rw7NmQ5":1789761709211,"Py8Tk4VmN7":-7}}}
18-09-2026 13:31:40||BIG|info|{"peticionID":"mu7cu14qwxa4h06dk1h","tiempoEjecucion":"378ms","peticion":{"fechaPeticion":"2026-09-18 14:31:40,038","method":"POST","url":"https://internal-apigee-prod-alb01-1366664713.us-east-1.elb.amazonaws.com:8081/captaci
on/productos/circulo-azteca/gestion-turnos/v1/turnos/busquedas","headers":{"Authorization":"Bearer 1OfCbVkuEesx179NVnwewI0PGQmA","Content-Type":"application/json"},"body":{"idSucursal":"10043","numeroEmpleado":"978348","numeroPagina":1,"registrosPagina":2
0}},"resultado":{"fechaRespuesta":"2026-09-18 14:31:40,416","ok":true,"status":200,"statusText":"","headers":{"access-control-allow-headers":"*","access-control-allow-methods":"OPTIONS,POST,GET,PUT,PATCH,DELETE","access-control-allow-origin":"*","cf-cache
-status":"DYNAMIC","cf-ray":"a3d2c5b099a84649-IAD","content-encoding":"gzip","content-type":"application/json; charset=UTF-8","date":"Fri, 18 Sep 2026 19:31:40 GMT","server":"cloudflare","x-amz-apigw-id":"D6OwfHN7IAMEsJA=","x-amzn-requestid":"88f26942-a11
c-4d46-b10d-0cfa6f685d4f","x-amzn-trace-id":"Root=1-6aad919c-57e25d787c0bae0d320aa5bb"},"data":{"mensaje":"Operaci├│n exitosa","folio":"1809202613314087253851","resultado":[],"paginacion":{"totalPaginas":0,"totalRegistrosPorPagina":20,"totalRegistros":0,"
pagina":1,"ultimaPagina":true}}}}                                                                   
18-09-2026 13:31:40||BIG|info|{"peticionID":"mu7cu1k0cy01h0vovaq","tiempoEjecucion":"218ms","peticion":{"fechaPeticion":"2026-09-18 14:31:40,515","method":"POST","url":"https://internal-apigee-prod-alb01-1366664713.us-east-1.elb.amazonaws.com:8081/captaci
on/productos/circulo-azteca/gestion-turnos/v1/turnos/busquedas","headers":{"Authorization":"Bearer 1OfCbVkuEesx179NVnwewI0PGQmA","Content-Type":"application/json"},"body":{"idSucursal":"10043","numeroEmpleado":"","numeroPagina":1,"registrosPagina":20}},"r
esultado":{"fechaRespuesta":"2026-09-18 14:31:40,733","ok":true,"status":200,"statusText":"","headers":{"access-control-allow-headers":"*","access-control-allow-methods":"OPTIONS,POST,GET,PUT,PATCH,DELETE","access-control-allow-origin":"*","cf-cache-statu
s":"DYNAMIC","cf-ray":"a3d2c5b29a12916d-IAD","content-encoding":"gzip","content-type":"application/json; charset=UTF-8","date":"Fri, 18 Sep 2026 19:31:40 GMT","server":"cloudflare","x-amz-apigw-id":"D6OwiH_SIAMEZlg=","x-amzn-requestid":"9ebe4ce8-0714-4f11
-90cb-7cca07a49e1f","x-amzn-trace-id":"Root=1-6aad919c-55a77f2f669345d10d8a21e7"},"data":{"mensaje":"Operaci├│n exitosa","folio":"1809202613314055695951","resultado":[],"paginacion":{"totalPaginas":0,"totalRegistrosPorPagina":20,"totalRegistros":0,"pagina
":1,"ultimaPagina":true}}}}                                                                         
18-09-2026 13:44:19||BIG|info|{"peticionID":"mu7daa7k4cdcldmtza4","tiempoEjecucion":"413ms","peticion":{"fechaPeticion":"2026-09-18 14:44:18,225","method":"POST","url":"https://sac.redunica.com/seguridad-ru/Bx3Nw8RtY5/01/Jm5Qv8NcK6","headers":{"Content-Ty
pe":"application/json","Ra8Km2QwP5":"eyJhbGciOiJSUzI1NiIsInR5cCI6IkpXVCJ9.eyJpc3MiOiJaVFJtTlRKaVkyWXpaVEZtT1dSaE1XUmtPVFF6TUdRell6VTNZakkwTkdNPSIsImF1ZCI6IllUUXhZMkl5WW1VMU16RXlNMlptWWpOaE1qbGtZMkZqTnpsaFltSTNZelk9IiwianRpIjoiTXpabU56QmlORE13T1RWallqbGlZV
E01TkRCbFlUVTBaVGhtTURJMU56az0iLCJzdWIiOiJaR1JsTnpVNFlUSm1ZV001TVdZelpUWmxNR1UwTnpGallXUTROR1ZpTW1ZPSIsImlhdCI6MTc4OTc2MDY1MiwiZXhwIjoxNzg5NzY0MjUyfQ.JobBBbPQpUB46xugyaapjxN-J3NKFBKlpA682m0vm9LkVNVmH7ggNBGilBi1J2H78ggzqdjBLx5FyBybzbj0JGqCq7jz90NiVoSIBj_j8
trqDIlZzCQL_oNhIQvsYwqg-mBpiQ6mRJRwdpZpK288VKweZji5sRLUBiXinBnEIW98jBRVR__vIY0QDcKyF1vCN7MjeM5xV1BtzSZtCQ7w4NNwt00n9VjJ_2s4BsVJwJSkeCOj2Q9LuAIAxdnWIoruZpVxoYFfmx-xFDn6FNppS9gX31P67hXrRL5wrEfdeiUILWx19BpSJ8uTrkmOsWpF5clxXlPOOVjWjNGBazOJCw"},"body":{"Tx4Nv7
BdL1":"019f429c-d9f6-775d-b222-08bdf67c7049","Ld9Xp6QrM2":"mu7daa7k4cdcldmtza4"}},"resultado":{"fechaRespuesta":"2026-09-18 14:44:18,638","ok":true,"status":200,"statusText":"OK","headers":{},"data":{"Na7Xk3PmR8":"qvAziIvks6GyVZGjVTG7TlXfTpG3","Ws6Pk9QmT4
":"https://internal-apigee-prod-alb01-1366664713.us-east-1.elb.amazonaws.com:8081","Qt4Lb9WsC2":1789758076546,"Vh8Jn5DyM1":3599,"Zm7Qx4LpK8":1789760658309,"Kb3Rw7NmQ5":1789761675546,"Py8Tk4VmN7":-521}}}
18-09-2026 13:44:19||BIG|info|{"peticionID":"mu7daa7k4cdcldmtza4","tiempoEjecucion":"290ms","peticion":{"fechaPeticion":"2026-09-18 14:44:18,834","method":"POST","url":"https://internal-apigee-prod-alb01-1366664713.us-east-1.elb.amazonaws.com:8081/captaci
on/productos/circulo-azteca/gestion-turnos/v1/turnos/busquedas","headers":{"Authorization":"Bearer qvAziIvks6GyVZGjVTG7TlXfTpG3","Content-Type":"application/json"},"body":{"idSucursal":"10043","numeroEmpleado":"978348","numeroPagina":1,"registrosPagina":2
0}},"resultado":{"fechaRespuesta":"2026-09-18 14:44:19,124","ok":true,"status":200,"statusText":"","headers":{"access-control-allow-headers":"*","access-control-allow-methods":"OPTIONS,POST,GET,PUT,PATCH,DELETE","access-control-allow-origin":"*","cf-cache
-status":"DYNAMIC","cf-ray":"a3d2d8372829c97b-IAD","content-encoding":"gzip","content-type":"application/json; charset=UTF-8","date":"Fri, 18 Sep 2026 19:44:19 GMT","server":"cloudflare","x-amz-apigw-id":"D6QnDFGaIAMEsZw=","x-amzn-requestid":"7687cdaf-345
f-4fca-b691-43f4483e6915","x-amzn-trace-id":"Root=1-6aad9493-32f31e1220ff2a6e41835d07"},"data":{"mensaje":"Operaci├│n exitosa","folio":"1809202613441979725605","resultado":[],"paginacion":{"totalPaginas":0,"totalRegistrosPorPagina":20,"totalRegistros":0,"
pagina":1,"ultimaPagina":true}}}}                                                                   
18-09-2026 13:44:19||BIG|info|{"peticionID":"mu7daawo5jkxh9qwrib","tiempoEjecucion":"268ms","peticion":{"fechaPeticion":"2026-09-18 14:44:19,130","method":"POST","url":"https://internal-apigee-prod-alb01-1366664713.us-east-1.elb.amazonaws.com:8081/captaci
on/productos/circulo-azteca/gestion-turnos/v1/turnos/busquedas","headers":{"Authorization":"Bearer qvAziIvks6GyVZGjVTG7TlXfTpG3","Content-Type":"application/json"},"body":{"idSucursal":"10043","numeroEmpleado":"","numeroPagina":1,"registrosPagina":20}},"r
esultado":{"fechaRespuesta":"2026-09-18 14:44:19,398","ok":true,"status":200,"statusText":"","headers":{"access-control-allow-headers":"*","access-control-allow-methods":"OPTIONS,POST,GET,PUT,PATCH,DELETE","access-control-allow-origin":"*","cf-cache-statu
s":"DYNAMIC","cf-ray":"a3d2d838195ce5e9-IAD","content-encoding":"gzip","content-type":"application/json; charset=UTF-8","date":"Fri, 18 Sep 2026 19:44:19 GMT","server":"cloudflare","x-amz-apigw-id":"D6QnFFNKoAMEHZg=","x-amzn-requestid":"20d1fea2-2319-46b0
-a7e0-82bc0aebdf80","x-amzn-trace-id":"Root=1-6aad9493-5691141a5d176ae1175c4713"},"data":{"mensaje":"Operaci├│n exitosa","folio":"1809202613441971303349","resultado":[],"paginacion":{"totalPaginas":0,"totalRegistrosPorPagina":20,"totalRegistros":0,"pagina
":1,"ultimaPagina":true}}}}                                                                         
18-09-2026 13:48:22||BIG|info|{"peticionID":"mu7dfijyfsl8euxlk7b","tiempoEjecucion":"251ms","peticion":{"fechaPeticion":"2026-09-18 14:48:22,322","method":"POST","url":"https://sac.redunica.com/seguridad-ru/Bx3Nw8RtY5/01/Jm5Qv8NcK6","headers":{"Content-Ty
pe":"application/json","Ra8Km2QwP5":"eyJhbGciOiJSUzI1NiIsInR5cCI6IkpXVCJ9.eyJpc3MiOiJaVFJtTlRKaVkyWXpaVEZtT1dSaE1XUmtPVFF6TUdRell6VTNZakkwTkdNPSIsImF1ZCI6IllUUXhZMkl5WW1VMU16RXlNMlptWWpOaE1qbGtZMkZqTnpsaFltSTNZelk9IiwianRpIjoiTXpabU56QmlORE13T1RWallqbGlZV
E01TkRCbFlUVTBaVGhtTURJMU56az0iLCJzdWIiOiJaR1JsTnpVNFlUSm1ZV001TVdZelpUWmxNR1UwTnpGallXUTROR1ZpTW1ZPSIsImlhdCI6MTc4OTc2MDg5OSwiZXhwIjoxNzg5NzY0NDk5fQ.0dlOfoM027hm8VWkXT5LWF-DIshHxngn0OJ-X4MLanQnYSmo5A0yrey2t6ME5Q8xkLZuhW7Uxa_qt5JVoqHWCyqbFJMD8mwLiC06quVAK
nCyYolBuU9fG2_0fneWtgq5QNEPGG364LqXa52XchJV15i1VxCffrtqHTEpIRRV1AMFrpKKaWb9kd0EyBFGqwqe01W5R3zQe0Bm6taFiSAtuhjtZe-EAJ89B5buTfGme_DWc2aF44HPpBNGnFn8uJsc3gyWL028zuzcPsCghnIbZ-97uzP3ObpFLNKP5MJRvkT7UYQt1S0jW1Frzmyb-_Mtt53C-pgzkYMEm9wh6La7AQ"},"body":{"Tx4Nv7
BdL1":"019f429c-d9f6-775d-b222-08bdf67c7049","Ld9Xp6QrM2":"mu7dfijyfsl8euxlk7b"}},"resultado":{"fechaRespuesta":"2026-09-18 14:48:22,573","ok":true,"status":200,"statusText":"OK","headers":{},"data":{"Na7Xk3PmR8":"qvAziIvks6GyVZGjVTG7TlXfTpG3","Ws6Pk9QmT4
":"https://internal-apigee-prod-alb01-1366664713.us-east-1.elb.amazonaws.com:8081","Qt4Lb9WsC2":1789758076546,"Vh8Jn5DyM1":3599,"Zm7Qx4LpK8":1789760902370,"Kb3Rw7NmQ5":1789761675546,"Py8Tk4VmN7":-219}}}
18-09-2026 13:48:23||BIG|info|{"peticionID":"mu7dfijyfsl8euxlk7b","tiempoEjecucion":"1158ms","peticion":{"fechaPeticion":"2026-09-18 14:48:22,596","method":"POST","url":"https://internal-apigee-prod-alb01-1366664713.us-east-1.elb.amazonaws.com:8081/captac
ion/productos/circulo-azteca/gestion-turnos/v1/turnos/busquedas","headers":{"Authorization":"Bearer qvAziIvks6GyVZGjVTG7TlXfTpG3","Content-Type":"application/json"},"body":{"idSucursal":"10043","numeroEmpleado":"978348","numeroPagina":1,"registrosPagina":
20}},"resultado":{"fechaRespuesta":"2026-09-18 14:48:23,754","ok":true,"status":200,"statusText":"","headers":{"access-control-allow-headers":"*","access-control-allow-methods":"OPTIONS,POST,GET,PUT,PATCH,DELETE","access-control-allow-origin":"*","cf-cach
e-status":"DYNAMIC","cf-ray":"a3d2de2ab9d5e3c4-IAD","content-encoding":"gzip","content-type":"application/json; charset=UTF-8","date":"Fri, 18 Sep 2026 19:48:22 GMT","server":"cloudflare","x-amz-apigw-id":"D6RNJExsoAMEl7A=","x-amzn-requestid":"5740afcd-0a
a9-468c-a27e-54f037505a9a","x-amzn-trace-id":"Root=1-6aad9586-465763a82788dd201e7a46ba"},"data":{"mensaje":"Operaci├│n exitosa","folio":"1809202613482230471332","resultado":[],"paginacion":{"totalPaginas":0,"totalRegistrosPorPagina":20,"totalRegistros":0,
"pagina":1,"ultimaPagina":true}}}}                                                                  
18-09-2026 13:48:24||BIG|info|{"peticionID":"mu7dfjq15410d7hq3kk","tiempoEjecucion":"158ms","peticion":{"fechaPeticion":"2026-09-18 14:48:23,835","method":"POST","url":"https://internal-apigee-prod-alb01-1366664713.us-east-1.elb.amazonaws.com:8081/captaci
on/productos/circulo-azteca/gestion-turnos/v1/turnos/busquedas","headers":{"Authorization":"Bearer qvAziIvks6GyVZGjVTG7TlXfTpG3","Content-Type":"application/json"},"body":{"idSucursal":"10043","numeroEmpleado":"","numeroPagina":1,"registrosPagina":20}},"r
esultado":{"fechaRespuesta":"2026-09-18 14:48:23,993","ok":true,"status":200,"statusText":"","headers":{"access-control-allow-headers":"*","access-control-allow-methods":"OPTIONS,POST,GET,PUT,PATCH,DELETE","access-control-allow-origin":"*","cf-cache-statu
s":"DYNAMIC","cf-ray":"a3d2de31895bf9a7-IAD","content-encoding":"gzip","content-type":"application/json; charset=UTF-8","date":"Fri, 18 Sep 2026 19:48:23 GMT","server":"cloudflare","x-amz-apigw-id":"D6RNUFjRIAMEk-A=","x-amzn-requestid":"ced0f41a-b4a6-4877
-95ca-388124fdeaf9","x-amzn-trace-id":"Root=1-6aad9587-3152ecdd01574f5e4e1d41d4"},"data":{"mensaje":"Operaci├│n exitosa","folio":"1809202613482359324339","resultado":[],"paginacion":{"totalPaginas":0,"totalRegistrosPorPagina":20,"totalRegistros":0,"pagina
":1,"ultimaPagina":true}}}}                                                                         
18-09-2026 14:07:05||BIG|info|{"peticionID":"mu7e3k9g53wxplp4bhe","tiempoEjecucion":"280ms","peticion":{"fechaPeticion":"2026-09-18 15:07:04,277","method":"POST","url":"https://sac.redunica.com/seguridad-ru/Bx3Nw8RtY5/01/Jm5Qv8NcK6","headers":{"Content-Ty
pe":"application/json","Ra8Km2QwP5":"eyJhbGciOiJSUzI1NiIsInR5cCI6IkpXVCJ9.eyJpc3MiOiJaVFJtTlRKaVkyWXpaVEZtT1dSaE1XUmtPVFF6TUdRell6VTNZakkwTkdNPSIsImF1ZCI6IllUUXhZMkl5WW1VMU16RXlNMlptWWpOaE1qbGtZMkZqTnpsaFltSTNZelk9IiwianRpIjoiTXpabU56QmlORE13T1RWallqbGlZV
E01TkRCbFlUVTBaVGhtTURJMU56az0iLCJzdWIiOiJaR1JsTnpVNFlUSm1ZV001TVdZelpUWmxNR1UwTnpGallXUTROR1ZpTW1ZPSIsImlhdCI6MTc4OTc2MjAyMSwiZXhwIjoxNzg5NzY1NjIxfQ.YblkDB8PdgYZRGZ7e5FZ_h-sTGsk3r1FvEiCu7m-F4jtriYLKLNd5jcMbuNdwvarLuwvJcErpJoY_iOcUE2UbJ4Q9UTGTmIeGZg9bDeZO
Mr0_MD4DffPC69yfp0tCy4nOMOiSLdUrzILyfpUFEWHFP3d0sM4CJdL3iHhCenByfkLU2uSO-QiSzISs4-b8jfAGrIELcvcz6qq5qQe5aEgQwD1NwtmIcEmY4IdMn71GT8OeDrt0hBNbGPMORnV6V8gktnfqxVpYtAnXUycuVOjsD_-vaaZYWwqieT03Yz98DTq-CKMXwbNvCg2MmpaFH6pA75AzhzUs8gGgtNtLsAw5g"},"body":{"Tx4Nv7
BdL1":"019f429c-d9f6-775d-b222-08bdf67c7049","Ld9Xp6QrM2":"mu7e3k9g53wxplp4bhe"}},"resultado":{"fechaRespuesta":"2026-09-18 15:07:04,557","ok":true,"status":200,"statusText":"OK","headers":{},"data":{"Na7Xk3PmR8":"PU5xTePBqxvdl1lmiT343q0OGmBc","Ws6Pk9QmT4
":"https://internal-apigee-prod-alb01-1366664713.us-east-1.elb.amazonaws.com:8081","Qt4Lb9WsC2":1789761478782,"Vh8Jn5DyM1":3599,"Zm7Qx4LpK8":1789762024347,"Kb3Rw7NmQ5":1789765077782,"Py8Tk4VmN7":-882}}}
18-09-2026 14:07:05||BIG|info|{"peticionID":"mu7e3k9g53wxplp4bhe","tiempoEjecucion":"367ms","peticion":{"fechaPeticion":"2026-09-18 15:07:05,235","method":"POST","url":"https://internal-apigee-prod-alb01-1366664713.us-east-1.elb.amazonaws.com:8081/captaci
on/productos/circulo-azteca/gestion-turnos/v1/turnos/busquedas","headers":{"Authorization":"Bearer PU5xTePBqxvdl1lmiT343q0OGmBc","Content-Type":"application/json"},"body":{"idSucursal":"10043","numeroEmpleado":"978348","numeroPagina":1,"registrosPagina":2
0}},"resultado":{"fechaRespuesta":"2026-09-18 15:07:05,602","ok":true,"status":200,"statusText":"","headers":{"access-control-allow-headers":"*","access-control-allow-methods":"OPTIONS,POST,GET,PUT,PATCH,DELETE","access-control-allow-origin":"*","cf-cache
-status":"DYNAMIC","cf-ray":"a3d2f9937cc5c06c-IAD","content-encoding":"gzip","content-type":"application/json; charset=UTF-8","date":"Fri, 18 Sep 2026 20:07:05 GMT","server":"cloudflare","x-amz-apigw-id":"D6T8kEAxoAMEsZw=","x-amzn-requestid":"bb5d879c-38f
d-47c9-8948-553818b1b014","x-amzn-trace-id":"Root=1-6aad99e9-09cd1e7442cc14da55b3717f"},"data":{"mensaje":"Operaci├│n exitosa","folio":"1809202614070556259368","resultado":[],"paginacion":{"totalPaginas":0,"totalRegistrosPorPagina":20,"totalRegistros":0,"
pagina":1,"ultimaPagina":true}}}}                                                                   
18-09-2026 14:07:05||BIG|info|{"peticionID":"mu7e3lai35ppuhia4e5","tiempoEjecucion":"127ms","peticion":{"fechaPeticion":"2026-09-18 15:07:05,613","method":"POST","url":"https://internal-apigee-prod-alb01-1366664713.us-east-1.elb.amazonaws.com:8081/captaci
on/productos/circulo-azteca/gestion-turnos/v1/turnos/busquedas","headers":{"Authorization":"Bearer PU5xTePBqxvdl1lmiT343q0OGmBc","Content-Type":"application/json"},"body":{"idSucursal":"10043","numeroEmpleado":"","numeroPagina":1,"registrosPagina":20}},"r
esultado":{"fechaRespuesta":"2026-09-18 15:07:05,740","ok":true,"status":200,"statusText":"","headers":{"access-control-allow-headers":"*","access-control-allow-methods":"OPTIONS,POST,GET,PUT,PATCH,DELETE","access-control-allow-origin":"*","cf-cache-statu
s":"DYNAMIC","cf-ray":"a3d2f994ba490e96-IAD","content-encoding":"gzip","content-type":"application/json; charset=UTF-8","date":"Fri, 18 Sep 2026 20:07:05 GMT","server":"cloudflare","x-amz-apigw-id":"D6T8mF3-IAMEKkQ=","x-amzn-requestid":"7206cfaf-a050-41bc
-a437-8abf796900f3","x-amzn-trace-id":"Root=1-6aad99e9-08911c3e5534be034eb5d353"},"data":{"mensaje":"Operaci├│n exitosa","folio":"1809202614070534781308","resultado":[],"paginacion":{"totalPaginas":0,"totalRegistrosPorPagina":20,"totalRegistros":0,"pagina
":1,"ultimaPagina":true}}}}                                                                         
18-09-2026 14:09:28||BIG|info|{"peticionID":"mu7e6nme0o72x1chih4","tiempoEjecucion":"21ms","peticion":{"fechaPeticion":"2026-09-18 15:09:28,598","method":"POST","url":"https://sac.redunica.com/seguridad-ru/Bx3Nw8RtY5/01/Jm5Qv8NcK6","headers":{"Content-Typ
e":"application/json","Ra8Km2QwP5":"eyJhbGciOiJSUzI1NiIsInR5cCI6IkpXVCJ9.eyJpc3MiOiJaVFJtTlRKaVkyWXpaVEZtT1dSaE1XUmtPVFF6TUdRell6VTNZakkwTkdNPSIsImF1ZCI6IllUUXhZMkl5WW1VMU16RXlNMlptWWpOaE1qbGtZMkZqTnpsaFltSTNZelk9IiwianRpIjoiTXpabU56QmlORE13T1RWallqbGlZVE
01TkRCbFlUVTBaVGhtTURJMU56az0iLCJzdWIiOiJaR1JsTnpVNFlUSm1ZV001TVdZelpUWmxNR1UwTnpGallXUTROR1ZpTW1ZPSIsImlhdCI6MTc4OTc2MjAyMSwiZXhwIjoxNzg5NzY1NjIxfQ.YblkDB8PdgYZRGZ7e5FZ_h-sTGsk3r1FvEiCu7m-F4jtriYLKLNd5jcMbuNdwvarLuwvJcErpJoY_iOcUE2UbJ4Q9UTGTmIeGZg9bDeZOM
r0_MD4DffPC69yfp0tCy4nOMOiSLdUrzILyfpUFEWHFP3d0sM4CJdL3iHhCenByfkLU2uSO-QiSzISs4-b8jfAGrIELcvcz6qq5qQe5aEgQwD1NwtmIcEmY4IdMn71GT8OeDrt0hBNbGPMORnV6V8gktnfqxVpYtAnXUycuVOjsD_-vaaZYWwqieT03Yz98DTq-CKMXwbNvCg2MmpaFH6pA75AzhzUs8gGgtNtLsAw5g"},"body":{"Tx4Nv7B
dL1":"019f429c-d9f3-72a9-aa44-b076bc04a026","Ld9Xp6QrM2":"mu7e6nme0o72x1chih4"}},"resultado":{"fechaRespuesta":"2026-09-18 15:09:28,619","ok":true,"status":200,"statusText":"OK","headers":{},"data":{"Na7Xk3PmR8":"ezGYQ5KCoMaq8ynoqZAAeGA9AAVA","Ws6Pk9QmT4"
:"https://prod-api.bancoazteca.com:8080","Qt4Lb9WsC2":1789759329151,"Vh8Jn5DyM1":3599,"Zm7Qx4LpK8":1789762168670,"Kb3Rw7NmQ5":1789762928151,"Py8Tk4VmN7":51}}}
18-09-2026 14:09:29||BIG|info|{"peticionID":"mu7e6nme0o72x1chih4","tiempoEjecucion":"97ms","peticion":{"fechaPeticion":"2026-09-18 15:09:28,621","method":"POST","url":"https://prod-api.bancoazteca.com:8080/identidad-digital/cliente-unico/clientes/gestion-
productos/v1/big/productos/busquedas","headers":{"Authorization":"Bearer ezGYQ5KCoMaq8ynoqZAAeGA9AAVA","Content-Type":"application/json"},"body":{"clienteUnico":{"idPais":1,"idCanal":1,"idSucursal":4624,"folio":81874}}},"resultado":{"fechaRespuesta":"2026
-09-18 15:09:28,718","ok":true,"status":200,"statusText":"OK","headers":{"access-control-allow-credentials":"true","access-control-allow-headers":"origin, content-type, accept, authorization","access-control-allow-methods":"GET, POST, PUT, DELETE, OPTIONS
, HEAD","access-control-allow-origin":"*","connection":"keep-alive","content-type":"application/json","date":"Fri, 18 Sep 2026 20:09:28 GMT","transfer-encoding":"chunked","x-powered-by":"Undertow/1"},"data":{"mensaje":"Operaci├│n Exitosa","folio":"ndcapir
oumessprod11-1180079-556107013-9-x28-26-9-18-14-9-28-697","resultado":{"productosCaptacion":[{"sucursalGestora":"4624","numeroCuenta":"1368268354","tipoProducto":"13","tipoSubProducto":"0017"}]}}}}
18-09-2026 14:09:57||BIG|info|{"peticionID":"mu7e79psun645fdpzd","tiempoEjecucion":"101ms","peticion":{"fechaPeticion":"2026-09-18 15:09:57,232","method":"POST","url":"https://prod-api.bancoazteca.com:8080/identidad-digital/cliente-unico/clientes/gestion-
productos/v1/big/productos/busquedas","headers":{"Authorization":"Bearer ezGYQ5KCoMaq8ynoqZAAeGA9AAVA","Content-Type":"application/json"},"body":{"clienteUnico":{"idPais":1,"idCanal":1,"idSucursal":4624,"folio":81874}}},"resultado":{"fechaRespuesta":"2026
-09-18 15:09:57,333","ok":true,"status":200,"statusText":"OK","headers":{"access-control-allow-credentials":"true","access-control-allow-headers":"origin, content-type, accept, authorization","access-control-allow-methods":"GET, POST, PUT, DELETE, OPTIONS
, HEAD","access-control-allow-origin":"*","connection":"keep-alive","content-type":"application/json","date":"Fri, 18 Sep 2026 20:09:57 GMT","transfer-encoding":"chunked"},"data":{"mensaje":"Operaci├│n Exitosa","folio":"ndcapiroumessprod06-925478-55590031
7-31-x50-26-9-18-14-9-57-307","resultado":{"productosCaptacion":[{"sucursalGestora":"4624","numeroCuenta":"1368268354","tipoProducto":"13","tipoSubProducto":"0017"}]}}}}
18-09-2026 14:19:03||BIG|info|{"peticionID":"mu7eiz2z2x8a7gxszua","tiempoEjecucion":"239ms","peticion":{"fechaPeticion":"2026-09-18 15:19:03,323","method":"POST","url":"https://sac.redunica.com/seguridad-ru/Bx3Nw8RtY5/01/Jm5Qv8NcK6","headers":{"Content-Ty
pe":"application/json","Ra8Km2QwP5":"eyJhbGciOiJSUzI1NiIsInR5cCI6IkpXVCJ9.eyJpc3MiOiJaVFJtTlRKaVkyWXpaVEZtT1dSaE1XUmtPVFF6TUdRell6VTNZakkwTkdNPSIsImF1ZCI6IllUUXhZMkl5WW1VMU16RXlNMlptWWpOaE1qbGtZMkZqTnpsaFltSTNZelk9IiwianRpIjoiTXpabU56QmlORE13T1RWallqbGlZV
E01TkRCbFlUVTBaVGhtTURJMU56az0iLCJzdWIiOiJaR1JsTnpVNFlUSm1ZV001TVdZelpUWmxNR1UwTnpGallXUTROR1ZpTW1ZPSIsImlhdCI6MTc4OTc2Mjc0MCwiZXhwIjoxNzg5NzY2MzQwfQ.USbKhd6CW70el_Ndn1lmrrrEpbs_y932CdqFreiZWSxJ6iMzNh0qSeTJTXbYuuxPRuUryCQBdJly5nQL_pAr-3WOnBvATYduRfM-PX3Iz
9WpBnYHZN8TQ_d9jETtZctOgIwU_8SHOHZhE98fBopyV8KBpOCQWXUGB5C9afJb7Ysq19NGkEFccRHj33DPR7tcHSKH7ygbYW8oENORNsDJ865S4ws-hD2zUjNOI6OuOpuHf4j-igALROb6BdlUi8UOcpqvWMq3zsCrtP98-D8ne-X9REZb1_pa-hgxrWmQFJ3T_I0svtvq41mnTri90UGmtwXvdSBm6OIV-HLcWwiDQQ"},"body":{"Tx4Nv7
BdL1":"019f429c-d9f6-775d-b222-08bdf67c7049","Ld9Xp6QrM2":"mu7eiz2z2x8a7gxszua"}},"resultado":{"fechaRespuesta":"2026-09-18 15:19:03,562","ok":true,"status":200,"statusText":"OK","headers":{},"data":{"Na7Xk3PmR8":"Wtpm5cledoIbGfh5OGROIu5WYHJr","Ws6Pk9QmT4
":"https://internal-apigee-prod-alb01-1366664713.us-east-1.elb.amazonaws.com:8081","Qt4Lb9WsC2":1789761410707,"Vh8Jn5DyM1":3599,"Zm7Qx4LpK8":1789762743417,"Kb3Rw7NmQ5":1789765009707,"Py8Tk4VmN7":-169}}}
18-09-2026 14:19:04||BIG|info|{"peticionID":"mu7eiz2z2x8a7gxszua","tiempoEjecucion":"939ms","peticion":{"fechaPeticion":"2026-09-18 15:19:03,593","method":"POST","url":"https://internal-apigee-prod-alb01-1366664713.us-east-1.elb.amazonaws.com:8081/captaci
on/productos/circulo-azteca/gestion-turnos/v1/turnos/busquedas","headers":{"Authorization":"Bearer Wtpm5cledoIbGfh5OGROIu5WYHJr","Content-Type":"application/json"},"body":{"idSucursal":"10043","numeroEmpleado":"978348","numeroPagina":1,"registrosPagina":2
0}},"resultado":{"fechaRespuesta":"2026-09-18 15:19:04,532","ok":true,"status":200,"statusText":"","headers":{"access-control-allow-headers":"*","access-control-allow-methods":"OPTIONS,POST,GET,PUT,PATCH,DELETE","access-control-allow-origin":"*","cf-cache
-status":"DYNAMIC","cf-ray":"a3d30b1d2d7370c5-IAD","content-encoding":"gzip","content-type":"application/json; charset=UTF-8","date":"Fri, 18 Sep 2026 20:19:03 GMT","server":"cloudflare","x-amz-apigw-id":"D6VszF6wIAMEGeA=","x-amzn-requestid":"4d7251ae-e7c
f-4f45-a09f-70a7cd5fe6d9","x-amzn-trace-id":"Root=1-6aad9cb7-276762f85bc861b80435b7e2"},"data":{"mensaje":"Operaci├│n exitosa","folio":"1809202614190323951322","resultado":[],"paginacion":{"totalPaginas":0,"totalRegistrosPorPagina":20,"totalRegistros":0,"
pagina":1,"ultimaPagina":true}}}}                                                                   
18-09-2026 14:19:05||BIG|info|{"peticionID":"mu7ej077hdpoiyloa3k","tiempoEjecucion":"138ms","peticion":{"fechaPeticion":"2026-09-18 15:19:04,773","method":"POST","url":"https://internal-apigee-prod-alb01-1366664713.us-east-1.elb.amazonaws.com:8081/captaci
on/productos/circulo-azteca/gestion-turnos/v1/turnos/busquedas","headers":{"Authorization":"Bearer Wtpm5cledoIbGfh5OGROIu5WYHJr","Content-Type":"application/json"},"body":{"idSucursal":"10043","numeroEmpleado":"","numeroPagina":1,"registrosPagina":20}},"r
esultado":{"fechaRespuesta":"2026-09-18 15:19:04,911","ok":true,"status":200,"statusText":"","headers":{"access-control-allow-headers":"*","access-control-allow-methods":"OPTIONS,POST,GET,PUT,PATCH,DELETE","access-control-allow-origin":"*","cf-cache-statu
s":"DYNAMIC","cf-ray":"a3d30b238bdcd629-IAD","content-encoding":"gzip","content-type":"application/json; charset=UTF-8","date":"Fri, 18 Sep 2026 20:19:04 GMT","server":"cloudflare","x-amz-apigw-id":"D6Vs9GGXIAMEDPQ=","x-amzn-requestid":"6ce54bc2-baa1-474d
-ab37-b9e3f5f0965c","x-amzn-trace-id":"Root=1-6aad9cb8-0c9ee8752368b4814add9aea"},"data":{"mensaje":"Operaci├│n exitosa","folio":"1809202614190450517042","resultado":[],"paginacion":{"totalPaginas":0,"totalRegistrosPorPagina":20,"totalRegistros":0,"pagina
":1,"ultimaPagina":true}}}}                                                                         

